,X,Unnamed..0,compound,data,start,stop,area,area_linkpoint,RNAi,Gene,Vial,ratio,ng_uL,ng
1,0,0,pBQ,./230312MZXML/RNAi 13_3122023_62.mzXML,4.045,4.085,350019,343957.74,RNAi,13,62,0.111347473,0.556737365,38.97161557
57,56,56,meBQ,./230312MZXML/RNAi 13_3122023_62.mzXML,4.685,4.75,230596,225758.8325,RNAi,13,62,0.073356823,0.366784116,25.67488812
113,112,112,C11:1,./230312MZXML/RNAi 13_3122023_62.mzXML,5.12,5.16,96294,93316.005,RNAi,13,62,0.002115447,0.010577235,0.740406427
169,168,168,C11,./230312MZXML/RNAi 13_3122023_62.mzXML,5.165,5.26,16734812,16701568.03,RNAi,13,62,0.367640837,1.838204184,128.6742929
225,224,224,dimeBQ,./230312MZXML/RNAi 13_3122023_62.mzXML,5.295,5.37,3143484,3128726.14,RNAi,13,62,1,5,350
281,280,280,memeOBQ,./230312MZXML/RNAi 13_3122023_62.mzXML,5.705,5.795,1895223,1888082.24,RNAi,13,62,0.602905248,3.014526239,211.0168367
337,336,336,ethyl decanoate,./230312MZXML/RNAi 13_3122023_62.mzXML,6.78,6.86,2156244,2146844.575,RNAi,13,62,0.047369719,0.236848597,16.57940179
393,392,392,isopropyl decanoate,./230312MZXML/RNAi 13_3122023_62.mzXML,6.935,7.015,77028,71419.985,RNAi,13,62,0.001692199,0.008460997,0.592269781
449,448,448,ethyl dodecanoate,./230312MZXML/RNAi 13_3122023_62.mzXML,7.71,7.815,824008,817230.0825,RNAi,13,62,0.018102324,0.090511621,6.335813438
505,504,504,isopropyl dodecanoate,./230312MZXML/RNAi 13_3122023_62.mzXML,7.84,7.93,166292,160933.76,RNAi,13,62,0.003653207,0.018266034,1.278622402
561,560,560,C18,./230312MZXML/RNAi 13_3122023_62.mzXML,8.575,8.655,45519459,45432520.65,RNAi,13,62,1,5,350
2,1,1,pBQ,./230312MZXML/RNAi 13_3122023_86.mzXML,4.045,4.085,431618,423626.03,RNAi,13,86,0.110469152,0.552345759,38.66420314
58,57,57,meBQ,./230312MZXML/RNAi 13_3122023_86.mzXML,4.685,4.75,383152,376183.63,RNAi,13,86,0.098064669,0.490323347,34.32263428
114,113,113,C11:1,./230312MZXML/RNAi 13_3122023_86.mzXML,5.12,5.16,185710,181070.0325,RNAi,13,86,0.002251453,0.011257265,0.788008542
170,169,169,C11,./230312MZXML/RNAi 13_3122023_86.mzXML,5.165,5.26,23229417,23204217.05,RNAi,13,86,0.281621561,1.408107803,98.56754623
226,225,225,dimeBQ,./230312MZXML/RNAi 13_3122023_86.mzXML,5.295,5.37,3907136,3891059.345,RNAi,13,86,1,5,350
282,281,281,memeOBQ,./230312MZXML/RNAi 13_3122023_86.mzXML,5.705,5.795,3220976,3212573.623,RNAi,13,86,0.824382873,4.121914364,288.5340055
338,337,337,ethyl decanoate,./230312MZXML/RNAi 13_3122023_86.mzXML,6.78,6.86,3407313,3394974.38,RNAi,13,86,0.041308519,0.206542593,14.45798152
394,393,393,isopropyl decanoate,./230312MZXML/RNAi 13_3122023_86.mzXML,6.935,7.015,89960,83101.89,RNAi,13,86,0.001090629,0.005453145,0.381720146
450,449,449,ethyl dodecanoate,./230312MZXML/RNAi 13_3122023_86.mzXML,7.71,7.815,1689560,1680911.58,RNAi,13,86,0.020483361,0.102416803,7.169176196
506,505,505,isopropyl dodecanoate,./230312MZXML/RNAi 13_3122023_86.mzXML,7.84,7.93,240235,233626.72,RNAi,13,86,0.002912486,0.014562431,1.019370158
562,561,561,C18,./230312MZXML/RNAi 13_3122023_86.mzXML,8.575,8.655,82484512,82333117.86,RNAi,13,86,1,5,350
3,2,2,pBQ,./230312MZXML/RNAi 13_3122023_46.mzXML,4.045,4.085,394511,387367.745,RNAi,13,46,0.124800151,0.624000757,43.68005297
59,58,58,meBQ,./230312MZXML/RNAi 13_3122023_46.mzXML,4.685,4.75,312162,306609.69,RNAi,13,46,0.098749756,0.493748778,34.56241447
115,114,114,C11:1,./230312MZXML/RNAi 13_3122023_46.mzXML,5.12,5.16,94985,91712.4825,RNAi,13,46,0.002084577,0.010422883,0.729601776
171,170,170,C11,./230312MZXML/RNAi 13_3122023_46.mzXML,5.165,5.26,6428284,6415275.085,RNAi,13,46,0.141077536,0.705387682,49.37713771
227,226,226,dimeBQ,./230312MZXML/RNAi 13_3122023_46.mzXML,5.295,5.37,3161142,3147734.76,RNAi,13,46,1,5,350
283,282,282,memeOBQ,./230312MZXML/RNAi 13_3122023_46.mzXML,5.705,5.795,1967219,1960523.508,RNAi,13,46,0.622312759,3.111563796,217.8094657
339,338,338,ethyl decanoate,./230312MZXML/RNAi 13_3122023_46.mzXML,6.78,6.86,1152538,1145281.485,RNAi,13,46,0.025294032,0.12647016,8.85291122
395,394,394,isopropyl decanoate,./230312MZXML/RNAi 13_3122023_46.mzXML,6.935,7.015,65486,60703.005,RNAi,13,46,0.00143718,0.007185902,0.503013128
451,450,450,ethyl dodecanoate,./230312MZXML/RNAi 13_3122023_46.mzXML,7.71,7.815,790027,784312.845,RNAi,13,46,0.017338229,0.086691147,6.068380298
507,506,506,isopropyl dodecanoate,./230312MZXML/RNAi 13_3122023_46.mzXML,7.84,7.93,105231,100643.76,RNAi,13,46,0.002309439,0.011547195,0.808303675
563,562,562,C18,./230312MZXML/RNAi 13_3122023_46.mzXML,8.575,8.655,45565610,45485760.27,RNAi,13,46,1,5,350
4,3,3,pBQ,./230312MZXML/GFP_3122023_15.mzXML,4.051666667,4.091608187,567560,559585.1625,GFP,GFP,15,0.183954033,0.919770164,64.38391151
60,59,59,meBQ,./230312MZXML/GFP_3122023_15.mzXML,4.690730994,4.755635965,1866594,1853311.2,GFP,GFP,15,0.604988889,3.024944447,211.7461113
116,115,115,C11:1,./230312MZXML/GFP_3122023_15.mzXML,5.125095029,5.16503655,352703,346120.62,GFP,GFP,15,0.009143902,0.045719508,3.200365577
172,171,171,C11,./230312MZXML/GFP_3122023_15.mzXML,5.17002924,5.264890351,15511919,15443350.95,GFP,GFP,15,0.402149859,2.010749295,140.7524506
228,227,227,dimeBQ,./230312MZXML/GFP_3122023_15.mzXML,5.299839181,5.374729532,3085336,3063841.555,GFP,GFP,15,1,5,350
284,283,283,memeOBQ,./230312MZXML/GFP_3122023_15.mzXML,5.709239766,5.799108187,1846134,1838877.253,GFP,GFP,15,0.598357521,2.991787604,209.4251323
340,339,339,ethyl decanoate,./230312MZXML/GFP_3122023_15.mzXML,6.782668129,6.86255117,1056434,1048293.8,GFP,GFP,15,0.02738828,0.136941401,9.585898072
396,395,395,isopropyl decanoate,./230312MZXML/GFP_3122023_15.mzXML,6.93744152,7.017324561,27637,22904.425,GFP,GFP,15,0.000716495,0.003582476,0.250773323
452,451,451,ethyl dodecanoate,./230312MZXML/GFP_3122023_15.mzXML,7.71130848,7.816154971,764099,758855,GFP,GFP,15,0.019809432,0.09904716,6.93330121
508,507,507,isopropyl dodecanoate,./230312MZXML/GFP_3122023_15.mzXML,7.841118421,7.930986842,128747,123830.3025,GFP,GFP,15,0.003337794,0.016688969,1.168227849
564,563,563,C18,./230312MZXML/GFP_3122023_15.mzXML,8.57504386,8.654926901,38572484,38505022.69,GFP,GFP,15,1,5,350
5,4,4,pBQ,./230312MZXML/GFP_3122023_17.mzXML,4.051666667,4.091608187,912858,900190.73,GFP,GFP,17,0.300569459,1.502847293,105.1993105
61,60,60,meBQ,./230312MZXML/GFP_3122023_17.mzXML,4.690730994,4.755635965,10599175,10513180.09,GFP,GFP,17,3.48990565,17.44952825,1221.466977
117,116,116,C11:1,./230312MZXML/GFP_3122023_17.mzXML,5.125095029,5.16503655,2664973,2621130.443,GFP,GFP,17,0.068172636,0.340863182,23.86042272
173,172,172,C11,./230312MZXML/GFP_3122023_17.mzXML,5.17002924,5.264890351,175569129,174887227.7,GFP,GFP,17,4.491231388,22.45615694,1571.930986
229,228,228,dimeBQ,./230312MZXML/GFP_3122023_17.mzXML,5.299839181,5.374729532,3037095,3018052.27,GFP,GFP,17,1,5,350
285,284,284,memeOBQ,./230312MZXML/GFP_3122023_17.mzXML,5.709239766,5.799108187,5290495,5271101.103,GFP,GFP,17,1.74195901,8.709795051,609.6856536
341,340,340,ethyl decanoate,./230312MZXML/GFP_3122023_17.mzXML,6.782668129,6.86255117,24392512,24326662.23,GFP,GFP,17,0.623984502,3.11992251,218.3945757
397,396,396,isopropyl decanoate,./230312MZXML/GFP_3122023_17.mzXML,6.93744152,7.017324561,2497755,2482480.8,GFP,GFP,17,0.063895035,0.319475175,22.36326228
453,452,452,ethyl dodecanoate,./230312MZXML/GFP_3122023_17.mzXML,7.71130848,7.816154971,3948711,3938751.7,GFP,GFP,17,0.10101192,0.505059599,35.35417195
509,508,508,isopropyl dodecanoate,./230312MZXML/GFP_3122023_17.mzXML,7.841118421,7.930986842,380584,375183.61,GFP,GFP,17,0.009735714,0.048678569,3.407499859
565,564,564,C18,./230312MZXML/GFP_3122023_17.mzXML,8.57504386,8.654926901,39091535,39019857.91,GFP,GFP,17,1,5,350
6,5,5,pBQ,./230312MZXML/RNAi 13_3122023_84.mzXML,4.051666667,4.091608187,522462,514076.875,RNAi,13,84,0.151066768,0.75533384,52.87336879
62,61,61,meBQ,./230312MZXML/RNAi 13_3122023_84.mzXML,4.690730994,4.755635965,527343,521328.39,RNAi,13,84,0.15247808,0.7623904,53.367328
118,117,117,C11:1,./230312MZXML/RNAi 13_3122023_84.mzXML,5.125095029,5.16503655,7383552,7264507.953,RNAi,13,84,0.10946885,0.547344251,38.31409758
174,173,173,C11,./230312MZXML/RNAi 13_3122023_84.mzXML,5.17002924,5.264890351,345962282,344426891.4,RNAi,13,84,5.129251238,25.64625619,1795.237933
230,229,229,dimeBQ,./230312MZXML/RNAi 13_3122023_84.mzXML,5.299839181,5.374729532,3458484,3440152.54,RNAi,13,84,1,5,350
286,285,285,memeOBQ,./230312MZXML/RNAi 13_3122023_84.mzXML,5.709239766,5.799108187,2675569,2665830.465,RNAi,13,84,0.773624802,3.86812401,270.7686807
342,341,341,ethyl decanoate,./230312MZXML/RNAi 13_3122023_84.mzXML,6.782668129,6.86255117,67963923,67794393.75,RNAi,13,84,1.00763596,5.0381798,352.672586
398,397,397,isopropyl decanoate,./230312MZXML/RNAi 13_3122023_84.mzXML,6.93744152,7.017324561,30378523,30303613.26,RNAi,13,84,0.45039325,2.251966252,157.6376376
454,453,453,ethyl dodecanoate,./230312MZXML/RNAi 13_3122023_84.mzXML,7.71130848,7.816154971,4546255,4532406.4,RNAi,13,84,0.067402966,0.337014832,23.59103826
510,509,509,isopropyl dodecanoate,./230312MZXML/RNAi 13_3122023_84.mzXML,7.841118421,7.930986842,1872465,1863791.005,RNAi,13,84,0.027761244,0.138806221,9.716435495
566,565,565,C18,./230312MZXML/RNAi 13_3122023_84.mzXML,8.57504386,8.654926901,67448886,67326715.53,RNAi,13,84,1,5,350
7,6,6,pBQ,./230312MZXML/RNAi 13_3122023_79.mzXML,4.051666667,4.091608187,479304,471804.445,RNAi,13,79,0.144786506,0.723932529,50.67527706
63,62,62,meBQ,./230312MZXML/RNAi 13_3122023_79.mzXML,4.690730994,4.755635965,285163,280154.56,RNAi,13,79,0.086141059,0.430705297,30.14937082
119,118,118,C11:1,./230312MZXML/RNAi 13_3122023_79.mzXML,5.125095029,5.16503655,249173,244713.16,RNAi,13,79,0.0041394,0.020697,1.448789999
175,174,174,C11,./230312MZXML/RNAi 13_3122023_79.mzXML,5.17002924,5.264890351,5803320,5773420.315,RNAi,13,79,0.096407969,0.482039844,33.74278905
231,230,230,dimeBQ,./230312MZXML/RNAi 13_3122023_79.mzXML,5.299839181,5.374729532,3310419,3293174.115,RNAi,13,79,1,5,350
287,286,286,memeOBQ,./230312MZXML/RNAi 13_3122023_79.mzXML,5.709239766,5.799108187,2314749,2306654.663,RNAi,13,79,0.699231427,3.496157133,244.7309993
343,342,342,ethyl decanoate,./230312MZXML/RNAi 13_3122023_79.mzXML,6.782668129,6.86255117,1632187,1621815.138,RNAi,13,79,0.027114795,0.135573976,9.490178317
399,398,398,isopropyl decanoate,./230312MZXML/RNAi 13_3122023_79.mzXML,6.93744152,7.017324561,60752,54887.7125,RNAi,13,79,0.001009246,0.005046229,0.353236065
455,454,454,ethyl dodecanoate,./230312MZXML/RNAi 13_3122023_79.mzXML,7.71130848,7.816154971,1059204,1051798.9,RNAi,13,79,0.017596084,0.08798042,6.158629394
511,510,510,isopropyl dodecanoate,./230312MZXML/RNAi 13_3122023_79.mzXML,7.841118421,7.930986842,164585,158908.0625,RNAi,13,79,0.002734177,0.013670886,0.956962038
567,566,566,C18,./230312MZXML/RNAi 13_3122023_79.mzXML,8.57504386,8.654926901,60195439,60087836.96,RNAi,13,79,1,5,350
8,7,7,pBQ,./230312MZXML/RNAi 13_3122023_60.mzXML,4.051666667,4.091608187,465019,458189.52,RNAi,13,60,0.145355685,0.726778424,50.87448971
64,63,63,meBQ,./230312MZXML/RNAi 13_3122023_60.mzXML,4.690730994,4.755635965,304535,299170.52,RNAi,13,60,0.09519158,0.475957902,33.31705312
120,119,119,C11:1,./230312MZXML/RNAi 13_3122023_60.mzXML,5.125095029,5.16503655,3060464,3012184.475,RNAi,13,60,0.062991563,0.314957816,22.04704715
176,175,175,C11,./230312MZXML/RNAi 13_3122023_60.mzXML,5.17002924,5.264890351,251345207,250463676.3,RNAi,13,60,5.173276835,25.86638417,1810.646892
232,231,231,dimeBQ,./230312MZXML/RNAi 13_3122023_60.mzXML,5.299839181,5.374729532,3199180,3182005.815,RNAi,13,60,1,5,350
288,287,287,memeOBQ,./230312MZXML/RNAi 13_3122023_60.mzXML,5.709239766,5.799108187,2048230,2039875.138,RNAi,13,60,0.640235935,3.201179677,224.0825774
344,343,343,ethyl decanoate,./230312MZXML/RNAi 13_3122023_60.mzXML,6.782668129,6.86255117,48341148,48227487.98,RNAi,13,60,0.994974776,4.974873882,348.2411717
400,399,399,isopropyl decanoate,./230312MZXML/RNAi 13_3122023_60.mzXML,6.93744152,7.017324561,6893764,6869586.175,RNAi,13,60,0.141889913,0.709449566,49.66146962
456,455,455,ethyl dodecanoate,./230312MZXML/RNAi 13_3122023_60.mzXML,7.71130848,7.816154971,5997655,5984933.35,RNAi,13,60,0.123445878,0.617229388,43.20605718
512,511,511,isopropyl dodecanoate,./230312MZXML/RNAi 13_3122023_60.mzXML,7.841118421,7.930986842,643680,637176.905,RNAi,13,60,0.013248452,0.066242258,4.636958092
568,567,567,C18,./230312MZXML/RNAi 13_3122023_60.mzXML,8.57504386,8.654926901,48585300,48515242.88,RNAi,13,60,1,5,350
9,8,8,pBQ,./230312MZXML/GFP_3122023_13.mzXML,4.045,4.085,1747477,1733107.085,GFP,GFP,13,0.565402295,2.827011475,197.8908033
65,64,64,meBQ,./230312MZXML/GFP_3122023_13.mzXML,4.685,4.75,9320387,9307398.74,GFP,GFP,13,3.015643812,15.07821906,1055.475334
121,120,120,C11:1,./230312MZXML/GFP_3122023_13.mzXML,5.12,5.16,1098143,1091680.81,GFP,GFP,13,0.028278179,0.141390897,9.897362803
177,176,176,C11,./230312MZXML/GFP_3122023_13.mzXML,5.165,5.26,260346407,260180818.4,GFP,GFP,13,6.704156392,33.52078196,2346.454737
233,232,232,dimeBQ,./230312MZXML/GFP_3122023_13.mzXML,5.295,5.37,3090679,3076662.865,GFP,GFP,13,1,5,350
289,288,288,memeOBQ,./230312MZXML/GFP_3122023_13.mzXML,5.705,5.795,4288021,4276117.26,GFP,GFP,13,1.387404192,6.937020959,485.5914671
345,344,344,ethyl decanoate,./230312MZXML/GFP_3122023_13.mzXML,6.78,6.86,43846580,43734238.37,GFP,GFP,13,1.129089251,5.645446253,395.1812377
401,400,400,isopropyl decanoate,./230312MZXML/GFP_3122023_13.mzXML,6.935,7.015,3087880,3067647.445,GFP,GFP,13,0.079515714,0.39757857,27.8304999
457,456,456,ethyl dodecanoate,./230312MZXML/GFP_3122023_13.mzXML,7.71,7.815,4577184,4566590.598,GFP,GFP,13,0.117866644,0.589333222,41.25332554
513,512,512,isopropyl dodecanoate,./230312MZXML/GFP_3122023_13.mzXML,7.84,7.93,341186,336099.92,GFP,GFP,13,0.008785849,0.043929247,3.075047262
569,568,568,C18,./230312MZXML/GFP_3122023_13.mzXML,8.575,8.655,38833582,38758605.88,GFP,GFP,13,1,5,350
10,9,9,pBQ,./230312MZXML/RNAi 13_3122023_80.mzXML,4.045,4.085,346712,339605.67,RNAi,13,80,0.102146324,0.510731622,35.75121352
66,65,65,meBQ,./230312MZXML/RNAi 13_3122023_80.mzXML,4.685,4.75,327203,321567.26,RNAi,13,80,0.096398693,0.481993467,33.73954266
122,121,121,C11:1,./230312MZXML/RNAi 13_3122023_80.mzXML,5.12,5.16,280502,276471.3825,RNAi,13,80,0.004732893,0.023664464,1.656512504
178,177,177,C11,./230312MZXML/RNAi 13_3122023_80.mzXML,5.165,5.26,71061870,71004190.04,RNAi,13,80,1.19902253,5.995112652,419.6578857
234,233,233,dimeBQ,./230312MZXML/RNAi 13_3122023_80.mzXML,5.295,5.37,3394268,3379676.99,RNAi,13,80,1,5,350
290,289,289,memeOBQ,./230312MZXML/RNAi 13_3122023_80.mzXML,5.705,5.795,2481830,2473588.995,RNAi,13,80,0.731182688,3.65591344,255.9139408
346,345,345,ethyl decanoate,./230312MZXML/RNAi 13_3122023_80.mzXML,6.78,6.86,5337626,5319180.65,RNAi,13,80,0.090061433,0.450307164,31.5215015
402,401,401,isopropyl decanoate,./230312MZXML/RNAi 13_3122023_80.mzXML,6.935,7.015,4607476,4592331.255,RNAi,13,80,0.077741657,0.388708286,27.20958
458,457,457,ethyl dodecanoate,./230312MZXML/RNAi 13_3122023_80.mzXML,7.71,7.815,1474340,1466247.71,RNAi,13,80,0.024876447,0.124382237,8.706756621
514,513,513,isopropyl dodecanoate,./230312MZXML/RNAi 13_3122023_80.mzXML,7.84,7.93,375640,369520.36,RNAi,13,80,0.00633815,0.031690752,2.218352658
570,569,569,C18,./230312MZXML/RNAi 13_3122023_80.mzXML,8.575,8.655,59266501,59148597.41,RNAi,13,80,1,5,350
11,10,10,pBQ,./230312MZXML/RNAi 13_3122023_82.mzXML,4.045,4.085,369044,361722.07,RNAi,13,82,0.099373162,0.49686581,34.78060672
67,66,66,meBQ,./230312MZXML/RNAi 13_3122023_82.mzXML,4.685,4.75,294764,288925.04,RNAi,13,82,0.079371649,0.396858244,27.78007706
123,122,122,C11:1,./230312MZXML/RNAi 13_3122023_82.mzXML,5.12,5.16,131656,128067.52,RNAi,13,82,0.002180493,0.010902467,0.763172677
179,178,178,C11,./230312MZXML/RNAi 13_3122023_82.mzXML,5.165,5.26,18208045,18188580.97,RNAi,13,82,0.301562567,1.507812833,105.5468983
235,234,234,dimeBQ,./230312MZXML/RNAi 13_3122023_82.mzXML,5.295,5.37,3713719,3697096.73,RNAi,13,82,1,5,350
291,290,290,memeOBQ,./230312MZXML/RNAi 13_3122023_82.mzXML,5.705,5.795,2464750,2456330.878,RNAi,13,82,0.663687802,3.31843901,232.2907307
347,346,346,ethyl decanoate,./230312MZXML/RNAi 13_3122023_82.mzXML,6.78,6.86,3116594,3103624.225,RNAi,13,82,0.051617188,0.258085941,18.06601587
403,402,402,isopropyl decanoate,./230312MZXML/RNAi 13_3122023_82.mzXML,6.935,7.015,93753,87323.255,RNAi,13,82,0.001552742,0.00776371,0.543459683
459,458,458,ethyl dodecanoate,./230312MZXML/RNAi 13_3122023_82.mzXML,7.71,7.815,1230774,1223061.093,RNAi,13,82,0.020384142,0.101920708,7.134449536
515,514,514,isopropyl dodecanoate,./230312MZXML/RNAi 13_3122023_82.mzXML,7.84,7.93,187955,182405.84,RNAi,13,82,0.00311292,0.015564601,1.089522091
571,570,570,C18,./230312MZXML/RNAi 13_3122023_82.mzXML,8.575,8.655,60378996,60275115.55,RNAi,13,82,1,5,350
12,11,11,pBQ,./230312MZXML/GFP_3122023_11.mzXML,4.051666667,4.091608187,542042,534432.86,GFP,GFP,11,0.202292974,1.011464868,70.80254078
68,67,67,meBQ,./230312MZXML/GFP_3122023_11.mzXML,4.690730994,4.755635965,1702751,1690652.9,GFP,GFP,11,0.635475781,3.177378904,222.4165233
124,123,123,C11:1,./230312MZXML/GFP_3122023_11.mzXML,5.125095029,5.16503655,458833,450837.985,GFP,GFP,11,0.012592712,0.062963561,4.407449289
180,179,179,C11,./230312MZXML/GFP_3122023_11.mzXML,5.17002924,5.264890351,27992980,27878977.02,GFP,GFP,11,0.768269811,3.841349056,268.8944339
236,235,235,dimeBQ,./230312MZXML/GFP_3122023_11.mzXML,5.299839181,5.374729532,2679490,2664075.93,GFP,GFP,11,1,5,350
292,291,291,memeOBQ,./230312MZXML/GFP_3122023_11.mzXML,5.709239766,5.799108187,1864054,1857184.173,GFP,GFP,11,0.695674923,3.478374616,243.4862231
348,347,347,ethyl decanoate,./230312MZXML/GFP_3122023_11.mzXML,6.782668129,6.86255117,3696514,3683450.2,GFP,GFP,11,0.101451154,0.507255768,35.50790375
404,403,403,isopropyl decanoate,./230312MZXML/GFP_3122023_11.mzXML,6.93744152,7.017324561,372314,366491.3375,GFP,GFP,11,0.010218191,0.051090953,3.576366727
460,459,459,ethyl dodecanoate,./230312MZXML/GFP_3122023_11.mzXML,7.71130848,7.816154971,768621,763272.45,GFP,GFP,11,0.021094871,0.105474357,7.383204956
516,515,515,isopropyl dodecanoate,./230312MZXML/GFP_3122023_11.mzXML,7.841118421,7.930986842,120172,116105.8125,GFP,GFP,11,0.003298131,0.016490656,1.154345908
572,571,571,C18,./230312MZXML/GFP_3122023_11.mzXML,8.57504386,8.654926901,36436392,36369584.56,GFP,GFP,11,1,5,350
13,12,12,pBQ,./230312MZXML/RNAi 13_3122023_78.mzXML,4.051666667,4.091608187,513707,506275.31,RNAi,13,78,0.142707647,0.713538235,49.94767643
69,68,68,meBQ,./230312MZXML/RNAi 13_3122023_78.mzXML,4.690730994,4.755635965,304520,299365.46,RNAi,13,78,0.084595563,0.422977813,29.60844689
125,124,124,C11:1,./230312MZXML/RNAi 13_3122023_78.mzXML,5.125095029,5.16503655,276090,271326.4125,RNAi,13,78,0.004325756,0.021628782,1.514014736
181,180,180,C11,./230312MZXML/RNAi 13_3122023_78.mzXML,5.17002924,5.264890351,7187486,7153675.72,RNAi,13,78,0.112612965,0.563064825,39.41453773
237,236,236,dimeBQ,./230312MZXML/RNAi 13_3122023_78.mzXML,5.299839181,5.374729532,3599716,3579969.35,RNAi,13,78,1,5,350
293,292,292,memeOBQ,./230312MZXML/RNAi 13_3122023_78.mzXML,5.709239766,5.799108187,2471254,2462823.02,RNAi,13,78,0.686513603,3.432568014,240.279761
349,348,348,ethyl decanoate,./230312MZXML/RNAi 13_3122023_78.mzXML,6.782668129,6.86255117,1987573,1976795.463,RNAi,13,78,0.031141137,0.155705687,10.89939806
405,404,404,isopropyl decanoate,./230312MZXML/RNAi 13_3122023_78.mzXML,6.93744152,7.017324561,80597,73814.7125,RNAi,13,78,0.001262787,0.006313937,0.441975608
461,460,460,ethyl dodecanoate,./230312MZXML/RNAi 13_3122023_78.mzXML,7.71130848,7.816154971,1240478,1232835.4,RNAi,13,78,0.019435712,0.097178558,6.802499084
517,516,516,isopropyl dodecanoate,./230312MZXML/RNAi 13_3122023_78.mzXML,7.841118421,7.930986842,185972,180117.6675,RNAi,13,78,0.002913795,0.014568973,1.01982813
573,572,572,C18,./230312MZXML/RNAi 13_3122023_78.mzXML,8.57504386,8.654926901,63824676,63728878.9,RNAi,13,78,1,5,350
14,13,13,pBQ,./230312MZXML/GFP_3122023_16.mzXML,4.051666667,4.091608187,1020459,1006439.89,GFP,GFP,16,0.346139952,1.73069976,121.1489832
70,69,69,meBQ,./230312MZXML/GFP_3122023_16.mzXML,4.690730994,4.755635965,11437332,11332289.1,GFP,GFP,16,3.879545919,19.3977296,1357.841072
126,125,125,C11:1,./230312MZXML/GFP_3122023_16.mzXML,5.125095029,5.16503655,5203980,5122527.528,GFP,GFP,16,0.136112754,0.680563769,47.63946386
182,181,181,C11,./230312MZXML/GFP_3122023_16.mzXML,5.17002924,5.264890351,233213631,232162376.5,GFP,GFP,16,6.099821591,30.49910795,2134.937557
238,237,237,dimeBQ,./230312MZXML/GFP_3122023_16.mzXML,5.299839181,5.374729532,2948111,2929706.04,GFP,GFP,16,1,5,350
294,293,293,memeOBQ,./230312MZXML/GFP_3122023_16.mzXML,5.709239766,5.799108187,5493502,5473072.633,GFP,GFP,16,1.863397274,9.316986369,652.1890458
350,349,349,ethyl decanoate,./230312MZXML/GFP_3122023_16.mzXML,6.782668129,6.86255117,38710170,38602767.49,GFP,GFP,16,1.012484261,5.062421303,354.3694912
406,405,405,isopropyl decanoate,./230312MZXML/GFP_3122023_16.mzXML,6.93744152,7.017324561,1290677,1276874.938,GFP,GFP,16,0.033758316,0.16879158,11.81541057
462,461,461,ethyl dodecanoate,./230312MZXML/GFP_3122023_16.mzXML,7.71130848,7.816154971,2538093,2529650.75,GFP,GFP,16,0.066385118,0.331925591,23.2347914
518,517,517,isopropyl dodecanoate,./230312MZXML/GFP_3122023_16.mzXML,7.841118421,7.930986842,153840,148513.135,GFP,GFP,16,0.004023764,0.020118819,1.408317311
574,573,573,C18,./230312MZXML/GFP_3122023_16.mzXML,8.57504386,8.654926901,38232861,38154520.89,GFP,GFP,16,1,5,350
15,14,14,pBQ,./230312MZXML/RNAi 13_3122023_61.mzXML,4.051666667,4.091608187,461980,455401.5925,RNAi,13,61,0.145156679,0.725783393,50.80483751
71,70,70,meBQ,./230312MZXML/RNAi 13_3122023_61.mzXML,4.690730994,4.755635965,282493,277848.64,RNAi,13,61,0.088760868,0.443804338,31.06630365
127,126,126,C11:1,./230312MZXML/RNAi 13_3122023_61.mzXML,5.125095029,5.16503655,3023014,2973993.035,RNAi,13,61,0.066286281,0.331431403,23.20019822
183,182,182,C11,./230312MZXML/RNAi 13_3122023_61.mzXML,5.17002924,5.264890351,197963250,197221908,RNAi,13,61,4.340782922,21.70391461,1519.274023
239,238,238,dimeBQ,./230312MZXML/RNAi 13_3122023_61.mzXML,5.299839181,5.374729532,3182630,3163933.77,RNAi,13,61,1,5,350
295,294,294,memeOBQ,./230312MZXML/RNAi 13_3122023_61.mzXML,5.709239766,5.799108187,1900038,1892412.608,RNAi,13,61,0.597002479,2.985012395,208.9508677
351,350,350,ethyl decanoate,./230312MZXML/RNAi 13_3122023_61.mzXML,6.782668129,6.86255117,1814858,1804415.263,RNAi,13,61,0.039794783,0.198973916,13.92817412
407,406,406,isopropyl decanoate,./230312MZXML/RNAi 13_3122023_61.mzXML,6.93744152,7.017324561,4616432,4597841.038,RNAi,13,61,0.101225501,0.506127506,35.4289254
463,462,462,ethyl dodecanoate,./230312MZXML/RNAi 13_3122023_61.mzXML,7.71130848,7.816154971,884745,878221.05,RNAi,13,61,0.019399995,0.096999973,6.78999812
519,518,518,isopropyl dodecanoate,./230312MZXML/RNAi 13_3122023_61.mzXML,7.841118421,7.930986842,306394,300914.2625,RNAi,13,61,0.006718367,0.033591837,2.351428586
575,574,574,C18,./230312MZXML/RNAi 13_3122023_61.mzXML,8.57504386,8.654926901,45605425,45527492.32,RNAi,13,61,1,5,350
16,15,15,pBQ,./230312MZXML/GFP_3122023_14.mzXML,4.045,4.085,548909,541541.08,GFP,GFP,14,0.164018578,0.820092888,57.40650213
72,71,71,meBQ,./230312MZXML/GFP_3122023_14.mzXML,4.685,4.75,1484062,1477706.35,GFP,GFP,14,0.443450077,2.217250384,155.2075269
128,127,127,C11:1,./230312MZXML/GFP_3122023_14.mzXML,5.12,5.16,103405,100247.685,GFP,GFP,14,0.002565851,0.012829253,0.898047705
184,183,183,C11,./230312MZXML/GFP_3122023_14.mzXML,5.165,5.26,11395854,11382127.83,GFP,GFP,14,0.282772194,1.413860968,98.97026775
240,239,239,dimeBQ,./230312MZXML/GFP_3122023_14.mzXML,5.295,5.37,3346627,3329733.34,GFP,GFP,14,1,5,350
296,295,295,memeOBQ,./230312MZXML/GFP_3122023_14.mzXML,5.705,5.795,2103425,2096427.588,GFP,GFP,14,0.628520896,3.142604479,219.9823135
352,351,351,ethyl decanoate,./230312MZXML/GFP_3122023_14.mzXML,6.78,6.86,2029593,2020738.28,GFP,GFP,14,0.050361514,0.251807572,17.62653002
408,407,407,isopropyl decanoate,./230312MZXML/GFP_3122023_14.mzXML,6.935,7.015,52165,47393.765,GFP,GFP,14,0.001294402,0.006472008,0.453040555
464,463,463,ethyl dodecanoate,./230312MZXML/GFP_3122023_14.mzXML,7.71,7.815,827225,822017.575,GFP,GFP,14,0.020526432,0.102632162,7.184251372
520,519,519,isopropyl dodecanoate,./230312MZXML/GFP_3122023_14.mzXML,7.84,7.93,133531,129265.08,GFP,GFP,14,0.003313385,0.016566926,1.159684814
576,575,575,C18,./230312MZXML/GFP_3122023_14.mzXML,8.575,8.655,40300476,40227527.46,GFP,GFP,14,1,5,350
17,16,16,pBQ,./230312MZXML/RNAi 13_3122023_47.mzXML,4.051666667,4.091608187,498571,491617.2875,RNAi,13,47,0.14736713,0.736835649,51.57849544
73,72,72,meBQ,./230312MZXML/RNAi 13_3122023_47.mzXML,4.690730994,4.755635965,446802,441609.3,RNAi,13,47,0.132065299,0.660326497,46.22285476
129,128,128,C11:1,./230312MZXML/RNAi 13_3122023_47.mzXML,5.125095029,5.16503655,4537940,4468136.753,RNAi,13,47,0.098262185,0.491310925,34.39176473
185,184,184,C11,./230312MZXML/RNAi 13_3122023_47.mzXML,5.17002924,5.264890351,227349059,226374836.1,RNAi,13,47,4.922897897,24.61448949,1723.014264
241,240,240,dimeBQ,./230312MZXML/RNAi 13_3122023_47.mzXML,5.299839181,5.374729532,3383190,3363514.61,RNAi,13,47,1,5,350
297,296,296,memeOBQ,./230312MZXML/RNAi 13_3122023_47.mzXML,5.709239766,5.799108187,1978862,1970902.218,RNAi,13,47,0.5849101,2.924550498,204.7185349
353,352,352,ethyl decanoate,./230312MZXML/RNAi 13_3122023_47.mzXML,6.782668129,6.86255117,29363114,29286657.05,RNAi,13,47,0.635813549,3.179067747,222.5347423
409,408,408,isopropyl decanoate,./230312MZXML/RNAi 13_3122023_47.mzXML,6.93744152,7.017324561,1265608,1252685.088,RNAi,13,47,0.027404815,0.137024076,9.591685342
465,464,464,ethyl dodecanoate,./230312MZXML/RNAi 13_3122023_47.mzXML,7.71130848,7.816154971,5746182,5733245.2,RNAi,13,47,0.124424827,0.622124134,43.54868937
521,520,520,isopropyl dodecanoate,./230312MZXML/RNAi 13_3122023_47.mzXML,7.841118421,7.930986842,352849,347289.7875,RNAi,13,47,0.007640408,0.038202041,2.674142848
577,576,576,C18,./230312MZXML/RNAi 13_3122023_47.mzXML,8.57504386,8.654926901,46181957,46099437.57,RNAi,13,47,1,5,350
18,17,17,pBQ,./230312MZXML/RNAi 13_3122023_87.mzXML,4.05,4.09,396741,387085.8125,RNAi,13,87,0.078954454,0.394772271,27.63405895
74,73,73,meBQ,./230312MZXML/RNAi 13_3122023_87.mzXML,4.69,4.755,712089,704481,RNAi,13,87,0.141711087,0.708555434,49.59888038
130,129,129,C11:1,./230312MZXML/RNAi 13_3122023_87.mzXML,5.125,5.165,1391793,1376835.558,RNAi,13,87,0.011467066,0.057335332,4.01347322
186,185,185,C11,./230312MZXML/RNAi 13_3122023_87.mzXML,5.17,5.265,278143027,277688746.4,RNAi,13,87,2.29163715,11.45818575,802.0730023
242,241,241,dimeBQ,./230312MZXML/RNAi 13_3122023_87.mzXML,5.3,5.375,5024935,4999780.85,RNAi,13,87,1,5,350
298,297,297,memeOBQ,./230312MZXML/RNAi 13_3122023_87.mzXML,5.71,5.8,3845916,3831785.76,RNAi,13,87,0.765366318,3.826831591,267.8782114
354,353,353,ethyl decanoate,./230312MZXML/RNAi 13_3122023_87.mzXML,6.785,6.865,10592000,10554657.24,RNAi,13,87,0.087268126,0.436340629,30.54384405
410,409,409,isopropyl decanoate,./230312MZXML/RNAi 13_3122023_87.mzXML,6.94,7.02,1597459,1581995.163,RNAi,13,87,0.013161561,0.065807805,4.606546316
466,465,465,ethyl dodecanoate,./230312MZXML/RNAi 13_3122023_87.mzXML,7.715,7.82,8237920,8212411.95,RNAi,13,87,0.067872719,0.339363595,23.75545164
522,521,521,isopropyl dodecanoate,./230312MZXML/RNAi 13_3122023_87.mzXML,7.845,7.935,461966,451205.7225,RNAi,13,87,0.003806166,0.019030828,1.332157993
578,577,577,C18,./230312MZXML/RNAi 13_3122023_87.mzXML,8.58,8.66,121373066,121040242.1,RNAi,13,87,1,5,350
19,18,18,pBQ,./230312MZXML/GFP_3122023_10.mzXML,4.051666667,4.091608187,695932,687008.3125,GFP,GFP,10,0.23467595,1.173379752,82.13658261
75,74,74,meBQ,./230312MZXML/GFP_3122023_10.mzXML,4.690730994,4.755635965,8032133,7966037.33,GFP,GFP,10,2.708523886,13.54261943,947.98336
131,130,130,C11:1,./230312MZXML/GFP_3122023_10.mzXML,5.125095029,5.16503655,2105843,2072846.575,GFP,GFP,10,0.055315443,0.276577217,19.3604052
187,186,186,C11,./230312MZXML/GFP_3122023_10.mzXML,5.17002924,5.264890351,120507544,120024813.1,GFP,GFP,10,3.165444067,15.82722034,1107.905424
243,242,242,dimeBQ,./230312MZXML/GFP_3122023_10.mzXML,5.299839181,5.374729532,2965502,2947548.295,GFP,GFP,10,1,5,350
299,298,298,memeOBQ,./230312MZXML/GFP_3122023_10.mzXML,5.709239766,5.799108187,3393026,3380137.79,GFP,GFP,10,1.144165811,5.720829054,400.4580337
355,354,354,ethyl decanoate,./230312MZXML/GFP_3122023_10.mzXML,6.782668129,6.86255117,13968799,13928266.38,GFP,GFP,10,0.366926837,1.834634184,128.4243929
411,410,410,isopropyl decanoate,./230312MZXML/GFP_3122023_10.mzXML,6.93744152,7.017324561,1523689,1511615.125,GFP,GFP,10,0.040023654,0.200118272,14.00827907
467,466,466,ethyl dodecanoate,./230312MZXML/GFP_3122023_10.mzXML,7.71130848,7.816154971,2205161,2197295.8,GFP,GFP,10,0.057924289,0.289621445,20.27350115
523,522,522,isopropyl dodecanoate,./230312MZXML/GFP_3122023_10.mzXML,7.841118421,7.930986842,191527,186077.7775,GFP,GFP,10,0.005030955,0.025154774,1.760834177
579,578,578,C18,./230312MZXML/GFP_3122023_10.mzXML,8.57504386,8.654926901,38069712,37995128.68,GFP,GFP,10,1,5,350
20,19,19,pBQ,./230312MZXML/RNAi 13_3122023_83.mzXML,4.051666667,4.091608187,467170,459517.88,RNAi,13,83,0.122488619,0.612443094,42.8710166
76,75,75,meBQ,./230312MZXML/RNAi 13_3122023_83.mzXML,4.690730994,4.755635965,766973,760299.74,RNAi,13,83,0.201094812,1.005474062,70.38318432
132,131,131,C11:1,./230312MZXML/RNAi 13_3122023_83.mzXML,5.125095029,5.16503655,8194664,8066092.165,RNAi,13,83,0.120548395,0.602741976,42.1919383
188,187,187,C11,./230312MZXML/RNAi 13_3122023_83.mzXML,5.17002924,5.264890351,365308796,363719970.1,RNAi,13,83,5.373910278,26.86955139,1880.868597
244,243,243,dimeBQ,./230312MZXML/RNAi 13_3122023_83.mzXML,5.299839181,5.374729532,3813987,3791817.335,RNAi,13,83,1,5,350
300,299,299,memeOBQ,./230312MZXML/RNAi 13_3122023_83.mzXML,5.709239766,5.799108187,2834260,2823885.07,RNAi,13,83,0.743122617,3.715613084,260.0929159
356,355,355,ethyl decanoate,./230312MZXML/RNAi 13_3122023_83.mzXML,6.782668129,6.86255117,107314452,107065835.6,RNAi,13,83,1.578659597,7.893297983,552.5308588
412,411,411,isopropyl decanoate,./230312MZXML/RNAi 13_3122023_83.mzXML,6.93744152,7.017324561,2183040,2161819.95,RNAi,13,83,0.03211382,0.160569102,11.23983717
468,467,467,ethyl dodecanoate,./230312MZXML/RNAi 13_3122023_83.mzXML,7.71130848,7.816154971,14324990,14299203.65,RNAi,13,83,0.210729147,1.053645735,73.75520146
524,523,523,isopropyl dodecanoate,./230312MZXML/RNAi 13_3122023_83.mzXML,7.841118421,7.930986842,510668,503226.845,RNAi,13,83,0.007512231,0.037561154,2.629280804
580,579,579,C18,./230312MZXML/RNAi 13_3122023_83.mzXML,8.57504386,8.654926901,67978209,67856833.31,RNAi,13,83,1,5,350
21,20,20,pBQ,./230312MZXML/GFP_3122023_09.mzXML,4.045,4.085,1127781,1117260.07,GFP,GFP,9,0.400170389,2.000851947,140.0596363
77,76,76,meBQ,./230312MZXML/GFP_3122023_09.mzXML,4.685,4.75,3177620,3170368.25,GFP,GFP,9,1.127514502,5.637572509,394.6300757
133,132,132,C11:1,./230312MZXML/GFP_3122023_09.mzXML,5.12,5.16,70384,67434.34,GFP,GFP,9,0.0018861,0.0094305,0.660135025
189,188,188,C11,./230312MZXML/GFP_3122023_09.mzXML,5.165,5.26,8496095,8483653.85,GFP,GFP,9,0.227672275,1.138361374,79.68529617
245,244,244,dimeBQ,./230312MZXML/GFP_3122023_09.mzXML,5.295,5.37,2818252,2805424.045,GFP,GFP,9,1,5,350
301,300,300,memeOBQ,./230312MZXML/GFP_3122023_09.mzXML,5.705,5.795,1920935,1914817.55,GFP,GFP,9,0.681605123,3.408025613,238.5617929
357,356,356,ethyl decanoate,./230312MZXML/GFP_3122023_09.mzXML,6.78,6.86,1538909,1531623.68,GFP,GFP,9,0.041238582,0.206192911,14.4335038
413,412,412,isopropyl decanoate,./230312MZXML/GFP_3122023_09.mzXML,6.935,7.015,31188,27105.46,GFP,GFP,9,0.000835754,0.004178769,0.292513798
469,468,468,ethyl dodecanoate,./230312MZXML/GFP_3122023_09.mzXML,7.71,7.815,753063,747970.24,GFP,GFP,9,0.020180043,0.100900217,7.063015208
525,524,524,isopropyl dodecanoate,./230312MZXML/GFP_3122023_09.mzXML,7.84,7.93,111407,107111,GFP,GFP,9,0.002985405,0.014927025,1.044891776
581,580,580,C18,./230312MZXML/GFP_3122023_09.mzXML,8.575,8.655,37317214,37252282.98,GFP,GFP,9,1,5,350
22,21,21,pBQ,./230312MZXML/RNAi 13_3122023_67.mzXML,4.051666667,4.091608187,406785,400349.62,RNAi,13,67,0.14216561,0.710828051,49.75796356
78,77,77,meBQ,./230312MZXML/RNAi 13_3122023_67.mzXML,4.690730994,4.755635965,248982,244294.32,RNAi,13,67,0.087015691,0.435078456,30.45549193
134,133,133,C11:1,./230312MZXML/RNAi 13_3122023_67.mzXML,5.125095029,5.16503655,298869,293479.77,RNAi,13,67,0.006564901,0.032824505,2.297715333
190,189,189,C11,./230312MZXML/RNAi 13_3122023_67.mzXML,5.17002924,5.264890351,11753604,11701121.01,RNAi,13,67,0.258177483,1.290887414,90.36211897
246,245,245,dimeBQ,./230312MZXML/RNAi 13_3122023_67.mzXML,5.299839181,5.374729532,2861346,2847092.11,RNAi,13,67,1,5,350
302,301,301,memeOBQ,./230312MZXML/RNAi 13_3122023_67.mzXML,5.709239766,5.799108187,1726585,1719492.175,RNAi,13,67,0.603417063,3.017085316,211.1959721
358,357,357,ethyl decanoate,./230312MZXML/RNAi 13_3122023_67.mzXML,6.782668129,6.86255117,1382562,1373250.525,RNAi,13,67,0.0303691,0.151845501,10.62918505
414,413,413,isopropyl decanoate,./230312MZXML/RNAi 13_3122023_67.mzXML,6.93744152,7.017324561,90089,84778.5875,RNAi,13,67,0.001978878,0.009894391,0.692607385
470,469,469,ethyl dodecanoate,./230312MZXML/RNAi 13_3122023_67.mzXML,7.71130848,7.816154971,817041,810719.4,RNAi,13,67,0.017946971,0.089734854,6.281439807
526,525,525,isopropyl dodecanoate,./230312MZXML/RNAi 13_3122023_67.mzXML,7.841118421,7.930986842,139412,134534.9125,RNAi,13,67,0.003062298,0.015311491,1.071804336
582,581,581,C18,./230312MZXML/RNAi 13_3122023_67.mzXML,8.57504386,8.654926901,45525287,45442808.17,RNAi,13,67,1,5,350
23,22,22,pBQ,./230312MZXML/RNAi 13_3122023_65.mzXML,4.051666667,4.091608187,482779,475978.2725,RNAi,13,65,0.151427346,0.757136732,52.99957123
79,78,78,meBQ,./230312MZXML/RNAi 13_3122023_65.mzXML,4.690730994,4.755635965,230725,226015.9,RNAi,13,65,0.072368671,0.361843354,25.32903476
135,134,134,C11:1,./230312MZXML/RNAi 13_3122023_65.mzXML,5.125095029,5.16503655,3790755,3728939.243,RNAi,13,65,0.077818955,0.389094776,27.23663433
191,190,190,C11,./230312MZXML/RNAi 13_3122023_65.mzXML,5.17002924,5.264890351,209278817,208385788.8,RNAi,13,65,4.296204552,21.48102276,1503.671593
247,246,246,dimeBQ,./230312MZXML/RNAi 13_3122023_65.mzXML,5.299839181,5.374729532,3188189,3170612.105,RNAi,13,65,1,5,350
303,302,302,memeOBQ,./230312MZXML/RNAi 13_3122023_65.mzXML,5.709239766,5.799108187,1918686,1911368.35,RNAi,13,65,0.60181062,3.009053102,210.6337171
359,358,358,ethyl decanoate,./230312MZXML/RNAi 13_3122023_65.mzXML,6.782668129,6.86255117,45367009,45250783.75,RNAi,13,65,0.931321924,4.656609622,325.9626736
415,414,414,isopropyl decanoate,./230312MZXML/RNAi 13_3122023_65.mzXML,6.93744152,7.017324561,965989,954097.075,RNAi,13,65,0.019830418,0.099152088,6.940646166
471,470,470,ethyl dodecanoate,./230312MZXML/RNAi 13_3122023_65.mzXML,7.71130848,7.816154971,3734680,3724596.7,RNAi,13,65,0.076667813,0.383339065,26.83373457
527,526,526,isopropyl dodecanoate,./230312MZXML/RNAi 13_3122023_65.mzXML,7.841118421,7.930986842,199512,193756.2675,RNAi,13,65,0.004095705,0.020478527,1.43349686
583,582,582,C18,./230312MZXML/RNAi 13_3122023_65.mzXML,8.57504386,8.654926901,48712489,48620058.87,RNAi,13,65,1,5,350
24,23,23,pBQ,./230312MZXML/RNAi 13_3122023_81.mzXML,4.051666667,4.091608187,461954,454708.9125,RNAi,13,81,0.129010835,0.645054176,45.15379232
80,79,79,meBQ,./230312MZXML/RNAi 13_3122023_81.mzXML,4.690730994,4.755635965,375769,370520.02,RNAi,13,81,0.104941775,0.524708873,36.7296211
136,135,135,C11:1,./230312MZXML/RNAi 13_3122023_81.mzXML,5.125095029,5.16503655,5732250,5641060.545,RNAi,13,81,0.096932606,0.484663029,33.92641202
192,191,191,C11,./230312MZXML/RNAi 13_3122023_81.mzXML,5.17002924,5.264890351,278906102,277698075.8,RNAi,13,81,4.716314751,23.58157375,1650.710163
248,247,247,dimeBQ,./230312MZXML/RNAi 13_3122023_81.mzXML,5.299839181,5.374729532,3580738,3561044.62,RNAi,13,81,1,5,350
304,303,303,memeOBQ,./230312MZXML/RNAi 13_3122023_81.mzXML,5.709239766,5.799108187,2381306,2372170.115,RNAi,13,81,0.665032181,3.325160903,232.7612632
360,359,359,ethyl decanoate,./230312MZXML/RNAi 13_3122023_81.mzXML,6.782668129,6.86255117,69128549,68953090.7,RNAi,13,81,1.168966878,5.84483439,409.1384073
416,415,415,isopropyl decanoate,./230312MZXML/RNAi 13_3122023_81.mzXML,6.93744152,7.017324561,5985222,5957800.913,RNAi,13,81,0.101210374,0.506051868,35.42363079
472,471,471,ethyl dodecanoate,./230312MZXML/RNAi 13_3122023_81.mzXML,7.71130848,7.816154971,10667074,10646278.05,RNAi,13,81,0.180380702,0.90190351,63.13324568
528,527,527,isopropyl dodecanoate,./230312MZXML/RNAi 13_3122023_81.mzXML,7.841118421,7.930986842,927263,919894.1375,RNAi,13,81,0.015680059,0.078400296,5.488020687
584,583,583,C18,./230312MZXML/RNAi 13_3122023_81.mzXML,8.57504386,8.654926901,59136448,59025317.16,RNAi,13,81,1,5,350
25,24,24,pBQ,./230312MZXML/GFP_3122023_12.mzXML,4.045,4.085,652005,643648.435,GFP,GFP,12,0.248431786,1.242158932,86.95112523
81,80,80,meBQ,./230312MZXML/GFP_3122023_12.mzXML,4.685,4.75,1428774,1422593.52,GFP,GFP,12,0.544402078,2.722010392,190.5407274
137,136,136,C11:1,./230312MZXML/GFP_3122023_12.mzXML,5.12,5.16,68424,65398.8975,GFP,GFP,12,0.001820516,0.009102582,0.63718076
193,192,192,C11,./230312MZXML/GFP_3122023_12.mzXML,5.165,5.26,3351006,3341130.57,GFP,GFP,12,0.089158213,0.445791065,31.20537458
249,248,248,dimeBQ,./230312MZXML/GFP_3122023_12.mzXML,5.295,5.37,2624483,2612336.355,GFP,GFP,12,1,5,350
305,304,304,memeOBQ,./230312MZXML/GFP_3122023_12.mzXML,5.705,5.795,1950253,1943734.138,GFP,GFP,12,0.743099879,3.715499395,260.0849577
361,360,360,ethyl decanoate,./230312MZXML/GFP_3122023_12.mzXML,6.78,6.86,1009984,1003383.315,GFP,GFP,12,0.02687204,0.134360202,9.405214147
417,416,416,isopropyl decanoate,./230312MZXML/GFP_3122023_12.mzXML,6.935,7.015,47420,42960.65,GFP,GFP,12,0.001261676,0.006308378,0.441586456
473,472,472,ethyl dodecanoate,./230312MZXML/GFP_3122023_12.mzXML,7.71,7.815,720829,715507.1475,GFP,GFP,12,0.019178666,0.095893331,6.712533177
529,528,528,isopropyl dodecanoate,./230312MZXML/GFP_3122023_12.mzXML,7.84,7.93,105652,101451.08,GFP,GFP,12,0.00281102,0.014055098,0.983856858
585,584,584,C18,./230312MZXML/GFP_3122023_12.mzXML,8.575,8.655,37584939,37518522.48,GFP,GFP,12,1,5,350
26,25,25,pBQ,./230312MZXML/GFP_3122023_23.mzXML,4.045,4.085,400110,392871.5275,GFP,GFP,23,0.126325939,0.631629696,44.21407875
82,81,81,meBQ,./230312MZXML/GFP_3122023_23.mzXML,4.685,4.75,759540,753334.35,GFP,GFP,23,0.239808063,1.199040313,83.93282192
138,137,137,C11:1,./230312MZXML/GFP_3122023_23.mzXML,5.12,5.16,113633,110252.385,GFP,GFP,23,0.002609082,0.013045409,0.913178626
194,193,193,C11,./230312MZXML/GFP_3122023_23.mzXML,5.165,5.26,9192792,9179670.9,GFP,GFP,23,0.211072014,1.055360072,73.87520501
250,249,249,dimeBQ,./230312MZXML/GFP_3122023_23.mzXML,5.295,5.37,3167283,3150424.025,GFP,GFP,23,1,5,350
306,305,305,memeOBQ,./230312MZXML/GFP_3122023_23.mzXML,5.705,5.795,2205199,2198167.248,GFP,GFP,23,0.696243121,3.481215603,243.6850922
362,361,361,ethyl decanoate,./230312MZXML/GFP_3122023_23.mzXML,6.78,6.86,2126251,2116641.61,GFP,GFP,23,0.048819997,0.244099987,17.08699909
418,417,417,isopropyl decanoate,./230312MZXML/GFP_3122023_23.mzXML,6.935,7.015,50712,45595.91,GFP,GFP,23,0.001164378,0.00582189,0.407532271
474,473,473,ethyl dodecanoate,./230312MZXML/GFP_3122023_23.mzXML,7.71,7.815,898843,893166.655,GFP,GFP,23,0.020637974,0.10318987,7.223290911
530,529,529,isopropyl dodecanoate,./230312MZXML/GFP_3122023_23.mzXML,7.84,7.93,114530,109887.48,GFP,GFP,23,0.002629677,0.013148387,0.920387107
586,585,585,C18,./230312MZXML/GFP_3122023_23.mzXML,8.575,8.655,43552870,43469462.34,GFP,GFP,23,1,5,350
27,26,26,pBQ,./230312MZXML/RNAi 13_3122023_70.mzXML,4.051666667,4.091608187,454139,446961.6725,RNAi,13,70,0.142087388,0.710436941,49.7305859
83,82,82,meBQ,./230312MZXML/RNAi 13_3122023_70.mzXML,4.690730994,4.755635965,526900,520611.04,RNAi,13,70,0.16485227,0.824261348,57.69829438
139,138,138,C11:1,./230312MZXML/RNAi 13_3122023_70.mzXML,5.125095029,5.16503655,6522597,6421557.128,RNAi,13,70,0.135414252,0.677071261,47.39498825
195,194,194,C11,./230312MZXML/RNAi 13_3122023_70.mzXML,5.17002924,5.264890351,275320831,274034982.6,RNAi,13,70,5.715877346,28.57938673,2000.557071
251,250,250,dimeBQ,./230312MZXML/RNAi 13_3122023_70.mzXML,5.299839181,5.374729532,3196195,3176014.56,RNAi,13,70,1,5,350
307,306,306,memeOBQ,./230312MZXML/RNAi 13_3122023_70.mzXML,5.709239766,5.799108187,2032968,2023983.5,RNAi,13,70,0.636058814,3.180294068,222.6205848
363,362,362,ethyl decanoate,./230312MZXML/RNAi 13_3122023_70.mzXML,6.782668129,6.86255117,79461348,79258369.99,RNAi,13,70,1.649680183,8.248400916,577.3880641
419,418,418,isopropyl decanoate,./230312MZXML/RNAi 13_3122023_70.mzXML,6.93744152,7.017324561,1533344,1517836.775,RNAi,13,70,0.031833429,0.159167147,11.14170029
475,474,474,ethyl dodecanoate,./230312MZXML/RNAi 13_3122023_70.mzXML,7.71130848,7.816154971,6742126,6726452.75,RNAi,13,70,0.139971847,0.699859236,48.99014649
531,530,530,isopropyl dodecanoate,./230312MZXML/RNAi 13_3122023_70.mzXML,7.841118421,7.930986842,254273,247474.3175,RNAi,13,70,0.005278908,0.026394539,1.847617728
587,586,586,C18,./230312MZXML/RNAi 13_3122023_70.mzXML,8.57504386,8.654926901,48167729,48081598.94,RNAi,13,70,1,5,350
28,27,27,pBQ,./230312MZXML/GFP_3122023_42.mzXML,4.058333333,4.098216374,482357,476179.6575,GFP,GFP,42,0.192714164,0.96357082,67.44995737
84,83,83,meBQ,./230312MZXML/GFP_3122023_42.mzXML,4.696461988,4.76127193,346596,342014.52,GFP,GFP,42,0.138474114,0.692370572,48.46594001
140,139,139,C11:1,./230312MZXML/GFP_3122023_42.mzXML,5.130190058,5.170073099,341768,336515.2,GFP,GFP,42,0.008108677,0.040543385,2.838036976
196,195,195,C11,./230312MZXML/GFP_3122023_42.mzXML,5.17505848,5.269780702,5169514,5132191.903,GFP,GFP,42,0.122650218,0.613251089,42.92757626
252,251,251,dimeBQ,./230312MZXML/GFP_3122023_42.mzXML,5.304678363,5.379459064,2502966,2480503.735,GFP,GFP,42,1,5,350
308,307,307,memeOBQ,./230312MZXML/GFP_3122023_42.mzXML,5.713479532,5.803216374,1525520,1518901.73,GFP,GFP,42,0.609484907,3.047424536,213.3197175
364,363,363,ethyl decanoate,./230312MZXML/GFP_3122023_42.mzXML,6.785336257,6.865102339,1769899,1761380.163,GFP,GFP,42,0.041992051,0.209960257,14.69721801
420,419,419,isopropyl decanoate,./230312MZXML/GFP_3122023_42.mzXML,6.939883041,7.019649123,67356,62696.8875,GFP,GFP,42,0.001598067,0.007990333,0.559323338
476,475,475,ethyl dodecanoate,./230312MZXML/GFP_3122023_42.mzXML,7.712616959,7.817309942,821695,816402.6,GFP,GFP,42,0.01949527,0.09747635,6.823344472
532,531,531,isopropyl dodecanoate,./230312MZXML/GFP_3122023_42.mzXML,7.842236842,7.931973684,128037,123791.505,GFP,GFP,42,0.003037764,0.015188822,1.063217564
588,587,587,C18,./230312MZXML/GFP_3122023_42.mzXML,8.575087719,8.654853801,42148429,42076315.7,GFP,GFP,42,1,5,350
29,28,28,pBQ,./230312MZXML/RNAi 13_3122023_69.mzXML,4.045,4.085,390075,382781.98,RNAi,13,69,0.108520444,0.542602221,37.98215544
85,84,84,meBQ,./230312MZXML/RNAi 13_3122023_69.mzXML,4.685,4.75,382318,376623.49,RNAi,13,69,0.106362415,0.531812077,37.22684536
141,140,140,C11:1,./230312MZXML/RNAi 13_3122023_69.mzXML,5.12,5.16,242005,237969.185,RNAi,13,69,0.004606715,0.023033577,1.612350364
197,196,196,C11,./230312MZXML/RNAi 13_3122023_69.mzXML,5.165,5.26,32414780,32381122.84,RNAi,13,69,0.617035449,3.085177244,215.9624071
253,252,252,dimeBQ,./230312MZXML/RNAi 13_3122023_69.mzXML,5.295,5.37,3594484,3577772.585,RNAi,13,69,1,5,350
309,308,308,memeOBQ,./230312MZXML/RNAi 13_3122023_69.mzXML,5.705,5.795,2347999,2339636.318,RNAi,13,69,0.653222827,3.266114135,228.6279894
365,364,364,ethyl decanoate,./230312MZXML/RNAi 13_3122023_69.mzXML,6.78,6.86,4959901,4942729.37,RNAi,13,69,0.094414793,0.472073964,33.0451775
421,420,420,isopropyl decanoate,./230312MZXML/RNAi 13_3122023_69.mzXML,6.935,7.015,415205,408516.675,RNAi,13,69,0.007903685,0.039518424,2.766289675
477,476,476,ethyl dodecanoate,./230312MZXML/RNAi 13_3122023_69.mzXML,7.71,7.815,1326933,1319690.77,RNAi,13,69,0.025258993,0.126294965,8.840647529
533,532,532,isopropyl dodecanoate,./230312MZXML/RNAi 13_3122023_69.mzXML,7.84,7.93,130048,123704.2,RNAi,13,69,0.002475544,0.012377722,0.866440529
589,588,588,C18,./230312MZXML/RNAi 13_3122023_69.mzXML,8.575,8.655,52533092,52436333.59,RNAi,13,69,1,5,350
30,29,29,pBQ,./230312MZXML/GFP_3122023_05.mzXML,4.051666667,4.091608187,2501976,2469950.3,GFP,GFP,5,0.841853792,4.20926896,294.6488272
86,85,85,meBQ,./230312MZXML/GFP_3122023_05.mzXML,4.690730994,4.755635965,32786523,32529724.38,GFP,GFP,5,11.0318639,55.1593195,3861.152365
142,141,141,C11:1,./230312MZXML/GFP_3122023_05.mzXML,5.125095029,5.16503655,5544465,5452925.318,GFP,GFP,5,0.148782249,0.743911247,52.07378728
198,197,197,C11,./230312MZXML/GFP_3122023_05.mzXML,5.17002924,5.264890351,326878211,325456918.5,GFP,GFP,5,8.771572281,43.85786141,3070.050298
254,253,253,dimeBQ,./230312MZXML/GFP_3122023_05.mzXML,5.299839181,5.374729532,2971984,2954001.875,GFP,GFP,5,1,5,350
310,309,309,memeOBQ,./230312MZXML/GFP_3122023_05.mzXML,5.709239766,5.799108187,14090341,14036865.5,GFP,GFP,5,4.74105547,23.70527735,1659.369415
366,365,365,ethyl decanoate,./230312MZXML/GFP_3122023_05.mzXML,6.782668129,6.86255117,101761253,101495274,GFP,GFP,5,2.730699557,13.65349779,955.7448451
422,421,421,isopropyl decanoate,./230312MZXML/GFP_3122023_05.mzXML,6.93744152,7.017324561,2191557,2174282.288,GFP,GFP,5,0.058809061,0.294045305,20.58317133
478,477,477,ethyl dodecanoate,./230312MZXML/GFP_3122023_05.mzXML,7.71130848,7.816154971,6990072,6975928.65,GFP,GFP,5,0.187574209,0.937871044,65.65097307
534,533,533,isopropyl dodecanoate,./230312MZXML/GFP_3122023_05.mzXML,7.841118421,7.930986842,246842,240970.88,GFP,GFP,5,0.006623851,0.033119253,2.318347722
590,589,589,C18,./230312MZXML/GFP_3122023_05.mzXML,8.57504386,8.654926901,37265635,37197189.81,GFP,GFP,5,1,5,350
31,30,30,pBQ,./230312MZXML/GFP_3122023_40.mzXML,4.045,4.085,455295,449613.03,GFP,GFP,40,0.233138972,1.16569486,81.59864017
87,86,86,meBQ,./230312MZXML/GFP_3122023_40.mzXML,4.685,4.75,5544139,5533399.87,GFP,GFP,40,2.838939296,14.19469648,993.6287535
143,142,142,C11:1,./230312MZXML/GFP_3122023_40.mzXML,5.12,5.16,74825,72384.8175,GFP,GFP,40,0.002379136,0.011895682,0.832697758
199,198,198,C11,./230312MZXML/GFP_3122023_40.mzXML,5.165,5.26,5469500,5459503.88,GFP,GFP,40,0.173908277,0.869541384,60.86789689
255,254,254,dimeBQ,./230312MZXML/GFP_3122023_40.mzXML,5.295,5.37,1952891,1944724.905,GFP,GFP,40,1,5,350
311,310,310,memeOBQ,./230312MZXML/GFP_3122023_40.mzXML,5.705,5.795,2036067,2030221.805,GFP,GFP,40,1.042591215,5.212956074,364.9069252
367,366,366,ethyl decanoate,./230312MZXML/GFP_3122023_40.mzXML,6.78,6.86,794968,790307.785,GFP,GFP,40,0.02527681,0.126384052,8.846883675
423,422,422,isopropyl decanoate,./230312MZXML/GFP_3122023_40.mzXML,6.935,7.015,514004,510101.5,GFP,GFP,40,0.016343276,0.081716382,5.720146718
479,478,478,ethyl dodecanoate,./230312MZXML/GFP_3122023_40.mzXML,7.71,7.815,616522,613050.89,GFP,GFP,40,0.01960294,0.098014698,6.861028893
535,534,534,isopropyl dodecanoate,./230312MZXML/GFP_3122023_40.mzXML,7.84,7.93,119150,116175.8,GFP,GFP,40,0.003788495,0.018942473,1.325973108
591,590,590,C18,./230312MZXML/GFP_3122023_40.mzXML,8.575,8.655,31450487,31395476.1,GFP,GFP,40,1,5,350
32,31,31,pBQ,./230312MZXML/RNAi 13_3122023_56.mzXML,4.051666667,4.091608187,465805,459451.1525,RNAi,13,56,0.15079334,0.7539667,52.77766897
88,87,87,meBQ,./230312MZXML/RNAi 13_3122023_56.mzXML,4.690730994,4.755635965,249101,244489.4,RNAi,13,56,0.080640551,0.403202754,28.22419278
144,143,143,C11:1,./230312MZXML/RNAi 13_3122023_56.mzXML,5.125095029,5.16503655,177414,173353.8775,RNAi,13,56,0.004200284,0.02100142,1.470099415
200,199,199,C11,./230312MZXML/RNAi 13_3122023_56.mzXML,5.17002924,5.264890351,9265748,9229589.213,RNAi,13,56,0.21936698,1.096834902,76.77844317
256,255,255,dimeBQ,./230312MZXML/RNAi 13_3122023_56.mzXML,5.299839181,5.374729532,3089029,3072877.655,RNAi,13,56,1,5,350
312,311,311,memeOBQ,./230312MZXML/RNAi 13_3122023_56.mzXML,5.709239766,5.799108187,1828387,1821652.238,RNAi,13,56,0.591897001,2.959485003,207.1639502
368,367,367,ethyl decanoate,./230312MZXML/RNAi 13_3122023_56.mzXML,6.782668129,6.86255117,2209696,2200081,RNAi,13,56,0.052314647,0.261573237,18.31012658
424,423,423,isopropyl decanoate,./230312MZXML/RNAi 13_3122023_56.mzXML,6.93744152,7.017324561,127158,121374,RNAi,13,56,0.003010471,0.015052355,1.053664882
480,479,479,ethyl dodecanoate,./230312MZXML/RNAi 13_3122023_56.mzXML,7.71130848,7.816154971,900908,894421,RNAi,13,56,0.021329035,0.106645177,7.465162411
536,535,535,isopropyl dodecanoate,./230312MZXML/RNAi 13_3122023_56.mzXML,7.841118421,7.930986842,160110,154881.905,RNAi,13,56,0.003790611,0.018953056,1.326713886
592,591,591,C18,./230312MZXML/RNAi 13_3122023_56.mzXML,8.57504386,8.654926901,42238572,42171513.51,RNAi,13,56,1,5,350
33,32,32,pBQ,./230312MZXML/RNAi 13_3122023_72.mzXML,4.045,4.085,411850,404439.135,RNAi,13,72,0.108880913,0.544404563,38.10831939
89,88,88,meBQ,./230312MZXML/RNAi 13_3122023_72.mzXML,4.685,4.75,340868,334980.5,RNAi,13,72,0.090115379,0.450576896,31.5403827
145,144,144,C11:1,./230312MZXML/RNAi 13_3122023_72.mzXML,5.12,5.16,640478,634664.08,RNAi,13,72,0.011959238,0.059796189,4.18573325
201,200,200,C11,./230312MZXML/RNAi 13_3122023_72.mzXML,5.165,5.26,174255524,174106624.2,RNAi,13,72,3.253762439,16.2688122,1138.816854
257,256,256,dimeBQ,./230312MZXML/RNAi 13_3122023_72.mzXML,5.295,5.37,3782573,3766760.735,RNAi,13,72,1,5,350
313,312,312,memeOBQ,./230312MZXML/RNAi 13_3122023_72.mzXML,5.705,5.795,2436602,2428467.755,RNAi,13,72,0.644165228,3.220826141,225.4578299
369,368,368,ethyl decanoate,./230312MZXML/RNAi 13_3122023_72.mzXML,6.78,6.86,23238217,23176549.98,RNAi,13,72,0.433912429,2.169562143,151.86935
425,424,424,isopropyl decanoate,./230312MZXML/RNAi 13_3122023_72.mzXML,6.935,7.015,5684615,5664491.715,RNAi,13,72,0.106145196,0.530725981,37.15081864
481,480,480,ethyl dodecanoate,./230312MZXML/RNAi 13_3122023_72.mzXML,7.71,7.815,4610462,4598188.903,RNAi,13,72,0.086088221,0.430441106,30.13087739
537,536,536,isopropyl dodecanoate,./230312MZXML/RNAi 13_3122023_72.mzXML,7.84,7.93,589116,582607.76,RNAi,13,72,0.011000188,0.05500094,3.850065778
593,592,592,C18,./230312MZXML/RNAi 13_3122023_72.mzXML,8.575,8.655,53555085,53445340.93,RNAi,13,72,1,5,350
34,33,33,pBQ,./230312MZXML/RNAi 13_3122023_76.mzXML,4.051666667,4.091608187,566935,559379.9175,RNAi,13,76,0.164918725,0.824593627,57.72155386
90,89,89,meBQ,./230312MZXML/RNAi 13_3122023_76.mzXML,4.690730994,4.755635965,310039,304745.17,RNAi,13,76,0.090188887,0.450944435,31.56611047
146,145,145,C11:1,./230312MZXML/RNAi 13_3122023_76.mzXML,5.125095029,5.16503655,500506,491274.785,RNAi,13,76,0.0087022,0.043511002,3.045770174
202,201,201,C11,./230312MZXML/RNAi 13_3122023_76.mzXML,5.17002924,5.264890351,27886301,27773212.58,RNAi,13,76,0.484853693,2.424268465,169.6987925
258,257,257,dimeBQ,./230312MZXML/RNAi 13_3122023_76.mzXML,5.299839181,5.374729532,3437663,3420037,RNAi,13,76,1,5,350
314,313,313,memeOBQ,./230312MZXML/RNAi 13_3122023_76.mzXML,5.709239766,5.799108187,2231102,2222514.153,RNAi,13,76,0.649017079,3.245085397,227.1559778
370,369,369,ethyl decanoate,./230312MZXML/RNAi 13_3122023_76.mzXML,6.782668129,6.86255117,4358163,4340749.463,RNAi,13,76,0.075774533,0.378872663,26.52108642
426,425,425,isopropyl decanoate,./230312MZXML/RNAi 13_3122023_76.mzXML,6.93744152,7.017324561,157297,150254.65,RNAi,13,76,0.002734892,0.013674462,0.957212323
482,481,481,ethyl dodecanoate,./230312MZXML/RNAi 13_3122023_76.mzXML,7.71130848,7.816154971,1145735,1137453.35,RNAi,13,76,0.019920672,0.099603358,6.97223508
538,537,537,isopropyl dodecanoate,./230312MZXML/RNAi 13_3122023_76.mzXML,7.841118421,7.930986842,149134,143105.12,RNAi,13,76,0.002592964,0.012964819,0.907537351
594,593,593,C18,./230312MZXML/RNAi 13_3122023_76.mzXML,8.57504386,8.654926901,57514878,57407525.02,RNAi,13,76,1,5,350
35,34,34,pBQ,./230312MZXML/GFP_3122023_18.mzXML,4.045,4.085,472579,465664.505,GFP,GFP,18,0.143713895,0.718569475,50.29986327
91,90,90,meBQ,./230312MZXML/GFP_3122023_18.mzXML,4.685,4.75,535639,529791.7,GFP,GFP,18,0.162890791,0.814453954,57.01177679
147,146,146,C11:1,./230312MZXML/GFP_3122023_18.mzXML,5.12,5.16,101614,98315.915,GFP,GFP,18,0.002445085,0.012225427,0.855779882
203,202,202,C11,./230312MZXML/GFP_3122023_18.mzXML,5.165,5.26,12434222,12419311.34,GFP,GFP,18,0.299198284,1.495991419,104.7193993
259,258,258,dimeBQ,./230312MZXML/GFP_3122023_18.mzXML,5.295,5.37,3288332,3271469.805,GFP,GFP,18,1,5,350
315,314,314,memeOBQ,./230312MZXML/GFP_3122023_18.mzXML,5.705,5.795,2177555,2170593.288,GFP,GFP,18,0.662206553,3.311032767,231.7722937
371,370,370,ethyl decanoate,./230312MZXML/GFP_3122023_18.mzXML,6.78,6.86,2036150,2027029.07,GFP,GFP,18,0.048994829,0.244974147,17.14819028
427,426,426,isopropyl decanoate,./230312MZXML/GFP_3122023_18.mzXML,6.935,7.015,27749,23036.6,GFP,GFP,18,0.00066771,0.00333855,0.233698466
483,482,482,ethyl dodecanoate,./230312MZXML/GFP_3122023_18.mzXML,7.71,7.815,798677,793289.8825,GFP,GFP,18,0.019218154,0.096090768,6.726353742
539,538,538,isopropyl dodecanoate,./230312MZXML/GFP_3122023_18.mzXML,7.84,7.93,151249,146917.88,GFP,GFP,18,0.003639427,0.018197134,1.273799392
595,594,594,C18,./230312MZXML/GFP_3122023_18.mzXML,8.575,8.655,41558467,41485500.93,GFP,GFP,18,1,5,350
36,35,35,pBQ,./230312MZXML/RNAi 13_3122023_52.mzXML,4.051666667,4.091608187,563115,555814.7,RNAi,13,52,0.154639133,0.773195664,54.12369648
92,91,91,meBQ,./230312MZXML/RNAi 13_3122023_52.mzXML,4.690730994,4.755635965,287965,283044.37,RNAi,13,52,0.079079154,0.395395771,27.67770394
148,147,147,C11:1,./230312MZXML/RNAi 13_3122023_52.mzXML,5.125095029,5.16503655,5146781,5066618.085,RNAi,13,52,0.107866088,0.539330441,37.7531309
204,203,203,C11,./230312MZXML/RNAi 13_3122023_52.mzXML,5.17002924,5.264890351,307935449,306731861.9,RNAi,13,52,6.453702291,32.26851145,2258.795802
260,259,259,dimeBQ,./230312MZXML/RNAi 13_3122023_52.mzXML,5.299839181,5.374729532,3641478,3622176.725,RNAi,13,52,1,5,350
316,315,315,memeOBQ,./230312MZXML/RNAi 13_3122023_52.mzXML,5.709239766,5.799108187,2253204,2244713.775,RNAi,13,52,0.618760844,3.093804219,216.5662953
372,371,371,ethyl decanoate,./230312MZXML/RNAi 13_3122023_52.mzXML,6.782668129,6.86255117,53033413,52906478.73,RNAi,13,52,1.111472746,5.557363728,389.0154609
428,427,427,isopropyl decanoate,./230312MZXML/RNAi 13_3122023_52.mzXML,6.93744152,7.017324561,26368332,26306012.36,RNAi,13,52,0.552626744,2.763133721,193.4193605
484,483,483,ethyl dodecanoate,./230312MZXML/RNAi 13_3122023_52.mzXML,7.71130848,7.816154971,6472008,6457787.1,RNAi,13,52,0.135640158,0.678200788,47.47405518
540,539,539,isopropyl dodecanoate,./230312MZXML/RNAi 13_3122023_52.mzXML,7.841118421,7.930986842,1795850,1788085.548,RNAi,13,52,0.037637373,0.188186863,13.17308044
596,595,595,C18,./230312MZXML/RNAi 13_3122023_52.mzXML,8.57504386,8.654926901,47714542,47631709.64,RNAi,13,52,1,5,350
37,36,36,pBQ,./230312MZXML/GFP_3122023_44.mzXML,4.051666667,4.091608187,444280,437282.0475,GFP,GFP,44,0.150496971,0.752484853,52.67393972
93,92,92,meBQ,./230312MZXML/GFP_3122023_44.mzXML,4.690730994,4.755635965,347978,342837.74,GFP,GFP,44,0.117875292,0.589376461,41.25635229
149,148,148,C11:1,./230312MZXML/GFP_3122023_44.mzXML,5.125095029,5.16503655,174418,170924.4925,GFP,GFP,44,0.002697432,0.013487161,0.9441013
205,204,204,C11,./230312MZXML/GFP_3122023_44.mzXML,5.17002924,5.264890351,1587009,1573020.678,GFP,GFP,44,0.024543621,0.122718106,8.590267401
261,260,260,dimeBQ,./230312MZXML/GFP_3122023_44.mzXML,5.299839181,5.374729532,2952086,2934659.85,GFP,GFP,44,1,5,350
317,316,316,memeOBQ,./230312MZXML/GFP_3122023_44.mzXML,5.709239766,5.799108187,1961488,1954287.523,GFP,GFP,44,0.664441348,3.322206738,232.5544717
373,372,372,ethyl decanoate,./230312MZXML/GFP_3122023_44.mzXML,6.782668129,6.86255117,1284999,1277177.025,GFP,GFP,44,0.019872936,0.099364681,6.955527675
429,428,428,isopropyl decanoate,./230312MZXML/GFP_3122023_44.mzXML,6.93744152,7.017324561,60413,54955.175,GFP,GFP,44,0.000934307,0.004671536,0.327007487
485,484,484,ethyl dodecanoate,./230312MZXML/GFP_3122023_44.mzXML,7.71130848,7.816154971,922587,916220.4,GFP,GFP,44,0.014268114,0.071340571,4.993840004
541,540,540,isopropyl dodecanoate,./230312MZXML/GFP_3122023_44.mzXML,7.841118421,7.930986842,118439,113333.4325,GFP,GFP,44,0.001831698,0.009158492,0.641094462
597,596,596,C18,./230312MZXML/GFP_3122023_44.mzXML,8.57504386,8.654926901,64660752,64552943.29,GFP,GFP,44,1,5,350
38,37,37,pBQ,./230312MZXML/RNAi 13_3122023_50.mzXML,4.051666667,4.091608187,464643,457684.23,RNAi,13,50,0.149832639,0.749163195,52.44142363
94,93,93,meBQ,./230312MZXML/RNAi 13_3122023_50.mzXML,4.690730994,4.755635965,275152,270362.89,RNAi,13,50,0.088727798,0.44363899,31.05472932
150,149,149,C11:1,./230312MZXML/RNAi 13_3122023_50.mzXML,5.125095029,5.16503655,977516,961850.56,RNAi,13,50,0.022431993,0.112159963,7.851197386
206,205,205,C11,./230312MZXML/RNAi 13_3122023_50.mzXML,5.17002924,5.264890351,58301195,58078352.33,RNAi,13,50,1.337893161,6.689465804,468.2626062
262,261,261,dimeBQ,./230312MZXML/RNAi 13_3122023_50.mzXML,5.299839181,5.374729532,3101080,3084207.62,RNAi,13,50,1,5,350
318,317,317,memeOBQ,./230312MZXML/RNAi 13_3122023_50.mzXML,5.709239766,5.799108187,1932076,1924379.973,RNAi,13,50,0.623033266,3.115166329,218.061643
374,373,373,ethyl decanoate,./230312MZXML/RNAi 13_3122023_50.mzXML,6.782668129,6.86255117,10343254,10313857.53,RNAi,13,50,0.23735652,1.186782602,83.07478217
430,429,429,isopropyl decanoate,./230312MZXML/RNAi 13_3122023_50.mzXML,6.93744152,7.017324561,284177,276849.9875,RNAi,13,50,0.006521281,0.032606404,2.282448287
486,485,485,ethyl dodecanoate,./230312MZXML/RNAi 13_3122023_50.mzXML,7.71130848,7.816154971,1098660,1091262.2,RNAi,13,50,0.025212,0.126059998,8.82419983
542,541,541,isopropyl dodecanoate,./230312MZXML/RNAi 13_3122023_50.mzXML,7.841118421,7.930986842,143606,137707.17,RNAi,13,50,0.003295464,0.01647732,1.153412376
598,597,597,C18,./230312MZXML/RNAi 13_3122023_50.mzXML,8.57504386,8.654926901,43576869,43501855.95,RNAi,13,50,1,5,350
39,38,38,pBQ,./230312MZXML/RNAi 13_3122023_49.mzXML,4.051666667,4.091608187,516260,508773.8675,RNAi,13,49,0.148798595,0.743992977,52.07950836
95,94,94,meBQ,./230312MZXML/RNAi 13_3122023_49.mzXML,4.690730994,4.755635965,306583,301481.5,RNAi,13,49,0.088364622,0.44182311,30.92761769
151,150,150,C11:1,./230312MZXML/RNAi 13_3122023_49.mzXML,5.125095029,5.16503655,281202,276093.3825,RNAi,13,49,0.005684482,0.02842241,1.989568726
207,206,206,C11,./230312MZXML/RNAi 13_3122023_49.mzXML,5.17002924,5.264890351,8208249,8169917.4,RNAi,13,49,0.165929276,0.829646381,58.07524664
263,262,262,dimeBQ,./230312MZXML/RNAi 13_3122023_49.mzXML,5.299839181,5.374729532,3469522,3449811.505,RNAi,13,49,1,5,350
319,318,318,memeOBQ,./230312MZXML/RNAi 13_3122023_49.mzXML,5.709239766,5.799108187,2045664,2037605.915,RNAi,13,49,0.58960975,2.948048751,206.3634126
375,374,374,ethyl decanoate,./230312MZXML/RNAi 13_3122023_49.mzXML,6.782668129,6.86255117,1858585,1848706.863,RNAi,13,49,0.037571188,0.187855938,13.14991569
431,430,430,isopropyl decanoate,./230312MZXML/RNAi 13_3122023_49.mzXML,6.93744152,7.017324561,74626,68396.5,RNAi,13,49,0.00150856,0.007542801,0.527996087
487,486,486,ethyl dodecanoate,./230312MZXML/RNAi 13_3122023_49.mzXML,7.71130848,7.816154971,970971,964147.35,RNAi,13,49,0.019628122,0.098140611,6.869842802
543,542,542,isopropyl dodecanoate,./230312MZXML/RNAi 13_3122023_49.mzXML,7.841118421,7.930986842,168935,163463.295,RNAi,13,49,0.003415011,0.017075056,1.19525392
599,598,598,C18,./230312MZXML/RNAi 13_3122023_49.mzXML,8.57504386,8.654926901,49468359,49383937.78,RNAi,13,49,1,5,350
40,39,39,pBQ,./230312MZXML/RNAi 13_3122023_89.mzXML,4.05,4.09,503690,495673.425,RNAi,13,89,0.12796885,0.639844249,44.78909746
96,95,95,meBQ,./230312MZXML/RNAi 13_3122023_89.mzXML,4.69,4.755,388547,381918.38,RNAi,13,89,0.098715306,0.493576532,34.55035726
152,151,151,C11:1,./230312MZXML/RNAi 13_3122023_89.mzXML,5.125,5.165,189626,185074.2675,RNAi,13,89,0.001944931,0.009724653,0.680725698
208,207,207,C11,./230312MZXML/RNAi 13_3122023_89.mzXML,5.17,5.265,4074631,4056291.745,RNAi,13,89,0.04179213,0.208960648,14.62724537
264,263,263,dimeBQ,./230312MZXML/RNAi 13_3122023_89.mzXML,5.3,5.375,3936036,3916352.49,RNAi,13,89,1,5,350
320,319,319,memeOBQ,./230312MZXML/RNAi 13_3122023_89.mzXML,5.71,5.8,2177779,2167566.16,RNAi,13,89,0.55329245,2.766462248,193.6523573
376,375,375,ethyl decanoate,./230312MZXML/RNAi 13_3122023_89.mzXML,6.785,6.865,2797373,2783824.025,RNAi,13,89,0.028691721,0.143458604,10.04210228
432,431,431,isopropyl decanoate,./230312MZXML/RNAi 13_3122023_89.mzXML,6.94,7.02,115505,107654.4125,RNAi,13,89,0.001184696,0.005923481,0.414643676
488,487,487,ethyl dodecanoate,./230312MZXML/RNAi 13_3122023_89.mzXML,7.715,7.82,1389585,1378911.75,RNAi,13,89,0.014252509,0.071262547,4.988378274
544,543,543,isopropyl dodecanoate,./230312MZXML/RNAi 13_3122023_89.mzXML,7.845,7.935,225891,218211.76,RNAi,13,89,0.002316889,0.011584443,0.810910996
600,599,599,C18,./230312MZXML/RNAi 13_3122023_89.mzXML,8.58,8.66,97497568,97299562.19,RNAi,13,89,1,5,350
41,40,40,pBQ,./230312MZXML/RNAi 13_3122023_74.mzXML,4.051666667,4.091608187,465351,457530.3375,RNAi,13,74,0.127336678,0.636683392,44.56783745
97,96,96,meBQ,./230312MZXML/RNAi 13_3122023_74.mzXML,4.690730994,4.755635965,377630,372390.77,RNAi,13,74,0.103333075,0.516665376,36.16657632
153,152,152,C11:1,./230312MZXML/RNAi 13_3122023_74.mzXML,5.125095029,5.16503655,7403435,7289263.005,RNAi,13,74,0.127086319,0.635431596,44.4802117
209,208,208,C11,./230312MZXML/RNAi 13_3122023_74.mzXML,5.17002924,5.264890351,291594599,290247872.9,RNAi,13,74,5.005471686,25.02735843,1751.91509
265,264,264,dimeBQ,./230312MZXML/RNAi 13_3122023_74.mzXML,5.299839181,5.374729532,3654493,3633754.205,RNAi,13,74,1,5,350
321,320,320,memeOBQ,./230312MZXML/RNAi 13_3122023_74.mzXML,5.709239766,5.799108187,2344755,2335306.485,RNAi,13,74,0.641608836,3.20804418,224.5630926
377,376,376,ethyl decanoate,./230312MZXML/RNAi 13_3122023_74.mzXML,6.782668129,6.86255117,76687064,76503736.89,RNAi,13,74,1.316399305,6.581996526,460.7397568
433,432,432,isopropyl decanoate,./230312MZXML/RNAi 13_3122023_74.mzXML,6.93744152,7.017324561,1982921,1963752.088,RNAi,13,74,0.034038542,0.170192709,11.9134896
489,488,488,ethyl dodecanoate,./230312MZXML/RNAi 13_3122023_74.mzXML,7.71130848,7.816154971,5810800,5796560.65,RNAi,13,74,0.099747372,0.498736859,34.91158012
545,544,544,isopropyl dodecanoate,./230312MZXML/RNAi 13_3122023_74.mzXML,7.841118421,7.930986842,332300,325923.0875,RNAi,13,74,0.005704215,0.028521074,1.996475197
601,600,600,C18,./230312MZXML/RNAi 13_3122023_74.mzXML,8.57504386,8.654926901,58255169,58155480.29,RNAi,13,74,1,5,350
42,41,41,pBQ,./230312MZXML/GFP_3122023_41.mzXML,4.051666667,4.091608187,1036537,1022497.03,GFP,GFP,41,0.445653113,2.228265566,155.9785896
98,97,97,meBQ,./230312MZXML/GFP_3122023_41.mzXML,4.690730994,4.755635965,17963014,17781140.77,GFP,GFP,41,7.723094412,38.61547206,2703.083044
154,153,153,C11:1,./230312MZXML/GFP_3122023_41.mzXML,5.125095029,5.16503655,10430628,10274355.24,GFP,GFP,41,0.291639006,1.458195031,102.0736522
210,209,209,C11,./230312MZXML/GFP_3122023_41.mzXML,5.17002924,5.264890351,314541322,313000366.9,GFP,GFP,41,8.794534572,43.97267286,3078.0871
266,265,265,dimeBQ,./230312MZXML/GFP_3122023_41.mzXML,5.299839181,5.374729532,2325883,2312601.76,GFP,GFP,41,1,5,350
322,321,321,memeOBQ,./230312MZXML/GFP_3122023_41.mzXML,5.709239766,5.799108187,10882125,10839678.55,GFP,GFP,41,4.678706968,23.39353484,1637.547439
378,377,377,ethyl decanoate,./230312MZXML/GFP_3122023_41.mzXML,6.782668129,6.86255117,69451518,69272175.3,GFP,GFP,41,1.941855437,9.709277183,679.6494028
434,433,433,isopropyl decanoate,./230312MZXML/GFP_3122023_41.mzXML,6.93744152,7.017324561,2239530,2222199.488,GFP,GFP,41,0.062616968,0.313084842,21.91593893
490,489,489,ethyl dodecanoate,./230312MZXML/GFP_3122023_41.mzXML,7.71130848,7.816154971,4229237,4218529.4,GFP,GFP,41,0.118248918,0.59124459,41.38712132
546,545,545,isopropyl dodecanoate,./230312MZXML/GFP_3122023_41.mzXML,7.841118421,7.930986842,188069,184035.6225,GFP,GFP,41,0.005258385,0.026291924,1.840434698
602,601,601,C18,./230312MZXML/GFP_3122023_41.mzXML,8.57504386,8.654926901,35765545,35700986.24,GFP,GFP,41,1,5,350
43,42,42,pBQ,./230312MZXML/GFP_3122023_04.mzXML,4.045,4.085,1736284,1722314.1,GFP,GFP,4,0.608547076,3.042735378,212.9914765
99,98,98,meBQ,./230312MZXML/GFP_3122023_04.mzXML,4.685,4.75,6842423,6832735.73,GFP,GFP,4,2.398188607,11.99094303,839.3660124
155,154,154,C11:1,./230312MZXML/GFP_3122023_04.mzXML,5.12,5.16,419829,415860.2975,GFP,GFP,4,0.012402156,0.062010781,4.340754685
211,210,210,C11,./230312MZXML/GFP_3122023_04.mzXML,5.165,5.26,102101633,102045167.5,GFP,GFP,4,3.016181362,15.08090681,1055.663477
267,266,266,dimeBQ,./230312MZXML/GFP_3122023_04.mzXML,5.295,5.37,2853163,2839078.23,GFP,GFP,4,1,5,350
323,322,322,memeOBQ,./230312MZXML/GFP_3122023_04.mzXML,5.705,5.795,4089497,4079212.808,GFP,GFP,4,1.433320494,7.166602469,501.6621728
379,378,378,ethyl decanoate,./230312MZXML/GFP_3122023_04.mzXML,6.78,6.86,16152432,16109102.91,GFP,GFP,4,0.477158523,2.385792613,167.0054829
435,434,434,isopropyl decanoate,./230312MZXML/GFP_3122023_04.mzXML,6.935,7.015,1670497,1659686.48,GFP,GFP,4,0.049348103,0.246740516,17.2718361
491,490,490,ethyl dodecanoate,./230312MZXML/GFP_3122023_04.mzXML,7.71,7.815,2276430,2269279.255,GFP,GFP,4,0.067247952,0.336239761,23.53678328
547,546,546,isopropyl dodecanoate,./230312MZXML/GFP_3122023_04.mzXML,7.84,7.93,292393,287788.56,GFP,GFP,4,0.008637573,0.043187865,3.023150579
603,602,602,C18,./230312MZXML/GFP_3122023_04.mzXML,8.575,8.655,33851291,33787913.25,GFP,GFP,4,1,5,350
44,43,43,pBQ,./230312MZXML/RNAi 13_3122023_73.mzXML,4.051666667,4.091608187,1090541,1076113.108,RNAi,13,73,0.281513772,1.407568861,98.52982024
100,99,99,meBQ,./230312MZXML/RNAi 13_3122023_73.mzXML,4.690730994,4.755635965,15317769,15168643.86,RNAi,13,73,3.954150217,19.77075108,1383.952576
156,155,155,C11:1,./230312MZXML/RNAi 13_3122023_73.mzXML,5.125095029,5.16503655,5651802,5565233.893,RNAi,13,73,0.09848011,0.492400552,34.46803866
212,211,211,C11,./230312MZXML/RNAi 13_3122023_73.mzXML,5.17002924,5.264890351,214809793,213830192.1,RNAi,13,73,3.742964128,18.71482064,1310.037445
268,267,267,dimeBQ,./230312MZXML/RNAi 13_3122023_73.mzXML,5.299839181,5.374729532,3873846,3852225.905,RNAi,13,73,1,5,350
324,323,323,memeOBQ,./230312MZXML/RNAi 13_3122023_73.mzXML,5.709239766,5.799108187,6860585,6835680.255,RNAi,13,73,1.771000964,8.855004819,619.8503374
380,379,379,ethyl decanoate,./230312MZXML/RNAi 13_3122023_73.mzXML,6.782668129,6.86255117,46142285,46017539.86,RNAi,13,73,0.804008584,4.020042921,281.4030044
436,435,435,isopropyl decanoate,./230312MZXML/RNAi 13_3122023_73.mzXML,6.93744152,7.017324561,1534501,1519378.563,RNAi,13,73,0.02673799,0.133689952,9.358296662
492,491,491,ethyl dodecanoate,./230312MZXML/RNAi 13_3122023_73.mzXML,7.71130848,7.816154971,5295618,5281778.7,RNAi,13,73,0.092273764,0.461368821,32.2958175
548,547,547,isopropyl dodecanoate,./230312MZXML/RNAi 13_3122023_73.mzXML,7.841118421,7.930986842,331262,324357.79,RNAi,13,73,0.005772092,0.028860458,2.020232029
604,603,603,C18,./230312MZXML/RNAi 13_3122023_73.mzXML,8.57504386,8.654926901,57390289,57287932.17,RNAi,13,73,1,5,350
45,44,44,pBQ,./230312MZXML/GFP_3122023_20.mzXML,4.045,4.085,954453,944513.8925,GFP,GFP,20,0.293588144,1.467940718,102.7558503
101,100,100,meBQ,./230312MZXML/GFP_3122023_20.mzXML,4.685,4.75,2291663,2284264.58,GFP,GFP,20,0.704911699,3.524558496,246.7190948
157,156,156,C11:1,./230312MZXML/GFP_3122023_20.mzXML,5.12,5.16,126422,122821.8475,GFP,GFP,20,0.002695509,0.013477544,0.943428088
213,212,212,C11,./230312MZXML/GFP_3122023_20.mzXML,5.165,5.26,15115648,15098590.03,GFP,GFP,20,0.322288546,1.611442729,112.8009911
269,268,268,dimeBQ,./230312MZXML/GFP_3122023_20.mzXML,5.295,5.37,3250993,3235305.755,GFP,GFP,20,1,5,350
325,324,324,memeOBQ,./230312MZXML/GFP_3122023_20.mzXML,5.705,5.795,2351407,2344235.763,GFP,GFP,20,0.723288854,3.616444268,253.1510988
381,380,380,ethyl decanoate,./230312MZXML/GFP_3122023_20.mzXML,6.78,6.86,2135307,2126130.385,GFP,GFP,20,0.045527985,0.227639923,15.93479458
437,436,436,isopropyl decanoate,./230312MZXML/GFP_3122023_20.mzXML,6.935,7.015,72676,67505.03,GFP,GFP,20,0.001549563,0.007747813,0.542346899
493,492,492,ethyl dodecanoate,./230312MZXML/GFP_3122023_20.mzXML,7.71,7.815,1024075,1017617.708,GFP,GFP,20,0.021834833,0.109174163,7.642191385
549,548,548,isopropyl dodecanoate,./230312MZXML/GFP_3122023_20.mzXML,7.84,7.93,191321,185756.88,GFP,GFP,20,0.004079254,0.02039627,1.427738884
605,604,604,C18,./230312MZXML/GFP_3122023_20.mzXML,8.575,8.655,46900978,46816187.88,GFP,GFP,20,1,5,350
46,45,45,pBQ,./230312MZXML/RNAi 13_3122023_71.mzXML,4.051666667,4.091608187,503698,496335.505,RNAi,13,71,0.147436564,0.737182818,51.60279724
102,101,101,meBQ,./230312MZXML/RNAi 13_3122023_71.mzXML,4.690730994,4.755635965,281091,276189.03,RNAi,13,71,0.082277657,0.411388283,28.79717981
158,157,157,C11:1,./230312MZXML/RNAi 13_3122023_71.mzXML,5.125095029,5.16503655,228288,224199.1075,RNAi,13,71,0.004625421,0.023127104,1.618897282
214,213,213,C11,./230312MZXML/RNAi 13_3122023_71.mzXML,5.17002924,5.264890351,4935158,4907390.923,RNAi,13,71,0.099992915,0.499964573,34.99752011
270,269,269,dimeBQ,./230312MZXML/RNAi 13_3122023_71.mzXML,5.299839181,5.374729532,3416371,3398885.42,RNAi,13,71,1,5,350
326,325,325,memeOBQ,./230312MZXML/RNAi 13_3122023_71.mzXML,5.709239766,5.799108187,2056007,2048433.075,RNAi,13,71,0.601810225,3.009051125,210.6335787
382,381,381,ethyl decanoate,./230312MZXML/RNAi 13_3122023_71.mzXML,6.782668129,6.86255117,1865396,1854627.463,RNAi,13,71,0.037795423,0.188977114,13.22839796
438,437,437,isopropyl decanoate,./230312MZXML/RNAi 13_3122023_71.mzXML,6.93744152,7.017324561,69841,63768.625,RNAi,13,71,0.001415072,0.007075361,0.495275288
494,493,493,ethyl dodecanoate,./230312MZXML/RNAi 13_3122023_71.mzXML,7.71130848,7.816154971,997641,990295.65,RNAi,13,71,0.020213544,0.101067718,7.074740254
550,549,549,isopropyl dodecanoate,./230312MZXML/RNAi 13_3122023_71.mzXML,7.841118421,7.930986842,166497,160726.1375,RNAi,13,71,0.003373452,0.016867262,1.180708319
606,605,605,C18,./230312MZXML/RNAi 13_3122023_71.mzXML,8.57504386,8.654926901,49355077,49257490.39,RNAi,13,71,1,5,350
47,46,46,pBQ,./230312MZXML/GFP_3122023_22.mzXML,4.051666667,4.091608187,2090013,2062899.27,GFP,GFP,22,0.647361476,3.236807382,226.5765167
103,102,102,meBQ,./230312MZXML/GFP_3122023_22.mzXML,4.690730994,4.755635965,27460666,27233496.19,GFP,GFP,22,8.505677851,42.52838926,2976.987248
159,158,158,C11:1,./230312MZXML/GFP_3122023_22.mzXML,5.125095029,5.16503655,6212252,6110731.595,GFP,GFP,22,0.147834775,0.739173874,51.74217119
215,214,214,C11,./230312MZXML/GFP_3122023_22.mzXML,5.17002924,5.264890351,328635793,327191587.5,GFP,GFP,22,7.820641928,39.10320964,2737.224675
271,270,270,dimeBQ,./230312MZXML/GFP_3122023_22.mzXML,5.299839181,5.374729532,3228510,3210151.73,GFP,GFP,22,1,5,350
327,326,326,memeOBQ,./230312MZXML/GFP_3122023_22.mzXML,5.709239766,5.799108187,12692074,12644273.06,GFP,GFP,22,3.931248161,19.6562408,1375.936856
383,382,382,ethyl decanoate,./230312MZXML/GFP_3122023_22.mzXML,6.782668129,6.86255117,100623217,100367534.4,GFP,GFP,22,2.394560077,11.97280039,838.096027
439,438,438,isopropyl decanoate,./230312MZXML/GFP_3122023_22.mzXML,6.93744152,7.017324561,2805393,2782566.675,GFP,GFP,22,0.066760756,0.333803782,23.36626474
495,494,494,ethyl dodecanoate,./230312MZXML/GFP_3122023_22.mzXML,7.71130848,7.816154971,10035617,10016547.3,GFP,GFP,22,0.238820508,1.194102541,83.58717786
551,550,550,isopropyl dodecanoate,./230312MZXML/GFP_3122023_22.mzXML,7.841118421,7.930986842,474731,468374.275,GFP,GFP,22,0.011297312,0.056486561,3.95405928
607,606,606,C18,./230312MZXML/GFP_3122023_22.mzXML,8.57504386,8.654926901,42021588,41947045.74,GFP,GFP,22,1,5,350
48,47,47,pBQ,./230312MZXML/RNAi 13_3122023_68.mzXML,4.045,4.085,330831,324104.735,RNAi,13,68,0.094202773,0.471013863,32.97097044
104,103,103,meBQ,./230312MZXML/RNAi 13_3122023_68.mzXML,4.685,4.75,341303,336137.21,RNAi,13,68,0.097184632,0.485923159,34.01462113
160,159,159,C11:1,./230312MZXML/RNAi 13_3122023_68.mzXML,5.12,5.16,220256,216817.6,RNAi,13,68,0.004280412,0.021402061,1.498144256
216,215,215,C11,./230312MZXML/RNAi 13_3122023_68.mzXML,5.165,5.26,42411792,42377688.48,RNAi,13,68,0.824222497,4.121112484,288.4778738
272,271,271,dimeBQ,./230312MZXML/RNAi 13_3122023_68.mzXML,5.295,5.37,3511903,3496874.56,RNAi,13,68,1,5,350
328,327,327,memeOBQ,./230312MZXML/RNAi 13_3122023_68.mzXML,5.705,5.795,2284345,2277425.703,RNAi,13,68,0.650457886,3.252289428,227.66026
384,383,383,ethyl decanoate,./230312MZXML/RNAi 13_3122023_68.mzXML,6.78,6.86,4808976,4792517.635,RNAi,13,68,0.093456702,0.46728351,32.70984569
440,439,439,isopropyl decanoate,./230312MZXML/RNAi 13_3122023_68.mzXML,6.935,7.015,1213560,1205665.75,RNAi,13,68,0.023584088,0.117920442,8.254430951
496,495,495,ethyl dodecanoate,./230312MZXML/RNAi 13_3122023_68.mzXML,7.71,7.815,1507376,1500577.088,RNAi,13,68,0.029294051,0.146470256,10.25291795
552,551,551,isopropyl dodecanoate,./230312MZXML/RNAi 13_3122023_68.mzXML,7.84,7.93,279606,275043.72,RNAi,13,68,0.005433808,0.027169042,1.901832971
608,607,607,C18,./230312MZXML/RNAi 13_3122023_68.mzXML,8.575,8.655,51456727,51353817.55,RNAi,13,68,1,5,350
49,48,48,pBQ,./230312MZXML/RNAi 13_3122023_55.mzXML,4.05,4.09,403673,397847.39,RNAi,13,55,0.143952434,0.719762172,50.38335204
105,104,104,meBQ,./230312MZXML/RNAi 13_3122023_55.mzXML,4.69,4.755,314179,309473.86,RNAi,13,55,0.112038288,0.560191441,39.21340085
161,160,160,C11:1,./230312MZXML/RNAi 13_3122023_55.mzXML,5.125,5.165,1508869,1491590.498,RNAi,13,55,0.036666687,0.183333435,12.83334042
217,216,216,C11,./230312MZXML/RNAi 13_3122023_55.mzXML,5.17,5.265,312052735,311446244.8,RNAi,13,55,7.583123476,37.91561738,2654.093217
273,272,272,dimeBQ,./230312MZXML/RNAi 13_3122023_55.mzXML,5.3,5.375,2804211,2788681.605,RNAi,13,55,1,5,350
329,328,328,memeOBQ,./230312MZXML/RNAi 13_3122023_55.mzXML,5.71,5.8,1622737,1614620.52,RNAi,13,55,0.578678637,2.893393186,202.537523
385,384,384,ethyl decanoate,./230312MZXML/RNAi 13_3122023_55.mzXML,6.785,6.865,61764152,61571708.49,RNAi,13,55,1.500916795,7.504583977,525.3208784
441,440,440,isopropyl decanoate,./230312MZXML/RNAi 13_3122023_55.mzXML,6.94,7.02,9354415,9319445.463,RNAi,13,55,0.227319539,1.136597697,79.56183879
497,496,496,ethyl dodecanoate,./230312MZXML/RNAi 13_3122023_55.mzXML,7.715,7.82,7171111,7152889.7,RNAi,13,55,0.174263559,0.871317795,60.99224562
553,552,552,isopropyl dodecanoate,./230312MZXML/RNAi 13_3122023_55.mzXML,7.845,7.935,769245,762468.2475,RNAi,13,55,0.01869325,0.09346625,6.542637533
609,608,608,C18,./230312MZXML/RNAi 13_3122023_55.mzXML,8.58,8.66,41150950,41060152.34,RNAi,13,55,1,5,350
50,49,49,pBQ,./230312MZXML/GFP_3122023_43.mzXML,4.051666667,4.091608187,487377,480502.685,GFP,GFP,43,0.193541508,0.967707541,67.73952785
106,105,105,meBQ,./230312MZXML/GFP_3122023_43.mzXML,4.690730994,4.755635965,534756,529477.41,GFP,GFP,43,0.212356108,1.061780539,74.32463772
162,161,161,C11:1,./230312MZXML/GFP_3122023_43.mzXML,5.125095029,5.16503655,240347,236080.6225,GFP,GFP,43,0.005480791,0.027403956,1.918276928
218,217,217,C11,./230312MZXML/GFP_3122023_43.mzXML,5.17002924,5.264890351,6954590,6921548.8,GFP,GFP,43,0.158590104,0.792950522,55.50653656
274,273,273,dimeBQ,./230312MZXML/GFP_3122023_43.mzXML,5.299839181,5.374729532,2518204,2503336.07,GFP,GFP,43,1,5,350
330,329,329,memeOBQ,./230312MZXML/GFP_3122023_43.mzXML,5.709239766,5.799108187,1816303,1809515.538,GFP,GFP,43,0.721269206,3.606346031,252.4442222
386,385,385,ethyl decanoate,./230312MZXML/GFP_3122023_43.mzXML,6.782668129,6.86255117,1245776,1239159.463,GFP,GFP,43,0.028408252,0.14204126,9.942888234
442,441,441,isopropyl decanoate,./230312MZXML/GFP_3122023_43.mzXML,6.93744152,7.017324561,43368,38497.9875,GFP,GFP,43,0.000988949,0.004944746,0.346132191
498,497,497,ethyl dodecanoate,./230312MZXML/GFP_3122023_43.mzXML,7.71130848,7.816154971,818813,813026.35,GFP,GFP,43,0.018671933,0.093359665,6.535176584
554,553,553,isopropyl dodecanoate,./230312MZXML/GFP_3122023_43.mzXML,7.841118421,7.930986842,94844,90199.6,GFP,GFP,43,0.00216279,0.010813952,0.756976609
610,609,609,C18,./230312MZXML/GFP_3122023_43.mzXML,8.57504386,8.654926901,43852610,43771449.31,GFP,GFP,43,1,5,350
51,50,50,pBQ,./230312MZXML/GFP_3122023_06.mzXML,4.045,4.085,1499110,1486740.773,GFP,GFP,6,0.484465442,2.422327209,169.5629046
107,106,106,meBQ,./230312MZXML/GFP_3122023_06.mzXML,4.685,4.75,4229460,4220673.75,GFP,GFP,6,1.366829124,6.834145618,478.3901933
163,162,162,C11:1,./230312MZXML/GFP_3122023_06.mzXML,5.12,5.16,82192,79178.4475,GFP,GFP,6,0.002212252,0.011061259,0.77428816
219,218,218,C11,./230312MZXML/GFP_3122023_06.mzXML,5.165,5.26,11789121,11775352.62,GFP,GFP,6,0.317311966,1.586559832,111.0591883
275,274,274,dimeBQ,./230312MZXML/GFP_3122023_06.mzXML,5.295,5.37,3094359,3079961.785,GFP,GFP,6,1,5,350
331,330,330,memeOBQ,./230312MZXML/GFP_3122023_06.mzXML,5.705,5.795,2093458,2087159.543,GFP,GFP,6,0.676540117,3.382700585,236.789041
387,386,386,ethyl decanoate,./230312MZXML/GFP_3122023_06.mzXML,6.78,6.86,1968403,1959954.84,GFP,GFP,6,0.052980865,0.264904324,18.54330271
443,442,442,isopropyl decanoate,./230312MZXML/GFP_3122023_06.mzXML,6.935,7.015,46623,42450.125,GFP,GFP,6,0.001254889,0.006274444,0.439211077
499,498,498,ethyl dodecanoate,./230312MZXML/GFP_3122023_06.mzXML,7.71,7.815,791365,786591.3925,GFP,GFP,6,0.021300111,0.106500554,7.455038804
555,554,554,isopropyl dodecanoate,./230312MZXML/GFP_3122023_06.mzXML,7.84,7.93,115431,111543.56,GFP,GFP,6,0.003106901,0.015534507,1.087415522
611,610,610,C18,./230312MZXML/GFP_3122023_06.mzXML,8.575,8.655,37153093,37086661.92,GFP,GFP,6,1,5,350
52,51,51,pBQ,./230312MZXML/RNAi 13_3122023_51.mzXML,4.051666667,4.091608187,476197,469026.235,RNAi,13,51,0.139002422,0.695012111,48.65084777
108,107,107,meBQ,./230312MZXML/RNAi 13_3122023_51.mzXML,4.690730994,4.755635965,292523,287506.97,RNAi,13,51,0.085387782,0.426938909,29.88572364
164,163,163,C11:1,./230312MZXML/RNAi 13_3122023_51.mzXML,5.125095029,5.16503655,185655,181860.0725,RNAi,13,51,0.003885441,0.019427203,1.359904232
220,219,219,C11,./230312MZXML/RNAi 13_3122023_51.mzXML,5.17002924,5.264890351,4333688,4311171.798,RNAi,13,51,0.090696656,0.453483278,31.74382943
276,275,275,dimeBQ,./230312MZXML/RNAi 13_3122023_51.mzXML,5.299839181,5.374729532,3425818,3407446.15,RNAi,13,51,1,5,350
332,331,331,memeOBQ,./230312MZXML/RNAi 13_3122023_51.mzXML,5.709239766,5.799108187,2086438,2079098.335,RNAi,13,51,0.609033521,3.045167607,213.1617325
388,387,387,ethyl decanoate,./230312MZXML/RNAi 13_3122023_51.mzXML,6.782668129,6.86255117,1287812,1279382.188,RNAi,13,51,0.026951696,0.13475848,9.433093582
444,443,443,isopropyl decanoate,./230312MZXML/RNAi 13_3122023_51.mzXML,6.93744152,7.017324561,85530,79617.6375,RNAi,13,51,0.001789996,0.008949981,0.626498661
500,499,499,ethyl dodecanoate,./230312MZXML/RNAi 13_3122023_51.mzXML,7.71130848,7.816154971,928831,921984.1,RNAi,13,51,0.019438839,0.097194197,6.803593805
556,555,555,isopropyl dodecanoate,./230312MZXML/RNAi 13_3122023_51.mzXML,7.841118421,7.930986842,175779,170041.075,RNAi,13,51,0.003678753,0.018393765,1.287563524
612,611,611,C18,./230312MZXML/RNAi 13_3122023_51.mzXML,8.57504386,8.654926901,47782225,47703904.28,RNAi,13,51,1,5,350
53,52,52,pBQ,./230312MZXML/RNAi 13_3122023_88.mzXML,4.045,4.085,375003,366909.9675,RNAi,13,88,0.091016876,0.45508438,31.85590663
109,108,108,meBQ,./230312MZXML/RNAi 13_3122023_88.mzXML,4.685,4.75,322467,315665.07,RNAi,13,88,0.078265878,0.391329389,27.39305724
165,164,164,C11:1,./230312MZXML/RNAi 13_3122023_88.mzXML,5.12,5.16,131046,125919.6025,RNAi,13,88,0.001310181,0.006550905,0.458563344
221,220,220,C11,./230312MZXML/RNAi 13_3122023_88.mzXML,5.165,5.26,23490474,23465407.92,RNAi,13,88,0.234854725,1.174273627,82.19915387
277,276,276,dimeBQ,./230312MZXML/RNAi 13_3122023_88.mzXML,5.295,5.37,4120148,4101842.3,RNAi,13,88,1,5,350
333,332,332,memeOBQ,./230312MZXML/RNAi 13_3122023_88.mzXML,5.705,5.795,2955143,2946400.708,RNAi,13,88,0.717241953,3.586209767,251.0346837
389,388,388,ethyl decanoate,./230312MZXML/RNAi 13_3122023_88.mzXML,6.78,6.86,3794556,3780622.255,RNAi,13,88,0.037937481,0.189687404,13.27811829
445,444,444,isopropyl decanoate,./230312MZXML/RNAi 13_3122023_88.mzXML,6.935,7.015,244089,236155.025,RNAi,13,88,0.00244037,0.012201851,0.854129605
501,500,500,ethyl dodecanoate,./230312MZXML/RNAi 13_3122023_88.mzXML,7.71,7.815,1749376,1739032.875,RNAi,13,88,0.017490035,0.087450177,6.121512363
557,556,556,isopropyl dodecanoate,./230312MZXML/RNAi 13_3122023_88.mzXML,7.84,7.93,235742,227835.96,RNAi,13,88,0.002356918,0.01178459,0.824921325
613,612,612,C18,./230312MZXML/RNAi 13_3122023_88.mzXML,8.575,8.655,100021296,99850691.09,RNAi,13,88,1,5,350
54,53,53,pBQ,./230312MZXML/RNAi 13_3122023_48.mzXML,4.051666667,4.091608187,497754,489646.1975,RNAi,13,48,0.146157462,0.730787312,51.15511183
110,109,109,meBQ,./230312MZXML/RNAi 13_3122023_48.mzXML,4.690730994,4.755635965,290230,284298.79,RNAi,13,48,0.085221375,0.426106875,29.82748126
166,165,165,C11:1,./230312MZXML/RNAi 13_3122023_48.mzXML,5.125095029,5.16503655,274671,269290.5725,RNAi,13,48,0.005553557,0.027767785,1.943744959
222,221,221,C11,./230312MZXML/RNAi 13_3122023_48.mzXML,5.17002924,5.264890351,8744851,8702609.018,RNAi,13,48,0.176811635,0.884058177,61.88407239
278,277,277,dimeBQ,./230312MZXML/RNAi 13_3122023_48.mzXML,5.299839181,5.374729532,3405601,3386271.095,RNAi,13,48,1,5,350
334,333,333,memeOBQ,./230312MZXML/RNAi 13_3122023_48.mzXML,5.709239766,5.799108187,2057340,2048454.398,RNAi,13,48,0.604104826,3.020524131,211.4366891
390,389,389,ethyl decanoate,./230312MZXML/RNAi 13_3122023_48.mzXML,6.782668129,6.86255117,1533779,1523954.263,RNAi,13,48,0.031011389,0.155056943,10.85398604
446,445,445,isopropyl decanoate,./230312MZXML/RNAi 13_3122023_48.mzXML,6.93744152,7.017324561,112974,105920.4,RNAi,13,48,0.002284215,0.011421074,0.799475165
502,501,501,ethyl dodecanoate,./230312MZXML/RNAi 13_3122023_48.mzXML,7.71130848,7.816154971,922518,913763.55,RNAi,13,48,0.018652338,0.09326169,6.528318286
558,557,557,isopropyl dodecanoate,./230312MZXML/RNAi 13_3122023_48.mzXML,7.841118421,7.930986842,174949,168030.85,RNAi,13,48,0.003537284,0.017686418,1.238049291
614,613,613,C18,./230312MZXML/RNAi 13_3122023_48.mzXML,8.57504386,8.654926901,49458572,49365693.97,RNAi,13,48,1,5,350
55,54,54,pBQ,./230312MZXML/GFP_3122023_19.mzXML,4.051666667,4.091608187,1564797,1544161.455,GFP,GFP,19,0.47183247,2.359162351,165.1413646
111,110,110,meBQ,./230312MZXML/GFP_3122023_19.mzXML,4.690730994,4.755635965,21536364,21349912.17,GFP,GFP,19,6.49384925,32.46924625,2272.847238
167,166,166,C11:1,./230312MZXML/GFP_3122023_19.mzXML,5.125095029,5.16503655,6727533,6619413.485,GFP,GFP,19,0.160601548,0.80300774,56.21054181
223,222,222,C11,./230312MZXML/GFP_3122023_19.mzXML,5.17002924,5.264890351,312329976,310926217.6,GFP,GFP,19,7.456028479,37.28014239,2609.609968
279,278,278,dimeBQ,./230312MZXML/GFP_3122023_19.mzXML,5.299839181,5.374729532,3316425,3296117.65,GFP,GFP,19,1,5,350
335,334,334,memeOBQ,./230312MZXML/GFP_3122023_19.mzXML,5.709239766,5.799108187,8973430,8941729.845,GFP,GFP,19,2.705753937,13.52876968,947.0138779
391,390,390,ethyl decanoate,./230312MZXML/GFP_3122023_19.mzXML,6.782668129,6.86255117,74695190,74499998.19,GFP,GFP,19,1.783144452,8.915722259,624.1005582
447,446,446,isopropyl decanoate,./230312MZXML/GFP_3122023_19.mzXML,6.93744152,7.017324561,4001611,3973173.363,GFP,GFP,19,0.095527576,0.477637881,33.43465166
503,502,502,ethyl dodecanoate,./230312MZXML/GFP_3122023_19.mzXML,7.71130848,7.816154971,4416603,4405164.4,GFP,GFP,19,0.105434381,0.527171906,36.90203342
559,558,558,isopropyl dodecanoate,./230312MZXML/GFP_3122023_19.mzXML,7.841118421,7.930986842,432412,426523.965,GFP,GFP,19,0.01032266,0.051613301,3.612931041
615,614,614,C18,./230312MZXML/GFP_3122023_19.mzXML,8.57504386,8.654926901,41889590,41810433.41,GFP,GFP,19,1,5,350
56,55,55,pBQ,./230312MZXML/RNAi 13_3122023_77.mzXML,4.051666667,4.091608187,516447,508635.3675,RNAi,13,77,0.142784075,0.713920374,49.97442617
112,111,111,meBQ,./230312MZXML/RNAi 13_3122023_77.mzXML,4.690730994,4.755635965,287245,282030.37,RNAi,13,77,0.079415722,0.397078612,27.79550282
168,167,167,C11:1,./230312MZXML/RNAi 13_3122023_77.mzXML,5.125095029,5.16503655,218391,214603.4575,RNAi,13,77,0.003673369,0.018366845,1.285679172
224,223,223,C11,./230312MZXML/RNAi 13_3122023_77.mzXML,5.17002924,5.264890351,2775131,2756452.76,RNAi,13,77,0.046678116,0.233390578,16.33734049
280,279,279,dimeBQ,./230312MZXML/RNAi 13_3122023_77.mzXML,5.299839181,5.374729532,3616979,3597580.67,RNAi,13,77,1,5,350
336,335,335,memeOBQ,./230312MZXML/RNAi 13_3122023_77.mzXML,5.709239766,5.799108187,2426472,2417972.935,RNAi,13,77,0.670855982,3.354279911,234.7995938
392,391,391,ethyl decanoate,./230312MZXML/RNAi 13_3122023_77.mzXML,6.782668129,6.86255117,1385840,1373546.45,RNAi,13,77,0.023310035,0.116550173,8.158512138
448,447,447,isopropyl decanoate,./230312MZXML/RNAi 13_3122023_77.mzXML,6.93744152,7.017324561,66623,59918.7875,RNAi,13,77,0.001120609,0.005603044,0.392213065
504,503,503,ethyl dodecanoate,./230312MZXML/RNAi 13_3122023_77.mzXML,7.71130848,7.816154971,1143657,1135621.5,RNAi,13,77,0.019236481,0.096182403,6.732768225
560,559,559,isopropyl dodecanoate,./230312MZXML/RNAi 13_3122023_77.mzXML,7.841118421,7.930986842,177008,170364.5275,RNAi,13,77,0.002977301,0.014886504,1.0420553
616,615,615,C18,./230312MZXML/RNAi 13_3122023_77.mzXML,8.57504386,8.654926901,59452507,59327165.07,RNAi,13,77,1,5,350