,X,Unnamed..0,compound,data,start,stop,area,area_linkpoint,RNAi,Gene,Vial,Total,ratio,ng_uL,ng
1,7,7,pBQ,./20221031_DCor_RNAi/GFP2_1112022_48.mzXML,4.046208107,4.086154331,4497921,4479900.445,GFP,2,48,GFP,0.196304428,0.981522139,68.70654975
15,109,109,meBQ,./20221031_DCor_RNAi/GFP2_1112022_48.mzXML,4.685347691,4.750260305,25917159,25903477.38,GFP,2,48,GFP,1.131112145,5.655560724,395.8892507
29,211,211,C11:1,./20221031_DCor_RNAi/GFP2_1112022_48.mzXML,5.119762878,5.159709102,1046383,1036459.415,GFP,2,48,GFP,0.013179715,0.065898573,4.612900115
43,313,313,C11,./20221031_DCor_RNAi/GFP2_1112022_48.mzXML,5.16470238,5.259574662,386159194,386132210.7,GFP,2,48,GFP,4.863867219,24.3193361,1702.353527
57,415,415,dimeBQ,./20221031_DCor_RNAi/GFP2_1112022_48.mzXML,5.294527608,5.369426778,22912988,22889735.47,GFP,2,48,GFP,1,5,350
71,517,517,memeOBQ,./20221031_DCor_RNAi/GFP2_1112022_48.mzXML,5.703976404,5.793855408,9294619,9283116.163,GFP,2,48,GFP,0.405648491,2.028242454,141.9769718
85,619,619,ethyl decanoate,./20221031_DCor_RNAi/GFP2_1112022_48.mzXML,6.777531175,6.857423623,86177678,86159243.94,GFP,2,48,GFP,1.08545074,5.427253702,379.9077591
99,721,721,isopropyl decanoate,./20221031_DCor_RNAi/GFP2_1112022_48.mzXML,6.932322793,7.012215241,1514567,1498836.613,GFP,2,48,GFP,0.019076725,0.095383625,6.676853779
113,823,823,ethyl dodecanoate,./20221031_DCor_RNAi/GFP2_1112022_48.mzXML,7.706280884,7.811139722,4728828,4718774,GFP,2,48,GFP,0.059561942,0.29780971,20.84667968
127,925,925,isopropyl dodecanoate,./20221031_DCor_RNAi/GFP2_1112022_48.mzXML,7.836106112,7.925985116,341795,333980.44,GFP,2,48,GFP,0.004305078,0.021525391,1.506777341
141,1027,1027,C18,./20221031_DCor_RNAi/GFP2_1112022_48.mzXML,8.570117979,8.650010427,79393449,79372510.8,GFP,2,48,GFP,1,5,350
2,15,15,pBQ,./20221031_DCor_RNAi/GFP2_1112022_55.mzXML,4.046693431,4.086635036,717619,704212.32,GFP,2,55,GFP,0.03012829,0.150641452,10.54490164
16,117,117,meBQ,./20221031_DCor_RNAi/GFP2_1112022_55.mzXML,4.685759124,4.750664234,5539227,5527830.51,GFP,2,55,GFP,0.232557164,1.162785821,81.39500745
30,219,219,C11:1,./20221031_DCor_RNAi/GFP2_1112022_55.mzXML,5.120124088,5.160065693,267191,261360.4375,GFP,2,55,GFP,0.003200287,0.016001435,1.120100444
44,321,321,C11,./20221031_DCor_RNAi/GFP2_1112022_55.mzXML,5.165058394,5.259919708,57429884,57410851.57,GFP,2,55,GFP,0.687867893,3.439339463,240.7537624
58,423,423,dimeBQ,./20221031_DCor_RNAi/GFP2_1112022_55.mzXML,5.294868613,5.369759124,23818776,23790560.93,GFP,2,55,GFP,1,5,350
72,525,525,memeOBQ,./20221031_DCor_RNAi/GFP2_1112022_55.mzXML,5.704270073,5.794138686,3644052,3633124.145,GFP,2,55,GFP,0.152990733,0.764953665,53.54675656
86,627,627,ethyl decanoate,./20221031_DCor_RNAi/GFP2_1112022_55.mzXML,6.77770073,6.857583942,5357478,5345604.75,GFP,2,55,GFP,0.064169329,0.320846643,22.45926504
100,729,729,isopropyl decanoate,./20221031_DCor_RNAi/GFP2_1112022_55.mzXML,6.932474453,7.012357664,395037,384911.85,GFP,2,55,GFP,0.004731566,0.023657828,1.656047992
114,831,831,ethyl dodecanoate,./20221031_DCor_RNAi/GFP2_1112022_55.mzXML,7.706343066,7.811189781,1740208,1729370,GFP,2,55,GFP,0.020843385,0.104216927,7.295184915
128,933,933,isopropyl dodecanoate,./20221031_DCor_RNAi/GFP2_1112022_55.mzXML,7.836153285,7.926021898,376738,368689.18,GFP,2,55,GFP,0.004512389,0.022561945,1.579336134
142,1035,1035,C18,./20221031_DCor_RNAi/GFP2_1112022_55.mzXML,8.570080292,8.649963504,83489700,83453375.95,GFP,2,55,GFP,1,5,350
3,16,16,pBQ,./20221031_DCor_RNAi/GFP11_1112022_98.mzXML,4.046693431,4.086635036,1653876,1637365.188,GFP,11,98,GFP,0.056347199,0.281735996,19.72151971
17,118,118,meBQ,./20221031_DCor_RNAi/GFP11_1112022_98.mzXML,4.685759124,4.750664234,19744811,19730422.34,GFP,11,98,GFP,0.672701459,3.363507295,235.4455106
31,220,220,C11:1,./20221031_DCor_RNAi/GFP11_1112022_98.mzXML,5.120124088,5.160065693,1309972,1299733.31,GFP,11,98,GFP,0.012602537,0.063012685,4.41088797
45,322,322,C11,./20221031_DCor_RNAi/GFP11_1112022_98.mzXML,5.165058394,5.259919708,348286384,348255872.4,GFP,11,98,GFP,3.350676244,16.75338122,1172.736686
59,424,424,dimeBQ,./20221031_DCor_RNAi/GFP11_1112022_98.mzXML,5.294868613,5.369759124,29351521,29317498.62,GFP,11,98,GFP,1,5,350
73,526,526,memeOBQ,./20221031_DCor_RNAi/GFP11_1112022_98.mzXML,5.704270073,5.794138686,10249355,10235551.26,GFP,11,98,GFP,0.349193318,1.745966589,122.2176612
87,628,628,ethyl decanoate,./20221031_DCor_RNAi/GFP11_1112022_98.mzXML,6.77770073,6.857583942,71652891,71634390.23,GFP,11,98,GFP,0.689333981,3.446669907,241.2668935
101,730,730,isopropyl decanoate,./20221031_DCor_RNAi/GFP11_1112022_98.mzXML,6.932474453,7.012357664,1123901,1107216.313,GFP,11,98,GFP,0.010812448,0.05406224,3.784356766
115,832,832,ethyl dodecanoate,./20221031_DCor_RNAi/GFP11_1112022_98.mzXML,7.706343066,7.811189781,4742020,4729782.05,GFP,11,98,GFP,0.045620428,0.228102138,15.96714966
129,934,934,isopropyl dodecanoate,./20221031_DCor_RNAi/GFP11_1112022_98.mzXML,7.836153285,7.926021898,419189,409902.6225,GFP,11,98,GFP,0.004032792,0.020163961,1.411477282
143,1036,1036,C18,./20221031_DCor_RNAi/GFP11_1112022_98.mzXML,8.570080292,8.649963504,103945102,103893795,GFP,11,98,GFP,1,5,350
4,22,22,pBQ,./20221031_DCor_RNAi/GFP2_1112022_57.mzXML,4.046693431,4.086635036,317096,304075.9125,GFP,2,57,GFP,0.012743648,0.06371824,4.460276793
18,124,124,meBQ,./20221031_DCor_RNAi/GFP2_1112022_57.mzXML,4.685759124,4.750664234,9547861,9535352.83,GFP,2,57,GFP,0.383715277,1.918576386,134.300347
32,226,226,C11:1,./20221031_DCor_RNAi/GFP2_1112022_57.mzXML,5.120124088,5.160065693,59151,54174.7525,GFP,2,57,GFP,0.000730955,0.003654777,0.255834402
46,328,328,C11,./20221031_DCor_RNAi/GFP2_1112022_57.mzXML,5.165058394,5.259919708,17777126,17760708.29,GFP,2,57,GFP,0.219679919,1.098399594,76.8879716
60,430,430,dimeBQ,./20221031_DCor_RNAi/GFP2_1112022_57.mzXML,5.294868613,5.369759124,24882671,24854068.06,GFP,2,57,GFP,1,5,350
74,532,532,memeOBQ,./20221031_DCor_RNAi/GFP2_1112022_57.mzXML,5.704270073,5.794138686,5186938,5174307.383,GFP,2,57,GFP,0.208455837,1.042279183,72.95954281
88,634,634,ethyl decanoate,./20221031_DCor_RNAi/GFP2_1112022_57.mzXML,6.77770073,6.857583942,3441971,3430486.138,GFP,2,57,GFP,0.042533979,0.212669897,14.88689277
102,736,736,isopropyl decanoate,./20221031_DCor_RNAi/GFP2_1112022_57.mzXML,6.932474453,7.012357664,854149,843964.9,GFP,2,57,GFP,0.010555102,0.052775511,3.694285795
116,838,838,ethyl dodecanoate,./20221031_DCor_RNAi/GFP2_1112022_57.mzXML,7.706343066,7.811189781,1829238,1818613,GFP,2,57,GFP,0.022604714,0.113023572,7.911650027
130,940,940,isopropyl dodecanoate,./20221031_DCor_RNAi/GFP2_1112022_57.mzXML,7.836153285,7.926021898,298830,290774.38,GFP,2,57,GFP,0.003692776,0.018463882,1.292471716
144,1042,1042,C18,./20221031_DCor_RNAi/GFP2_1112022_57.mzXML,8.570080292,8.649963504,80922854,80872031.73,GFP,2,57,GFP,1,5,350
5,25,25,pBQ,./20221031_DCor_RNAi/GFP2_1112022_49.mzXML,4.046693431,4.086635036,1104444,1091308.08,GFP,2,49,GFP,0.052349267,0.261746335,18.32224345
19,127,127,meBQ,./20221031_DCor_RNAi/GFP2_1112022_49.mzXML,4.685759124,4.750664234,11100065,11088191.66,GFP,2,49,GFP,0.526129225,2.630646127,184.1452289
33,229,229,C11:1,./20221031_DCor_RNAi/GFP2_1112022_49.mzXML,5.120124088,5.160065693,855370,847844.475,GFP,2,49,GFP,0.011732222,0.058661112,4.106277858
47,331,331,C11,./20221031_DCor_RNAi/GFP2_1112022_49.mzXML,5.165058394,5.259919708,283013967,282992908.6,GFP,2,49,GFP,3.881808828,19.40904414,1358.63309
61,433,433,dimeBQ,./20221031_DCor_RNAi/GFP2_1112022_49.mzXML,5.294868613,5.369759124,21097602,21074172.44,GFP,2,49,GFP,1,5,350
75,535,535,memeOBQ,./20221031_DCor_RNAi/GFP2_1112022_49.mzXML,5.704270073,5.794138686,8528191,8516765.47,GFP,2,49,GFP,0.404225608,2.021128041,141.4789629
89,637,637,ethyl decanoate,./20221031_DCor_RNAi/GFP2_1112022_49.mzXML,6.77770073,6.857583942,50530748,50513849.53,GFP,2,49,GFP,0.693077821,3.465389107,242.5772375
103,739,739,isopropyl decanoate,./20221031_DCor_RNAi/GFP2_1112022_49.mzXML,6.932474453,7.012357664,688765,675378.85,GFP,2,49,GFP,0.009447075,0.047235373,3.306476108
117,841,841,ethyl dodecanoate,./20221031_DCor_RNAi/GFP2_1112022_49.mzXML,7.706343066,7.811189781,2568039,2558939.9,GFP,2,49,GFP,0.035223125,0.176115627,12.3280939
131,943,943,isopropyl dodecanoate,./20221031_DCor_RNAi/GFP2_1112022_49.mzXML,7.836153285,7.926021898,242177,235085.28,GFP,2,49,GFP,0.003321691,0.016608453,1.162591689
145,1045,1045,C18,./20221031_DCor_RNAi/GFP2_1112022_49.mzXML,8.570080292,8.649963504,72907755,72860438.47,GFP,2,49,GFP,1,5,350
6,43,43,pBQ,./20221031_DCor_RNAi/GFP2_1112022_56.mzXML,4.053386861,4.093270073,8373891,8332705.258,GFP,2,56,GFP,0.31323419,1.566170948,109.6319664
20,145,145,meBQ,./20221031_DCor_RNAi/GFP2_1112022_56.mzXML,4.691518248,4.756328467,86671097,86648906.33,GFP,2,56,GFP,3.242023431,16.21011715,1134.708201
34,247,247,C11:1,./20221031_DCor_RNAi/GFP2_1112022_56.mzXML,5.125248175,5.165131387,4036273,4018756.498,GFP,2,56,GFP,0.047220821,0.236104107,16.52728751
48,349,349,C11,./20221031_DCor_RNAi/GFP2_1112022_56.mzXML,5.170116788,5.264839416,717662938,717567245.5,GFP,2,56,GFP,8.396021145,41.98010573,2938.607401
62,451,451,dimeBQ,./20221031_DCor_RNAi/GFP2_1112022_56.mzXML,5.299737226,5.374518248,26733643,26704743.75,GFP,2,56,GFP,1,5,350
76,553,553,memeOBQ,./20221031_DCor_RNAi/GFP2_1112022_56.mzXML,5.708540146,5.798277372,24804344,24786020.51,GFP,2,56,GFP,0.927832544,4.639162721,324.7413905
90,655,655,ethyl decanoate,./20221031_DCor_RNAi/GFP2_1112022_56.mzXML,6.78040146,6.860167883,204899927,204861341.3,GFP,2,56,GFP,2.397147782,11.98573891,839.0017235
104,757,757,isopropyl decanoate,./20221031_DCor_RNAi/GFP2_1112022_56.mzXML,6.934948905,7.014715328,5705900,5669222.038,GFP,2,56,GFP,0.06675398,0.333769898,23.36389283
118,859,859,ethyl dodecanoate,./20221031_DCor_RNAi/GFP2_1112022_56.mzXML,7.707686131,7.812379562,5559093,5546826.65,GFP,2,56,GFP,0.065036468,0.325182338,22.76276364
132,961,961,isopropyl dodecanoate,./20221031_DCor_RNAi/GFP2_1112022_56.mzXML,7.837306569,7.927043796,452728,443087.6825,GFP,2,56,GFP,0.005296517,0.026482584,1.853780906
146,1063,1063,C18,./20221031_DCor_RNAi/GFP2_1112022_56.mzXML,8.570160584,8.649927007,85476552,85440972.96,GFP,2,56,GFP,1,5,350
7,45,45,pBQ,./20221031_DCor_RNAi/GFP2_1112022_54.mzXML,4.046693431,4.086635036,7334675,7312172.958,GFP,2,54,GFP,0.28744513,1.437225649,100.6057954
21,147,147,meBQ,./20221031_DCor_RNAi/GFP2_1112022_54.mzXML,4.685759124,4.750664234,34016359,34001338.78,GFP,2,54,GFP,1.333097475,6.665487377,466.5841164
35,249,249,C11:1,./20221031_DCor_RNAi/GFP2_1112022_54.mzXML,5.120124088,5.160065693,2035980,2022892.993,GFP,2,54,GFP,0.023776162,0.118880811,8.321656799
49,351,351,C11,./20221031_DCor_RNAi/GFP2_1112022_54.mzXML,5.165058394,5.259919708,529038079,529006686.1,GFP,2,54,GFP,6.178103528,30.89051764,2162.336235
63,453,453,dimeBQ,./20221031_DCor_RNAi/GFP2_1112022_54.mzXML,5.294868613,5.369759124,25516783,25488841.35,GFP,2,54,GFP,1,5,350
77,555,555,memeOBQ,./20221031_DCor_RNAi/GFP2_1112022_54.mzXML,5.704270073,5.794138686,21656376,21641293.39,GFP,2,54,GFP,0.848711062,4.24355531,297.0488717
91,657,657,ethyl decanoate,./20221031_DCor_RNAi/GFP2_1112022_54.mzXML,6.77770073,6.857583942,162841707,162817516.7,GFP,2,54,GFP,1.901664482,9.50832241,665.5825687
105,759,759,isopropyl decanoate,./20221031_DCor_RNAi/GFP2_1112022_54.mzXML,6.932474453,7.012357664,12398933,12370828.29,GFP,2,54,GFP,0.144794666,0.723973328,50.67813294
119,861,861,ethyl dodecanoate,./20221031_DCor_RNAi/GFP2_1112022_54.mzXML,7.706343066,7.811189781,9713206,9701239.35,GFP,2,54,GFP,0.113430762,0.567153808,39.70076658
133,963,963,isopropyl dodecanoate,./20221031_DCor_RNAi/GFP2_1112022_54.mzXML,7.836153285,7.926021898,932758,922717.8425,GFP,2,54,GFP,0.010892742,0.054463712,3.812459824
147,1065,1065,C18,./20221031_DCor_RNAi/GFP2_1112022_54.mzXML,8.570080292,8.649963504,85631145,85592726.45,GFP,2,54,GFP,1,5,350
8,56,56,pBQ,./20221031_DCor_RNAi/GFP11_1112022_97.mzXML,4.04902018,4.088944977,16254791,16217787.72,GFP,11,97,GFP,0.603010931,3.015054655,211.0538259
22,158,158,meBQ,./20221031_DCor_RNAi/GFP11_1112022_97.mzXML,4.687816946,4.752694742,96062465,96042572.99,GFP,11,97,GFP,3.563670333,17.81835167,1247.284617
36,260,260,C11:1,./20221031_DCor_RNAi/GFP11_1112022_97.mzXML,5.121999123,5.161923921,4625824,4601370.323,GFP,11,97,GFP,0.051883836,0.259419181,18.15934269
50,362,362,C11,./20221031_DCor_RNAi/GFP11_1112022_97.mzXML,5.16691452,5.261735915,817126966,817072837,GFP,11,97,GFP,9.165001027,45.82500513,3207.750359
64,464,464,dimeBQ,./20221031_DCor_RNAi/GFP11_1112022_97.mzXML,5.296670114,5.37152911,26956047,26921399.17,GFP,11,97,GFP,1,5,350
78,566,566,memeOBQ,./20221031_DCor_RNAi/GFP11_1112022_97.mzXML,5.705899292,5.795730087,35102675,35081170.89,GFP,11,97,GFP,1.302218942,6.511094709,455.7766296
92,668,668,ethyl decanoate,./20221031_DCor_RNAi/GFP11_1112022_97.mzXML,6.778878235,6.858727831,483926286,483887227.2,GFP,11,97,GFP,5.427779394,27.13889697,1899.722788
106,770,770,isopropyl decanoate,./20221031_DCor_RNAi/GFP11_1112022_97.mzXML,6.933586827,7.013436423,6028440,5986478.588,GFP,11,97,GFP,0.067615758,0.338078788,23.66551513
120,872,872,ethyl dodecanoate,./20221031_DCor_RNAi/GFP11_1112022_97.mzXML,7.707129786,7.81193238,25689272,25675240.1,GFP,11,97,GFP,0.288134175,1.440670875,100.8469613
134,974,974,isopropyl dodecanoate,./20221031_DCor_RNAi/GFP11_1112022_97.mzXML,7.836885379,7.926716174,810090,799193.085,GFP,11,97,GFP,0.009086074,0.045430368,3.180125729
148,1076,1076,C18,./20221031_DCor_RNAi/GFP11_1112022_97.mzXML,8.57050354,8.650353136,89157324,89138057.55,GFP,11,97,GFP,1,5,350
9,62,62,pBQ,./20221031_DCor_RNAi/GFP2_1112022_47.mzXML,4.046693431,4.086635036,3004276,2988324.19,GFP,2,47,GFP,0.120545343,0.602726715,42.19087003
23,164,164,meBQ,./20221031_DCor_RNAi/GFP2_1112022_47.mzXML,4.685759124,4.750664234,29585305,29570814.52,GFP,2,47,GFP,1.187098235,5.935491175,415.4843822
37,266,266,C11:1,./20221031_DCor_RNAi/GFP2_1112022_47.mzXML,5.120124088,5.160065693,1753745,1742112.47,GFP,2,47,GFP,0.022180094,0.110900469,7.763032855
51,368,368,C11,./20221031_DCor_RNAi/GFP2_1112022_47.mzXML,5.165058394,5.259919708,469576266,469548265.3,GFP,2,47,GFP,5.938859788,29.69429894,2078.600926
65,470,470,dimeBQ,./20221031_DCor_RNAi/GFP2_1112022_47.mzXML,5.294868613,5.369759124,24922373,24896175.85,GFP,2,47,GFP,1,5,350
79,572,572,memeOBQ,./20221031_DCor_RNAi/GFP2_1112022_47.mzXML,5.704270073,5.794138686,13856283,13843659.14,GFP,2,47,GFP,0.555977675,2.779888376,194.5921863
93,674,674,ethyl decanoate,./20221031_DCor_RNAi/GFP2_1112022_47.mzXML,6.77770073,6.857583942,105098279,105078413.1,GFP,2,47,GFP,1.329206751,6.646033756,465.2223629
107,776,776,isopropyl decanoate,./20221031_DCor_RNAi/GFP2_1112022_47.mzXML,6.932474453,7.012357664,10609352,10587249.31,GFP,2,47,GFP,0.134179384,0.670896919,46.9627843
121,878,878,ethyl dodecanoate,./20221031_DCor_RNAi/GFP2_1112022_47.mzXML,7.706343066,7.811189781,7866713,7856583,GFP,2,47,GFP,0.099492476,0.497462381,34.82236669
135,980,980,isopropyl dodecanoate,./20221031_DCor_RNAi/GFP2_1112022_47.mzXML,7.836153285,7.926021898,815057,806318.7875,GFP,2,47,GFP,0.010308249,0.051541247,3.607887275
149,1082,1082,C18,./20221031_DCor_RNAi/GFP2_1112022_47.mzXML,8.570080292,8.649963504,79068421,79019221.29,GFP,2,47,GFP,1,5,350
10,65,65,pBQ,./20221031_DCor_RNAi/GFP11_1112022_105.mzXML,4.046208107,4.086154331,5661946,5638928.88,GFP,11,105,GFP,0.180056083,0.900280416,63.0196291
24,167,167,meBQ,./20221031_DCor_RNAi/GFP11_1112022_105.mzXML,4.685347691,4.750260305,70420798,70401405.04,GFP,11,105,GFP,2.239458493,11.19729247,783.8104727
38,269,269,C11:1,./20221031_DCor_RNAi/GFP11_1112022_105.mzXML,5.119762878,5.159709102,2129263,2112669.448,GFP,11,105,GFP,0.019467517,0.097337585,6.813630947
52,371,371,C11,./20221031_DCor_RNAi/GFP11_1112022_105.mzXML,5.16470238,5.259574662,606663114,606618963.8,GFP,11,105,GFP,5.546625513,27.73312757,1941.31893
66,473,473,dimeBQ,./20221031_DCor_RNAi/GFP11_1112022_105.mzXML,5.294527608,5.369426778,31445458,31411575.24,GFP,11,105,GFP,1,5,350
80,575,575,memeOBQ,./20221031_DCor_RNAi/GFP11_1112022_105.mzXML,5.703976404,5.793855408,27785596,27767571.45,GFP,11,105,GFP,0.883612381,4.418061903,309.2643332
94,677,677,ethyl decanoate,./20221031_DCor_RNAi/GFP11_1112022_105.mzXML,6.777531175,6.857423623,214143312,214115810.2,GFP,11,105,GFP,1.957878649,9.789393244,685.257527
108,779,779,isopropyl decanoate,./20221031_DCor_RNAi/GFP11_1112022_105.mzXML,6.932322793,7.012215241,4941122,4911520.588,GFP,11,105,GFP,0.045175902,0.22587951,15.81156568
122,881,881,ethyl dodecanoate,./20221031_DCor_RNAi/GFP11_1112022_105.mzXML,7.706280884,7.811139722,14534654,14519329,GFP,11,105,GFP,0.132888057,0.664440287,46.51082008
136,983,983,isopropyl dodecanoate,./20221031_DCor_RNAi/GFP11_1112022_105.mzXML,7.836106112,7.925985116,662630,651023.1225,GFP,11,105,GFP,0.006058322,0.03029161,2.120412685
150,1085,1085,C18,./20221031_DCor_RNAi/GFP11_1112022_105.mzXML,8.570117979,8.650010427,109375171,109354310.9,GFP,11,105,GFP,1,5,350
11,75,75,pBQ,./20221031_DCor_RNAi/GFP11_1112022_107.mzXML,4.046208107,4.086154331,8052166,8025410.093,GFP,11,107,GFP,0.290288276,1.451441382,101.6008967
25,177,177,meBQ,./20221031_DCor_RNAi/GFP11_1112022_107.mzXML,4.685347691,4.750260305,36897415,36881891.08,GFP,11,107,GFP,1.330187058,6.650935292,465.5654704
39,279,279,C11:1,./20221031_DCor_RNAi/GFP11_1112022_107.mzXML,5.119762878,5.159709102,2519921,2501674.065,GFP,11,107,GFP,0.028512292,0.142561458,9.97930203
53,381,381,C11,./20221031_DCor_RNAi/GFP11_1112022_107.mzXML,5.16470238,5.259574662,660004964,659958054.3,GFP,11,107,GFP,7.467795194,37.33897597,2613.728318
67,483,483,dimeBQ,./20221031_DCor_RNAi/GFP11_1112022_107.mzXML,5.294527608,5.369426778,27738516,27702966.36,GFP,11,107,GFP,1,5,350
81,585,585,memeOBQ,./20221031_DCor_RNAi/GFP11_1112022_107.mzXML,5.703976404,5.793855408,26413474,26395728.42,GFP,11,107,GFP,0.95223097,4.761154851,333.2808395
95,687,687,ethyl decanoate,./20221031_DCor_RNAi/GFP11_1112022_107.mzXML,6.777531175,6.857423623,175468653,175443030.6,GFP,11,107,GFP,1.985385012,9.926925062,694.8847543
109,789,789,isopropyl decanoate,./20221031_DCor_RNAi/GFP11_1112022_107.mzXML,6.932322793,7.012215241,31183262,31143254,GFP,11,107,GFP,0.352831004,1.76415502,123.4908514
123,891,891,ethyl dodecanoate,./20221031_DCor_RNAi/GFP11_1112022_107.mzXML,7.706280884,7.811139722,12662561,12647576,GFP,11,107,GFP,0.143273789,0.716368947,50.14582627
137,993,993,isopropyl dodecanoate,./20221031_DCor_RNAi/GFP11_1112022_107.mzXML,7.836106112,7.925985116,2179535,2167240.558,GFP,11,107,GFP,0.024660907,0.123304535,8.63131743
151,1095,1095,C18,./20221031_DCor_RNAi/GFP11_1112022_107.mzXML,8.570117979,8.650010427,88380164,88362196.51,GFP,11,107,GFP,1,5,350
12,78,78,pBQ,./20221031_DCor_RNAi/GFP11_1112022_96.mzXML,4.046208107,4.086154331,389200,375039.735,GFP,11,96,GFP,0.015576881,0.077884403,5.451908242
26,180,180,meBQ,./20221031_DCor_RNAi/GFP11_1112022_96.mzXML,4.685347691,4.750260305,2748846,2737224.15,GFP,11,96,GFP,0.110016563,0.550082813,38.50579692
40,282,282,C11:1,./20221031_DCor_RNAi/GFP11_1112022_96.mzXML,5.119762878,5.159709102,291926,285920.7,GFP,11,96,GFP,0.003266108,0.016330538,1.143137684
54,384,384,C11,./20221031_DCor_RNAi/GFP11_1112022_96.mzXML,5.16470238,5.259574662,101307264,101285392.2,GFP,11,96,GFP,1.133439405,5.667197025,396.7037918
68,486,486,dimeBQ,./20221031_DCor_RNAi/GFP11_1112022_96.mzXML,5.294527608,5.369426778,24985747,24953109.78,GFP,11,96,GFP,1,5,350
82,588,588,memeOBQ,./20221031_DCor_RNAi/GFP11_1112022_96.mzXML,5.703976404,5.793855408,4904237,4891531.583,GFP,11,96,GFP,0.196281384,0.98140692,68.69848438
96,690,690,ethyl decanoate,./20221031_DCor_RNAi/GFP11_1112022_96.mzXML,6.777531175,6.857423623,23945713,23930024.31,GFP,11,96,GFP,0.267907884,1.339539418,93.76775928
110,792,792,isopropyl decanoate,./20221031_DCor_RNAi/GFP11_1112022_96.mzXML,6.932322793,7.012215241,773917,761918.9875,GFP,11,96,GFP,0.008658688,0.043293442,3.030540914
124,894,894,ethyl dodecanoate,./20221031_DCor_RNAi/GFP11_1112022_96.mzXML,7.706280884,7.811139722,2205952,2194206.15,GFP,11,96,GFP,0.02468049,0.12340245,8.638171522
138,996,996,isopropyl dodecanoate,./20221031_DCor_RNAi/GFP11_1112022_96.mzXML,7.836106112,7.925985116,390522,381651.145,GFP,11,96,GFP,0.004369213,0.021846065,1.529224579
152,1098,1098,C18,./20221031_DCor_RNAi/GFP11_1112022_96.mzXML,8.570117979,8.650010427,89380397,89360792.56,GFP,11,96,GFP,1,5,350
13,91,91,pBQ,./20221031_DCor_RNAi/GFP11_1112022_106.mzXML,4.046208107,4.086154331,4089769,4068412.018,GFP,11,106,GFP,0.123934287,0.619671434,43.37700036
27,193,193,meBQ,./20221031_DCor_RNAi/GFP11_1112022_106.mzXML,4.685347691,4.750260305,55331168,55313051.6,GFP,11,106,GFP,1.676727669,8.383638344,586.8546841
41,295,295,C11:1,./20221031_DCor_RNAi/GFP11_1112022_106.mzXML,5.119762878,5.159709102,2575493,2556408.218,GFP,11,106,GFP,0.021310491,0.106552453,7.458671706
55,397,397,C11,./20221031_DCor_RNAi/GFP11_1112022_106.mzXML,5.16470238,5.259574662,670089476,670039611.3,GFP,11,106,GFP,5.54454447,27.72272235,1940.590565
69,499,499,dimeBQ,./20221031_DCor_RNAi/GFP11_1112022_106.mzXML,5.294527608,5.369426778,32999496,32966138.03,GFP,11,106,GFP,1,5,350
83,601,601,memeOBQ,./20221031_DCor_RNAi/GFP11_1112022_106.mzXML,5.703976404,5.793855408,32391384,32372906.4,GFP,11,106,GFP,0.981572082,4.907860411,343.5502288
97,703,703,ethyl decanoate,./20221031_DCor_RNAi/GFP11_1112022_106.mzXML,6.777531175,6.857423623,275935898,275906538.3,GFP,11,106,GFP,2.283185921,11.4159296,799.1150723
111,805,805,isopropyl decanoate,./20221031_DCor_RNAi/GFP11_1112022_106.mzXML,6.932322793,7.012215241,9950956,9912198.138,GFP,11,106,GFP,0.082337539,0.411687693,28.81813849
125,907,907,ethyl dodecanoate,./20221031_DCor_RNAi/GFP11_1112022_106.mzXML,7.706280884,7.811139722,15106545,15092172.5,GFP,11,106,GFP,0.124996606,0.624983032,43.74881227
139,1009,1009,isopropyl dodecanoate,./20221031_DCor_RNAi/GFP11_1112022_106.mzXML,7.836106112,7.925985116,893942,882233.3775,GFP,11,106,GFP,0.007396775,0.036983876,2.588871296
153,1111,1111,C18,./20221031_DCor_RNAi/GFP11_1112022_106.mzXML,8.570117979,8.650010427,120855641,120833177.2,GFP,11,106,GFP,1,5,350
14,97,97,pBQ,./20221031_DCor_RNAi/GFP2_1112022_46.mzXML,4.046693431,4.086635036,2896773,2880553.108,GFP,2,46,GFP,0.121437264,0.607186321,42.50304246
28,199,199,meBQ,./20221031_DCor_RNAi/GFP2_1112022_46.mzXML,4.685759124,4.750664234,26997982,26983843.36,GFP,2,46,GFP,1.131797718,5.658988592,396.1292014
42,301,301,C11:1,./20221031_DCor_RNAi/GFP2_1112022_46.mzXML,5.120124088,5.160065693,990156,981503.825,GFP,2,46,GFP,0.012702656,0.06351328,4.44592958
56,403,403,C11,./20221031_DCor_RNAi/GFP2_1112022_46.mzXML,5.165058394,5.259919708,295103207,295078364.2,GFP,2,46,GFP,3.785862537,18.92931268,1325.051888
70,505,505,dimeBQ,./20221031_DCor_RNAi/GFP2_1112022_46.mzXML,5.294868613,5.369759124,23854070,23828279.48,GFP,2,46,GFP,1,5,350
84,607,607,memeOBQ,./20221031_DCor_RNAi/GFP2_1112022_46.mzXML,5.704270073,5.794138686,12265011,12252628.5,GFP,2,46,GFP,0.514168484,2.570842418,179.9589693
98,709,709,ethyl decanoate,./20221031_DCor_RNAi/GFP2_1112022_46.mzXML,6.77770073,6.857583942,55547391,55529551.84,GFP,2,46,GFP,0.712614372,3.563071861,249.4150303
112,811,811,isopropyl decanoate,./20221031_DCor_RNAi/GFP2_1112022_46.mzXML,6.932474453,7.012357664,1115801,1102099.663,GFP,2,46,GFP,0.014314549,0.071572743,5.010092017
126,913,913,ethyl dodecanoate,./20221031_DCor_RNAi/GFP2_1112022_46.mzXML,7.706343066,7.811189781,3728642,3719323.1,GFP,2,46,GFP,0.04783454,0.239172698,16.74208888
140,1015,1015,isopropyl dodecanoate,./20221031_DCor_RNAi/GFP2_1112022_46.mzXML,7.836153285,7.926021898,356500,349163.735,GFP,2,46,GFP,0.004573519,0.022867593,1.600731496
154,1117,1117,C18,./20221031_DCor_RNAi/GFP2_1112022_46.mzXML,8.570080292,8.649963504,77948738,77918402.56,GFP,2,46,GFP,1,5,350
155,0,0,pBQ,./20221031_DCor_RNAi/RNAi2_1112022_09.mzXML,4.045,4.085,5237470,5222156.32,RNAi,2,9,RNAi 2,0.224880645,1.124403226,78.70822579
197,102,102,meBQ,./20221031_DCor_RNAi/RNAi2_1112022_09.mzXML,4.685,4.75,24394637,24380786.46,RNAi,2,9,RNAi 2,1.047429714,5.237148572,366.6004
239,204,204,C11:1,./20221031_DCor_RNAi/RNAi2_1112022_09.mzXML,5.12,5.16,572042,565501.475,RNAi,2,9,RNAi 2,0.00706371,0.035318551,2.472298582
281,306,306,C11,./20221031_DCor_RNAi/RNAi2_1112022_09.mzXML,5.165,5.26,306947273,306922845,RNAi,2,9,RNAi 2,3.790257698,18.95128849,1326.590194
323,408,408,dimeBQ,./20221031_DCor_RNAi/RNAi2_1112022_09.mzXML,5.295,5.37,23289999,23268955.71,RNAi,2,9,RNAi 2,1,5,350
365,510,510,memeOBQ,./20221031_DCor_RNAi/RNAi2_1112022_09.mzXML,5.705,5.795,12231695,12220512.2,RNAi,2,9,RNAi 2,0.525190877,2.625954385,183.8168069
407,612,612,ethyl decanoate,./20221031_DCor_RNAi/RNAi2_1112022_09.mzXML,6.78,6.86,16261818,16248206.47,RNAi,2,9,RNAi 2,0.200804784,1.00402392,70.2816744
449,714,714,isopropyl decanoate,./20221031_DCor_RNAi/RNAi2_1112022_09.mzXML,6.935,7.015,3838899,3825279.905,RNAi,2,9,RNAi 2,0.047403635,0.237018175,16.59127224
491,816,816,ethyl dodecanoate,./20221031_DCor_RNAi/RNAi2_1112022_09.mzXML,7.71,7.815,22209150,22198836.28,RNAi,2,9,RNAi 2,0.27424385,1.371219248,95.98534733
533,918,918,isopropyl dodecanoate,./20221031_DCor_RNAi/RNAi2_1112022_09.mzXML,7.84,7.93,3755680,3743947.24,RNAi,2,9,RNAi 2,0.046376027,0.231880135,16.23160946
575,1020,1020,C18,./20221031_DCor_RNAi/RNAi2_1112022_09.mzXML,8.575,8.655,80983220,80955799.04,RNAi,2,9,RNAi 2,1,5,350
156,2,2,pBQ,./20221031_DCor_RNAi/RNAi2_1112022_34.mzXML,4.045,4.085,1101729,1089167.623,RNAi,2,34,RNAi 2,0.048512365,0.242561824,16.97932768
198,104,104,meBQ,./20221031_DCor_RNAi/RNAi2_1112022_34.mzXML,4.685,4.75,3659884,3648825.58,RNAi,2,34,RNAi 2,0.161155445,0.805777227,56.4044059
240,206,206,C11:1,./20221031_DCor_RNAi/RNAi2_1112022_34.mzXML,5.12,5.16,25117,21045.6775,RNAi,2,34,RNAi 2,0.000318956,0.001594778,0.11163444
282,308,308,C11,./20221031_DCor_RNAi/RNAi2_1112022_34.mzXML,5.165,5.26,6564903,6548792.37,RNAi,2,34,RNAi 2,0.083366333,0.416831666,29.17821664
324,410,410,dimeBQ,./20221031_DCor_RNAi/RNAi2_1112022_34.mzXML,5.295,5.37,22710272,22686606.09,RNAi,2,34,RNAi 2,1,5,350
366,512,512,memeOBQ,./20221031_DCor_RNAi/RNAi2_1112022_34.mzXML,5.705,5.795,3284538,3273834.035,RNAi,2,34,RNAi 2,0.144627858,0.723139291,50.61975039
408,614,614,ethyl decanoate,./20221031_DCor_RNAi/RNAi2_1112022_34.mzXML,6.78,6.86,2314482,2304537.17,RNAi,2,34,RNAi 2,0.029391124,0.14695562,10.28689338
450,716,716,isopropyl decanoate,./20221031_DCor_RNAi/RNAi2_1112022_34.mzXML,6.935,7.015,73316,65923.055,RNAi,2,34,RNAi 2,0.000931025,0.004655123,0.325858605
492,818,818,ethyl dodecanoate,./20221031_DCor_RNAi/RNAi2_1112022_34.mzXML,7.71,7.815,1500288,1491530.758,RNAi,2,34,RNAi 2,0.019051844,0.095259221,6.668145483
534,920,920,isopropyl dodecanoate,./20221031_DCor_RNAi/RNAi2_1112022_34.mzXML,7.84,7.93,237937,231404.4,RNAi,2,34,RNAi 2,0.003021512,0.015107562,1.057529309
576,1022,1022,C18,./20221031_DCor_RNAi/RNAi2_1112022_34.mzXML,8.575,8.655,78747652,78729826.38,RNAi,2,34,RNAi 2,1,5,350
157,4,4,pBQ,./20221031_DCor_RNAi/RNAi2_1112022_10.mzXML,4.048389427,4.088357201,634750,623009.635,RNAi,2,10,RNAi 2,0.0287319,0.143659502,10.05616515
199,106,106,meBQ,./20221031_DCor_RNAi/RNAi2_1112022_10.mzXML,4.687873807,4.75282144,6486422,6475143.11,RNAi,2,10,RNAi 2,0.293607296,1.468036479,102.7625536
241,208,208,C11:1,./20221031_DCor_RNAi/RNAi2_1112022_10.mzXML,5.122523347,5.162491121,57862,53507.79,RNAi,2,10,RNAi 2,0.000740343,0.003701713,0.259119913
283,310,310,C11,./20221031_DCor_RNAi/RNAi2_1112022_10.mzXML,5.167487093,5.262410555,30592128,30577369.31,RNAi,2,10,RNAi 2,0.391425389,1.957126944,136.9988861
325,412,412,dimeBQ,./20221031_DCor_RNAi/RNAi2_1112022_10.mzXML,5.297382357,5.372321933,22092169,22070469.63,RNAi,2,10,RNAi 2,1,5,350
367,514,514,memeOBQ,./20221031_DCor_RNAi/RNAi2_1112022_10.mzXML,5.707052039,5.79697953,3153267,3143351.155,RNAi,2,10,RNAi 2,0.142732341,0.713661705,49.95631936
409,616,616,ethyl decanoate,./20221031_DCor_RNAi/RNAi2_1112022_10.mzXML,6.781185959,6.861121506,4281247,4272068.425,RNAi,2,10,RNAi 2,0.054778431,0.273892155,19.17245084
451,718,718,isopropyl decanoate,./20221031_DCor_RNAi/RNAi2_1112022_10.mzXML,6.936061082,7.01599663,872306,863601.0875,RNAi,2,10,RNAi 2,0.01116113,0.05580565,3.906395473
493,820,820,ethyl dodecanoate,./20221031_DCor_RNAi/RNAi2_1112022_10.mzXML,7.710436699,7.815352105,3632105,3621903.05,RNAi,2,10,RNAi 2,0.046472678,0.23236339,16.26543728
535,922,922,isopropyl dodecanoate,./20221031_DCor_RNAi/RNAi2_1112022_10.mzXML,7.840331964,7.930259455,821358,812925.405,RNAi,2,10,RNAi 2,0.010509252,0.052546259,3.67823811
577,1024,1024,C18,./20221031_DCor_RNAi/RNAi2_1112022_10.mzXML,8.574739807,8.654675355,78155707,78108532.3,RNAi,2,10,RNAi 2,1,5,350
158,8,8,pBQ,./20221031_DCor_RNAi/RNAi2_1112022_12.mzXML,4.048389427,4.088357201,1852511,1839675.03,RNAi,2,12,RNAi 2,0.086226789,0.431133947,30.17937626
200,110,110,meBQ,./20221031_DCor_RNAi/RNAi2_1112022_12.mzXML,4.687873807,4.75282144,12861444,12849398.79,RNAi,2,12,RNAi 2,0.598647469,2.993237346,209.5266142
242,212,212,C11:1,./20221031_DCor_RNAi/RNAi2_1112022_12.mzXML,5.122523347,5.162491121,44672,40695.93,RNAi,2,12,RNAi 2,0.000612428,0.003062142,0.214349915
284,314,314,C11,./20221031_DCor_RNAi/RNAi2_1112022_12.mzXML,5.167487093,5.262410555,15523091,15509297.15,RNAi,2,12,RNAi 2,0.212812962,1.064064812,74.48453686
326,416,416,dimeBQ,./20221031_DCor_RNAi/RNAi2_1112022_12.mzXML,5.297382357,5.372321933,21484170,21462876.67,RNAi,2,12,RNAi 2,1,5,350
368,518,518,memeOBQ,./20221031_DCor_RNAi/RNAi2_1112022_12.mzXML,5.707052039,5.79697953,2872847,2863609.115,RNAi,2,12,RNAi 2,0.133719245,0.668596227,46.80173588
410,620,620,ethyl decanoate,./20221031_DCor_RNAi/RNAi2_1112022_12.mzXML,6.781185959,6.861121506,2191138,2182799.313,RNAi,2,12,RNAi 2,0.030039286,0.15019643,10.51375007
452,722,722,isopropyl decanoate,./20221031_DCor_RNAi/RNAi2_1112022_12.mzXML,6.936061082,7.01599663,51463,44995.5625,RNAi,2,12,RNAi 2,0.000705529,0.003527646,0.246935209
494,824,824,ethyl dodecanoate,./20221031_DCor_RNAi/RNAi2_1112022_12.mzXML,7.710436699,7.815352105,1455181,1446698.75,RNAi,2,12,RNAi 2,0.019949724,0.09974862,6.982403365
536,926,926,isopropyl dodecanoate,./20221031_DCor_RNAi/RNAi2_1112022_12.mzXML,7.840331964,7.930259455,240203,233648.99,RNAi,2,12,RNAi 2,0.00329305,0.016465249,1.152567437
578,1028,1028,C18,./20221031_DCor_RNAi/RNAi2_1112022_12.mzXML,8.574739807,8.654675355,72942413,72902237.94,RNAi,2,12,RNAi 2,1,5,350
159,10,10,pBQ,./20221031_DCor_RNAi/RNAi2_1112022_36.mzXML,4.046693431,4.086635036,1691239,1678062.428,RNAi,2,36,RNAi 2,0.074296352,0.371481762,26.00372334
201,112,112,meBQ,./20221031_DCor_RNAi/RNAi2_1112022_36.mzXML,4.685759124,4.750664234,14750568,14738381.13,RNAi,2,36,RNAi 2,0.647994398,3.239971992,226.7980394
243,214,214,C11:1,./20221031_DCor_RNAi/RNAi2_1112022_36.mzXML,5.120124088,5.160065693,261412,256321.3725,RNAi,2,36,RNAi 2,0.003492975,0.017464875,1.222541269
285,316,316,C11,./20221031_DCor_RNAi/RNAi2_1112022_36.mzXML,5.165058394,5.259919708,93160791,93143970.56,RNAi,2,36,RNAi 2,1.24481018,6.224050902,435.6835631
327,418,418,dimeBQ,./20221031_DCor_RNAi/RNAi2_1112022_36.mzXML,5.294868613,5.369759124,22763419,22739832.64,RNAi,2,36,RNAi 2,1,5,350
369,520,520,memeOBQ,./20221031_DCor_RNAi/RNAi2_1112022_36.mzXML,5.704270073,5.794138686,7524482,7513222.56,RNAi,2,36,RNAi 2,0.330551487,1.652757435,115.6930205
411,622,622,ethyl decanoate,./20221031_DCor_RNAi/RNAi2_1112022_36.mzXML,6.77770073,6.857583942,5898621,5887304.7,RNAi,2,36,RNAi 2,0.078817101,0.394085505,27.58598534
453,724,724,isopropyl decanoate,./20221031_DCor_RNAi/RNAi2_1112022_36.mzXML,6.932474453,7.012357664,1295303,1285652.938,RNAi,2,36,RNAi 2,0.017307779,0.086538894,6.057722571
495,826,826,ethyl dodecanoate,./20221031_DCor_RNAi/RNAi2_1112022_36.mzXML,7.706343066,7.811189781,5232273,5222513.55,RNAi,2,36,RNAi 2,0.06991339,0.349566949,24.46968644
537,928,928,isopropyl dodecanoate,./20221031_DCor_RNAi/RNAi2_1112022_36.mzXML,7.836153285,7.926021898,806029,797854.89,RNAi,2,36,RNAi 2,0.010770122,0.053850611,3.769542776
579,1030,1030,C18,./20221031_DCor_RNAi/RNAi2_1112022_36.mzXML,8.570080292,8.649963504,74839355,74792842.84,RNAi,2,36,RNAi 2,1,5,350
160,14,14,pBQ,./20221031_DCor_RNAi/RNAi2_1112022_32.mzXML,4.046208107,4.086154331,8606196,8585446.18,RNAi,2,32,RNAi 2,0.372807941,1.864039703,130.4827792
202,116,116,meBQ,./20221031_DCor_RNAi/RNAi2_1112022_32.mzXML,4.685347691,4.750260305,55547777,55531476.23,RNAi,2,32,RNAi 2,2.406249212,12.03124606,842.1872243
244,218,218,C11:1,./20221031_DCor_RNAi/RNAi2_1112022_32.mzXML,5.119762878,5.159709102,848522,839345.0875,RNAi,2,32,RNAi 2,0.011446692,0.057233461,4.006342261
286,320,320,C11,./20221031_DCor_RNAi/RNAi2_1112022_32.mzXML,5.16470238,5.259574662,376107321,376078223.2,RNAi,2,32,RNAi 2,5.073745557,25.36872779,1775.810945
328,422,422,dimeBQ,./20221031_DCor_RNAi/RNAi2_1112022_32.mzXML,5.294527608,5.369426778,23084798,23063479.92,RNAi,2,32,RNAi 2,1,5,350
370,524,524,memeOBQ,./20221031_DCor_RNAi/RNAi2_1112022_32.mzXML,5.703976404,5.793855408,20407224,20394682.38,RNAi,2,32,RNAi 2,0.884011374,4.42005687,309.4039809
412,626,626,ethyl decanoate,./20221031_DCor_RNAi/RNAi2_1112022_32.mzXML,6.777531175,6.857423623,27399787,27386394.63,RNAi,2,32,RNAi 2,0.369627337,1.848136686,129.369568
454,728,728,isopropyl decanoate,./20221031_DCor_RNAi/RNAi2_1112022_32.mzXML,6.932322793,7.012215241,4075898,4059813.763,RNAi,2,32,RNAi 2,0.05498449,0.274922452,19.24457163
496,830,830,ethyl dodecanoate,./20221031_DCor_RNAi/RNAi2_1112022_32.mzXML,7.706280884,7.811139722,32598699,32586892.6,RNAi,2,32,RNAi 2,0.439761459,2.198807295,153.9165107
538,932,932,isopropyl dodecanoate,./20221031_DCor_RNAi/RNAi2_1112022_32.mzXML,7.836106112,7.925985116,2957989,2947230.89,RNAi,2,32,RNAi 2,0.039903726,0.199518631,13.96630416
580,1034,1034,C18,./20221031_DCor_RNAi/RNAi2_1112022_32.mzXML,8.570117979,8.650010427,74128140,74110649.66,RNAi,2,32,RNAi 2,1,5,350
161,18,18,pBQ,./20221031_DCor_RNAi/RNAi2_1112022_16.mzXML,4.048389427,4.088357201,6348694,6332291.688,RNAi,2,16,RNAi 2,0.286497174,1.432485869,100.2740108
203,120,120,meBQ,./20221031_DCor_RNAi/RNAi2_1112022_16.mzXML,4.687873807,4.75282144,66406630,66388530.16,RNAi,2,16,RNAi 2,2.996728432,14.98364216,1048.854951
245,222,222,C11:1,./20221031_DCor_RNAi/RNAi2_1112022_16.mzXML,5.122523347,5.162491121,570708,563633.975,RNAi,2,16,RNAi 2,0.007948898,0.039744488,2.782114186
287,324,324,C11,./20221031_DCor_RNAi/RNAi2_1112022_16.mzXML,5.167487093,5.262410555,237377862,237358078.4,RNAi,2,16,RNAi 2,3.306230744,16.53115372,1157.18076
329,426,426,dimeBQ,./20221031_DCor_RNAi/RNAi2_1112022_16.mzXML,5.297382357,5.372321933,22159709,22138043.13,RNAi,2,16,RNAi 2,1,5,350
371,528,528,memeOBQ,./20221031_DCor_RNAi/RNAi2_1112022_16.mzXML,5.707052039,5.79697953,27941307,27927387.91,RNAi,2,16,RNAi 2,1.260905863,6.304529315,441.317052
413,630,630,ethyl decanoate,./20221031_DCor_RNAi/RNAi2_1112022_16.mzXML,6.781185959,6.861121506,13481991,13470758.7,RNAi,2,16,RNAi 2,0.187778981,0.938894907,65.72264349
455,732,732,isopropyl decanoate,./20221031_DCor_RNAi/RNAi2_1112022_16.mzXML,6.936061082,7.01599663,2269083,2256044.513,RNAi,2,16,RNAi 2,0.031604093,0.158020464,11.06143247
497,834,834,ethyl dodecanoate,./20221031_DCor_RNAi/RNAi2_1112022_16.mzXML,7.710436699,7.815352105,26101300,26088980.7,RNAi,2,16,RNAi 2,0.363542412,1.81771206,127.2398442
539,936,936,isopropyl dodecanoate,./20221031_DCor_RNAi/RNAi2_1112022_16.mzXML,7.840331964,7.930259455,2082223,2071866.813,RNAi,2,16,RNAi 2,0.029001482,0.145007408,10.15051856
581,1038,1038,C18,./20221031_DCor_RNAi/RNAi2_1112022_16.mzXML,8.574739807,8.654675355,71797125,71771171.59,RNAi,2,16,RNAi 2,1,5,350
162,19,19,pBQ,./20221031_DCor_RNAi/RNAi2_1112022_14.mzXML,4.051208107,4.091154331,1530593,1518392.525,RNAi,2,14,RNAi 2,0.071621909,0.358109545,25.06766818
204,121,121,meBQ,./20221031_DCor_RNAi/RNAi2_1112022_14.mzXML,4.690347691,4.755260305,8308036,8297439.7,RNAi,2,14,RNAi 2,0.388762655,1.943813277,136.0669294
246,223,223,C11:1,./20221031_DCor_RNAi/RNAi2_1112022_14.mzXML,5.124762878,5.164709102,376797,371155.525,RNAi,2,14,RNAi 2,0.005141081,0.025705407,1.799378505
288,325,325,C11,./20221031_DCor_RNAi/RNAi2_1112022_14.mzXML,5.16970238,5.264574662,164768820,164751909.1,RNAi,2,14,RNAi 2,2.248133406,11.24066703,786.8466922
330,427,427,dimeBQ,./20221031_DCor_RNAi/RNAi2_1112022_14.mzXML,5.299527608,5.374426778,21370458,21350660.5,RNAi,2,14,RNAi 2,1,5,350
372,529,529,memeOBQ,./20221031_DCor_RNAi/RNAi2_1112022_14.mzXML,5.708976404,5.798855408,6315993,6306125.35,RNAi,2,14,RNAi 2,0.295547854,1.47773927,103.4417489
414,631,631,ethyl decanoate,./20221031_DCor_RNAi/RNAi2_1112022_14.mzXML,6.782531175,6.862423623,7916817,7907756.025,RNAi,2,14,RNAi 2,0.108018379,0.540091893,37.80643249
456,733,733,isopropyl decanoate,./20221031_DCor_RNAi/RNAi2_1112022_14.mzXML,6.937322793,7.017215241,361461,352888.3875,RNAi,2,14,RNAi 2,0.004931834,0.024659172,1.726142071
498,835,835,ethyl dodecanoate,./20221031_DCor_RNAi/RNAi2_1112022_14.mzXML,7.711280884,7.816139722,10730186,10721085.35,RNAi,2,14,RNAi 2,0.146404457,0.732022284,51.24155991
540,937,937,isopropyl dodecanoate,./20221031_DCor_RNAi/RNAi2_1112022_14.mzXML,7.841106112,7.930985116,413379,406532.165,RNAi,2,14,RNAi 2,0.005640212,0.028201062,1.974074335
582,1039,1039,C18,./20221031_DCor_RNAi/RNAi2_1112022_14.mzXML,8.575117979,8.655010427,73291389,73274845.65,RNAi,2,14,RNAi 2,1,5,350
163,20,20,pBQ,./20221031_DCor_RNAi/RNAi2_1112022_29.mzXML,4.046208107,4.086154331,7905384,7885893.813,RNAi,2,29,RNAi 2,0.343896512,1.719482559,120.3637792
205,122,122,meBQ,./20221031_DCor_RNAi/RNAi2_1112022_29.mzXML,4.685347691,4.750260305,62547299,62530486.61,RNAi,2,29,RNAi 2,2.720904886,13.60452443,952.3167102
247,224,224,C11:1,./20221031_DCor_RNAi/RNAi2_1112022_29.mzXML,5.119762878,5.159709102,1296282,1284087.755,RNAi,2,29,RNAi 2,0.01725571,0.086278551,6.039498594
289,326,326,C11,./20221031_DCor_RNAi/RNAi2_1112022_29.mzXML,5.16470238,5.259574662,499923833,499888554.9,RNAi,2,29,RNAi 2,6.654833453,33.27416727,2329.191709
331,428,428,dimeBQ,./20221031_DCor_RNAi/RNAi2_1112022_29.mzXML,5.294527608,5.369426778,22987683,22966248.62,RNAi,2,29,RNAi 2,1,5,350
373,530,530,memeOBQ,./20221031_DCor_RNAi/RNAi2_1112022_29.mzXML,5.703976404,5.793855408,22945407,22932100.04,RNAi,2,29,RNAi 2,0.998160928,4.990804641,349.3563249
415,632,632,ethyl decanoate,./20221031_DCor_RNAi/RNAi2_1112022_29.mzXML,6.777531175,6.857423623,43214453,43198084.59,RNAi,2,29,RNAi 2,0.575257606,2.876288031,201.3401622
457,734,734,isopropyl decanoate,./20221031_DCor_RNAi/RNAi2_1112022_29.mzXML,6.932322793,7.012215241,2106863,2087040.088,RNAi,2,29,RNAi 2,0.028045917,0.140229585,9.816070983
499,836,836,ethyl dodecanoate,./20221031_DCor_RNAi/RNAi2_1112022_29.mzXML,7.706280884,7.811139722,53269258,53256173.65,RNAi,2,29,RNAi 2,0.709104101,3.545520505,248.1864353
541,938,938,isopropyl dodecanoate,./20221031_DCor_RNAi/RNAi2_1112022_29.mzXML,7.836106112,7.925985116,1098310,1088249.995,RNAi,2,29,RNAi 2,0.014620367,0.073101837,5.117128604
583,1040,1040,C18,./20221031_DCor_RNAi/RNAi2_1112022_29.mzXML,8.570117979,8.650010427,75121915,75103647.14,RNAi,2,29,RNAi 2,1,5,350
164,23,23,pBQ,./20221031_DCor_RNAi/RNAi2_1112022_30.mzXML,4.046693431,4.086635036,4707502,4690996.648,RNAi,2,30,RNAi 2,0.205210563,1.026052816,71.82369711
206,125,125,meBQ,./20221031_DCor_RNAi/RNAi2_1112022_30.mzXML,4.685759124,4.750664234,44112215,44096375.33,RNAi,2,30,RNAi 2,1.922950321,9.614751606,673.0326124
248,227,227,C11:1,./20221031_DCor_RNAi/RNAi2_1112022_30.mzXML,5.120124088,5.160065693,293759,288255.39,RNAi,2,30,RNAi 2,0.003812432,0.019062159,1.334351136
290,329,329,C11,./20221031_DCor_RNAi/RNAi2_1112022_30.mzXML,5.165058394,5.259919708,95739650,95722017.47,RNAi,2,30,RNAi 2,1.242518145,6.212590726,434.8813508
332,431,431,dimeBQ,./20221031_DCor_RNAi/RNAi2_1112022_30.mzXML,5.294868613,5.369759124,22939862,22918592.26,RNAi,2,30,RNAi 2,1,5,350
374,533,533,memeOBQ,./20221031_DCor_RNAi/RNAi2_1112022_30.mzXML,5.704270073,5.794138686,14821363,14809078.08,RNAi,2,30,RNAi 2,0.646096432,3.230482162,226.1337514
416,635,635,ethyl decanoate,./20221031_DCor_RNAi/RNAi2_1112022_30.mzXML,6.77770073,6.857583942,11521516,11508660.74,RNAi,2,30,RNAi 2,0.149527314,0.747636569,52.33455984
458,737,737,isopropyl decanoate,./20221031_DCor_RNAi/RNAi2_1112022_30.mzXML,6.932474453,7.012357664,405450,394387.7625,RNAi,2,30,RNAi 2,0.005261968,0.02630984,1.841688827
500,839,839,ethyl dodecanoate,./20221031_DCor_RNAi/RNAi2_1112022_30.mzXML,7.706343066,7.811189781,22824369,22813114.75,RNAi,2,30,RNAi 2,0.296216799,1.481083994,103.6758796
542,941,941,isopropyl dodecanoate,./20221031_DCor_RNAi/RNAi2_1112022_30.mzXML,7.836153285,7.926021898,613873,605163.1775,RNAi,2,30,RNAi 2,0.007966901,0.039834506,2.788415453
584,1043,1043,C18,./20221031_DCor_RNAi/RNAi2_1112022_30.mzXML,8.570080292,8.649963504,77052919,77012073.55,RNAi,2,30,RNAi 2,1,5,350
165,26,26,pBQ,./20221031_DCor_RNAi/RNAi2_1112022_13.mzXML,4.048389427,4.088357201,2252781,2240289.553,RNAi,2,13,RNAi 2,0.097924316,0.489621578,34.27351047
207,128,128,meBQ,./20221031_DCor_RNAi/RNAi2_1112022_13.mzXML,4.687873807,4.75282144,17299466,17286769.22,RNAi,2,13,RNAi 2,0.751976499,3.759882493,263.1917745
249,230,230,C11:1,./20221031_DCor_RNAi/RNAi2_1112022_13.mzXML,5.122523347,5.162491121,393752,387758.5825,RNAi,2,13,RNAi 2,0.004768778,0.023843892,1.66907242
291,332,332,C11,./20221031_DCor_RNAi/RNAi2_1112022_13.mzXML,5.167487093,5.262410555,182325320,182307414.2,RNAi,2,13,RNAi 2,2.208164117,11.04082058,772.8574409
333,434,434,dimeBQ,./20221031_DCor_RNAi/RNAi2_1112022_13.mzXML,5.297382357,5.372321933,23005328,22986208.06,RNAi,2,13,RNAi 2,1,5,350
375,536,536,memeOBQ,./20221031_DCor_RNAi/RNAi2_1112022_13.mzXML,5.707052039,5.79697953,10604114,10593312.33,RNAi,2,13,RNAi 2,0.460941657,2.304708283,161.3295798
417,638,638,ethyl decanoate,./20221031_DCor_RNAi/RNAi2_1112022_13.mzXML,6.781185959,6.861121506,10597022,10587234.46,RNAi,2,13,RNAi 2,0.128341822,0.641709109,44.91963762
459,740,740,isopropyl decanoate,./20221031_DCor_RNAi/RNAi2_1112022_13.mzXML,6.936061082,7.01599663,2810226,2799395.738,RNAi,2,13,RNAi 2,0.034034989,0.170174944,11.91224606
501,842,842,ethyl dodecanoate,./20221031_DCor_RNAi/RNAi2_1112022_13.mzXML,7.710436699,7.815352105,14378514,14368663.2,RNAi,2,13,RNAi 2,0.174139931,0.870699656,60.94897589
543,944,944,isopropyl dodecanoate,./20221031_DCor_RNAi/RNAi2_1112022_13.mzXML,7.840331964,7.930259455,2330794,2322237.773,RNAi,2,13,RNAi 2,0.02822853,0.141142648,9.879985325
585,1046,1046,C18,./20221031_DCor_RNAi/RNAi2_1112022_13.mzXML,8.574739807,8.654675355,82568736,82528986.53,RNAi,2,13,RNAi 2,1,5,350
166,30,30,pBQ,./20221031_DCor_RNAi/RNAi2_1112022_37.mzXML,4.046693431,4.086635036,303157,291256.1775,RNAi,2,37,RNAi 2,0.013919899,0.069599495,4.87196468
208,132,132,meBQ,./20221031_DCor_RNAi/RNAi2_1112022_37.mzXML,4.685759124,4.750664234,2198390,2188153.19,RNAi,2,37,RNAi 2,0.100942307,0.504711535,35.32980744
250,234,234,C11:1,./20221031_DCor_RNAi/RNAi2_1112022_37.mzXML,5.120124088,5.160065693,54553,50417.8725,RNAi,2,37,RNAi 2,0.000729799,0.003648994,0.255429609
292,336,336,C11,./20221031_DCor_RNAi/RNAi2_1112022_37.mzXML,5.165058394,5.259919708,18381237,18366676.29,RNAi,2,37,RNAi 2,0.245900431,1.229502157,86.06515099
334,438,438,dimeBQ,./20221031_DCor_RNAi/RNAi2_1112022_37.mzXML,5.294868613,5.369759124,21778678,21756044.41,RNAi,2,37,RNAi 2,1,5,350
376,540,540,memeOBQ,./20221031_DCor_RNAi/RNAi2_1112022_37.mzXML,5.704270073,5.794138686,4745313,4734559.31,RNAi,2,37,RNAi 2,0.217888019,1.089440094,76.26080656
418,642,642,ethyl decanoate,./20221031_DCor_RNAi/RNAi2_1112022_37.mzXML,6.77770073,6.857583942,2752029,2741782.088,RNAi,2,37,RNAi 2,0.036816081,0.184080407,12.8856285
460,744,744,isopropyl decanoate,./20221031_DCor_RNAi/RNAi2_1112022_37.mzXML,6.932474453,7.012357664,1220726,1211717.413,RNAi,2,37,RNAi 2,0.016330623,0.081653115,5.715718018
502,846,846,ethyl dodecanoate,./20221031_DCor_RNAi/RNAi2_1112022_37.mzXML,7.706343066,7.811189781,2789073,2779864.6,RNAi,2,37,RNAi 2,0.037311648,0.186558242,13.05907697
544,948,948,isopropyl dodecanoate,./20221031_DCor_RNAi/RNAi2_1112022_37.mzXML,7.836153285,7.926021898,2286064,2276947.41,RNAi,2,37,RNAi 2,0.030582497,0.152912485,10.70387392
586,1050,1050,C18,./20221031_DCor_RNAi/RNAi2_1112022_37.mzXML,8.570080292,8.649963504,74750731,74716074.81,RNAi,2,37,RNAi 2,1,5,350
167,32,32,pBQ,./20221031_DCor_RNAi/RNAi2_1112022_35.mzXML,4.046693431,4.086635036,206741,194196.3525,RNAi,2,35,RNAi 2,0.008719141,0.043595707,3.051699484
209,134,134,meBQ,./20221031_DCor_RNAi/RNAi2_1112022_35.mzXML,4.685759124,4.750664234,1715485,1704724.72,RNAi,2,35,RNAi 2,0.07234925,0.361746249,25.32223744
251,236,236,C11:1,./20221031_DCor_RNAi/RNAi2_1112022_35.mzXML,5.120124088,5.160065693,65369,60845.0575,RNAi,2,35,RNAi 2,0.000769755,0.003848777,0.269414363
293,338,338,C11,./20221031_DCor_RNAi/RNAi2_1112022_35.mzXML,5.165058394,5.259919708,15140441,15123839.57,RNAi,2,35,RNAi 2,0.17828688,0.891434401,62.40040807
335,440,440,dimeBQ,./20221031_DCor_RNAi/RNAi2_1112022_35.mzXML,5.294868613,5.369759124,23711165,23686894.5,RNAi,2,35,RNAi 2,1,5,350
377,542,542,memeOBQ,./20221031_DCor_RNAi/RNAi2_1112022_35.mzXML,5.704270073,5.794138686,3367413,3356717.663,RNAi,2,35,RNAi 2,0.142018032,0.710090162,49.70631135
419,644,644,ethyl decanoate,./20221031_DCor_RNAi/RNAi2_1112022_35.mzXML,6.77770073,6.857583942,2469838,2459266.638,RNAi,2,35,RNAi 2,0.029083678,0.14541839,10.17928732
461,746,746,isopropyl decanoate,./20221031_DCor_RNAi/RNAi2_1112022_35.mzXML,6.932474453,7.012357664,73738,65700.625,RNAi,2,35,RNAi 2,0.000868305,0.004341524,0.303906689
503,848,848,ethyl dodecanoate,./20221031_DCor_RNAi/RNAi2_1112022_35.mzXML,7.706343066,7.811189781,1586700,1577141.3,RNAi,2,35,RNAi 2,0.018684251,0.093421253,6.539487686
545,950,950,isopropyl dodecanoate,./20221031_DCor_RNAi/RNAi2_1112022_35.mzXML,7.836153285,7.926021898,252404,245095.445,RNAi,2,35,RNAi 2,0.002972194,0.014860968,1.040267757
587,1052,1052,C18,./20221031_DCor_RNAi/RNAi2_1112022_35.mzXML,8.570080292,8.649963504,84921790,84858833.82,RNAi,2,35,RNAi 2,1,5,350
168,34,34,pBQ,./20221031_DCor_RNAi/RNAi2_1112022_08.mzXML,4.051208107,4.091154331,1802624,1789626.925,RNAi,2,8,RNAi 2,0.079591355,0.397956773,27.85697413
210,136,136,meBQ,./20221031_DCor_RNAi/RNAi2_1112022_08.mzXML,4.690347691,4.755260305,4984962,4974832.8,RNAi,2,8,RNAi 2,0.220101296,1.10050648,77.03545358
252,238,238,C11:1,./20221031_DCor_RNAi/RNAi2_1112022_08.mzXML,5.124762878,5.164709102,24334,20865.01,RNAi,2,8,RNAi 2,0.000297565,0.001487824,0.10414765
294,340,340,C11,./20221031_DCor_RNAi/RNAi2_1112022_08.mzXML,5.16970238,5.264574662,3578777,3567227.165,RNAi,2,8,RNAi 2,0.043762545,0.218812723,15.31689059
336,442,442,dimeBQ,./20221031_DCor_RNAi/RNAi2_1112022_08.mzXML,5.299527608,5.374426778,22648490,22627399.74,RNAi,2,8,RNAi 2,1,5,350
378,544,544,memeOBQ,./20221031_DCor_RNAi/RNAi2_1112022_08.mzXML,5.708976404,5.798855408,2769202,2760595.835,RNAi,2,8,RNAi 2,0.122268725,0.611343626,42.79405382
420,646,646,ethyl decanoate,./20221031_DCor_RNAi/RNAi2_1112022_08.mzXML,6.782531175,6.862423623,2266809,2258586.9,RNAi,2,8,RNAi 2,0.027719338,0.138596691,9.701768351
462,748,748,isopropyl decanoate,./20221031_DCor_RNAi/RNAi2_1112022_08.mzXML,6.937322793,7.017215241,90290,82957.9625,RNAi,2,8,RNAi 2,0.001104098,0.005520489,0.386434263
504,850,850,ethyl dodecanoate,./20221031_DCor_RNAi/RNAi2_1112022_08.mzXML,7.711280884,7.816139722,1407455,1399906.7,RNAi,2,8,RNAi 2,0.017210855,0.086054275,6.023799259
546,952,952,isopropyl dodecanoate,./20221031_DCor_RNAi/RNAi2_1112022_08.mzXML,7.841106112,7.930985116,208299,201992.5525,RNAi,2,8,RNAi 2,0.002547153,0.012735767,0.891503715
588,1054,1054,C18,./20221031_DCor_RNAi/RNAi2_1112022_08.mzXML,8.575117979,8.655010427,81777169,81761394.55,RNAi,2,8,RNAi 2,1,5,350
169,37,37,pBQ,./20221031_DCor_RNAi/RNAi2_1112022_11.mzXML,4.051208107,4.091154331,6426132,6403788.7,RNAi,2,11,RNAi 2,0.300284269,1.501421344,105.0994941
211,139,139,meBQ,./20221031_DCor_RNAi/RNAi2_1112022_11.mzXML,4.690347691,4.755260305,44549184,44534748.15,RNAi,2,11,RNAi 2,2.081721811,10.40860906,728.6026339
253,241,241,C11:1,./20221031_DCor_RNAi/RNAi2_1112022_11.mzXML,5.124762878,5.164709102,420118,414285.0925,RNAi,2,11,RNAi 2,0.005806776,0.02903388,2.032371618
295,343,343,C11,./20221031_DCor_RNAi/RNAi2_1112022_11.mzXML,5.16970238,5.264574662,185455308,185437870.5,RNAi,2,11,RNAi 2,2.563321355,12.81660677,897.1624741
337,445,445,dimeBQ,./20221031_DCor_RNAi/RNAi2_1112022_11.mzXML,5.299527608,5.374426778,21400162,21381425.21,RNAi,2,11,RNAi 2,1,5,350
379,547,547,memeOBQ,./20221031_DCor_RNAi/RNAi2_1112022_11.mzXML,5.708976404,5.798855408,18675270,18663108.07,RNAi,2,11,RNAi 2,0.872669562,4.36334781,305.4343467
421,649,649,ethyl decanoate,./20221031_DCor_RNAi/RNAi2_1112022_11.mzXML,6.782531175,6.862423623,7455353,7446800.9,RNAi,2,11,RNAi 2,0.103046204,0.515231021,36.06617149
463,751,751,isopropyl decanoate,./20221031_DCor_RNAi/RNAi2_1112022_11.mzXML,6.937322793,7.017215241,9402299,9390795.088,RNAi,2,11,RNAi 2,0.129956452,0.649782259,45.48475816
505,853,853,ethyl dodecanoate,./20221031_DCor_RNAi/RNAi2_1112022_11.mzXML,7.711280884,7.816139722,8506242,8496599.2,RNAi,2,11,RNAi 2,0.117571355,0.587856773,41.14997408
547,955,955,isopropyl dodecanoate,./20221031_DCor_RNAi/RNAi2_1112022_11.mzXML,7.841106112,7.930985116,8679047,8668625.193,RNAi,2,11,RNAi 2,0.119959826,0.599799131,41.98593916
589,1057,1057,C18,./20221031_DCor_RNAi/RNAi2_1112022_11.mzXML,8.575117979,8.655010427,72349613,72334054.93,RNAi,2,11,RNAi 2,1,5,350
170,38,38,pBQ,./20221031_DCor_RNAi/RNAi2_1112022_28.mzXML,4.046693431,4.086635036,5076687,5060501.128,RNAi,2,28,RNAi 2,0.215530689,1.077653443,75.43574102
212,140,140,meBQ,./20221031_DCor_RNAi/RNAi2_1112022_28.mzXML,4.685759124,4.750664234,21963062,21949841.87,RNAi,2,28,RNAi 2,0.932441546,4.662207732,326.3545413
254,242,242,C11:1,./20221031_DCor_RNAi/RNAi2_1112022_28.mzXML,5.120124088,5.160065693,896367,888267.8775,RNAi,2,28,RNAi 2,0.011154727,0.055773637,3.904154591
296,344,344,C11,./20221031_DCor_RNAi/RNAi2_1112022_28.mzXML,5.165058394,5.259919708,294266652,294242252.4,RNAi,2,28,RNAi 2,3.661964671,18.30982336,1281.687635
338,446,446,dimeBQ,./20221031_DCor_RNAi/RNAi2_1112022_28.mzXML,5.294868613,5.369759124,23554358,23532868,RNAi,2,28,RNAi 2,1,5,350
380,548,548,memeOBQ,./20221031_DCor_RNAi/RNAi2_1112022_28.mzXML,5.704270073,5.794138686,14329098,14316559.52,RNAi,2,28,RNAi 2,0.608341692,3.04170846,212.9195922
422,650,650,ethyl decanoate,./20221031_DCor_RNAi/RNAi2_1112022_28.mzXML,6.77770073,6.857583942,17963639,17949462.99,RNAi,2,28,RNAi 2,0.223546266,1.117731332,78.24119325
464,752,752,isopropyl decanoate,./20221031_DCor_RNAi/RNAi2_1112022_28.mzXML,6.932474453,7.012357664,5025529,5009407.938,RNAi,2,28,RNAi 2,0.062539569,0.312697846,21.88884923
506,854,854,ethyl dodecanoate,./20221031_DCor_RNAi/RNAi2_1112022_28.mzXML,7.706343066,7.811189781,11729170,11718158.85,RNAi,2,28,RNAi 2,0.145962194,0.72981097,51.08676792
548,956,956,isopropyl dodecanoate,./20221031_DCor_RNAi/RNAi2_1112022_28.mzXML,7.836153285,7.926021898,2502637,2491952.585,RNAi,2,28,RNAi 2,0.031143754,0.155718771,10.90031397
590,1058,1058,C18,./20221031_DCor_RNAi/RNAi2_1112022_28.mzXML,8.570080292,8.649963504,80357589,80315529.4,RNAi,2,28,RNAi 2,1,5,350
171,40,40,pBQ,./20221031_DCor_RNAi/RNAi2_1112022_15.mzXML,4.048389427,4.088357201,239118,227415.2775,RNAi,2,15,RNAi 2,0.011065401,0.055327007,3.872890461
213,142,142,meBQ,./20221031_DCor_RNAi/RNAi2_1112022_15.mzXML,4.687873807,4.75282144,1807766,1797873.86,RNAi,2,15,RNAi 2,0.083656004,0.418280018,29.27960127
255,244,244,C11:1,./20221031_DCor_RNAi/RNAi2_1112022_15.mzXML,5.122523347,5.162491121,33816,29759.7975,RNAi,2,15,RNAi 2,0.000428733,0.002143663,0.150056425
297,346,346,C11,./20221031_DCor_RNAi/RNAi2_1112022_15.mzXML,5.167487093,5.262410555,18083304,18069847.02,RNAi,2,15,RNAi 2,0.229267291,1.146336457,80.24355199
339,448,448,dimeBQ,./20221031_DCor_RNAi/RNAi2_1112022_15.mzXML,5.297382357,5.372321933,21609519,21588634.4,RNAi,2,15,RNAi 2,1,5,350
381,550,550,memeOBQ,./20221031_DCor_RNAi/RNAi2_1112022_15.mzXML,5.707052039,5.79697953,3431684,3421903.135,RNAi,2,15,RNAi 2,0.158804275,0.794021375,55.58149628
423,652,652,ethyl decanoate,./20221031_DCor_RNAi/RNAi2_1112022_15.mzXML,6.781185959,6.861121506,2965856,2957093.713,RNAi,2,15,RNAi 2,0.037602297,0.188011486,13.16080403
465,754,754,isopropyl decanoate,./20221031_DCor_RNAi/RNAi2_1112022_15.mzXML,6.936061082,7.01599663,251415,243839.2875,RNAi,2,15,RNAi 2,0.003187539,0.015937695,1.115638637
507,856,856,ethyl dodecanoate,./20221031_DCor_RNAi/RNAi2_1112022_15.mzXML,7.710436699,7.815352105,2384883,2375831.3,RNAi,2,15,RNAi 2,0.030236491,0.151182457,10.58277199
549,958,958,isopropyl dodecanoate,./20221031_DCor_RNAi/RNAi2_1112022_15.mzXML,7.840331964,7.930259455,357036,349831.4425,RNAi,2,15,RNAi 2,0.004526644,0.022633219,1.584325344
591,1060,1060,C18,./20221031_DCor_RNAi/RNAi2_1112022_15.mzXML,8.574739807,8.654675355,78874330,78848506.56,RNAi,2,15,RNAi 2,1,5,350
172,41,41,pBQ,./20221031_DCor_RNAi/RNAi2_1112022_31.mzXML,4.046208107,4.086154331,970379,958716.02,RNAi,2,31,RNAi 2,0.047063767,0.235318833,16.4723183
214,143,143,meBQ,./20221031_DCor_RNAi/RNAi2_1112022_31.mzXML,4.685347691,4.750260305,7944270,7933275.93,RNAi,2,31,RNAi 2,0.385300248,1.926501238,134.8550866
256,245,245,C11:1,./20221031_DCor_RNAi/RNAi2_1112022_31.mzXML,5.119762878,5.159709102,237602,232451.33,RNAi,2,31,RNAi 2,0.003346585,0.016732927,1.171304916
298,347,347,C11,./20221031_DCor_RNAi/RNAi2_1112022_31.mzXML,5.16470238,5.259574662,112389505,112371586,RNAi,2,31,RNAi 2,1.582987875,7.914939373,554.0457561
340,449,449,dimeBQ,./20221031_DCor_RNAi/RNAi2_1112022_31.mzXML,5.294527608,5.369426778,20618388,20598464.71,RNAi,2,31,RNAi 2,1,5,350
382,551,551,memeOBQ,./20221031_DCor_RNAi/RNAi2_1112022_31.mzXML,5.703976404,5.793855408,5873351,5862499.815,RNAi,2,31,RNAi 2,0.284859854,1.424299271,99.70094898
424,653,653,ethyl decanoate,./20221031_DCor_RNAi/RNAi2_1112022_31.mzXML,6.777531175,6.857423623,13050060,13037956.88,RNAi,2,31,RNAi 2,0.18380797,0.919039849,64.33278943
466,755,755,isopropyl decanoate,./20221031_DCor_RNAi/RNAi2_1112022_31.mzXML,6.932322793,7.012215241,9247470,9233029.05,RNAi,2,31,RNAi 2,0.130249109,0.651245545,45.58718813
508,857,857,ethyl dodecanoate,./20221031_DCor_RNAi/RNAi2_1112022_31.mzXML,7.706280884,7.811139722,2220326,2211711.9,RNAi,2,31,RNAi 2,0.03127293,0.156364651,10.94552554
550,959,959,isopropyl dodecanoate,./20221031_DCor_RNAi/RNAi2_1112022_31.mzXML,7.836106112,7.925985116,866269,858733.495,RNAi,2,31,RNAi 2,0.012201258,0.061006289,4.270440226
592,1061,1061,C18,./20221031_DCor_RNAi/RNAi2_1112022_31.mzXML,8.570117979,8.650010427,70998336,70980242.89,RNAi,2,31,RNAi 2,1,5,350
173,47,47,pBQ,./20221031_DCor_RNAi/RNAi2_1112022_33.mzXML,4.046208107,4.086154331,7827369,7807277.128,RNAi,2,33,RNAi 2,0.32404526,1.620226302,113.4158411
215,149,149,meBQ,./20221031_DCor_RNAi/RNAi2_1112022_33.mzXML,4.685347691,4.750260305,46671332,46655295.98,RNAi,2,33,RNAi 2,1.93214654,9.660732699,676.251289
257,251,251,C11:1,./20221031_DCor_RNAi/RNAi2_1112022_33.mzXML,5.119762878,5.159709102,1150388,1139172.653,RNAi,2,33,RNAi 2,0.014454203,0.072271013,5.05897091
299,353,353,C11,./20221031_DCor_RNAi/RNAi2_1112022_33.mzXML,5.16470238,5.259574662,448704597,448671070.7,RNAi,2,33,RNAi 2,5.637808419,28.1890421,1973.232947
341,455,455,dimeBQ,./20221031_DCor_RNAi/RNAi2_1112022_33.mzXML,5.294527608,5.369426778,24155172,24132706.17,RNAi,2,33,RNAi 2,1,5,350
383,557,557,memeOBQ,./20221031_DCor_RNAi/RNAi2_1112022_33.mzXML,5.703976404,5.793855408,20014907,20001525.07,RNAi,2,33,RNAi 2,0.828597163,4.142985817,290.0090072
425,659,659,ethyl decanoate,./20221031_DCor_RNAi/RNAi2_1112022_33.mzXML,6.777531175,6.857423623,28687456,28672872.4,RNAi,2,33,RNAi 2,0.360447346,1.802236728,126.156571
467,761,761,isopropyl decanoate,./20221031_DCor_RNAi/RNAi2_1112022_33.mzXML,6.932322793,7.012215241,7787674,7767064.45,RNAi,2,33,RNAi 2,0.097849263,0.489246314,34.24724199
509,863,863,ethyl dodecanoate,./20221031_DCor_RNAi/RNAi2_1112022_33.mzXML,7.706280884,7.811139722,15615150,15603776.75,RNAi,2,33,RNAi 2,0.196198623,0.980993116,68.66951811
551,965,965,isopropyl dodecanoate,./20221031_DCor_RNAi/RNAi2_1112022_33.mzXML,7.836106112,7.925985116,3393579,3381584.948,RNAi,2,33,RNAi 2,0.042639073,0.213195367,14.9236757
593,1067,1067,C18,./20221031_DCor_RNAi/RNAi2_1112022_33.mzXML,8.570117979,8.650010427,79588479,79569510.83,RNAi,2,33,RNAi 2,1,5,350
174,48,48,pBQ,./20221031_DCor_RNAi/RNAi2_1112022_17.mzXML,4.051693431,4.091635036,3646944,3629933.825,RNAi,2,17,RNAi 2,0.16176799,0.808839951,56.61879659
216,150,150,meBQ,./20221031_DCor_RNAi/RNAi2_1112022_17.mzXML,4.690759124,4.755664234,16619122,16606944.88,RNAi,2,17,RNAi 2,0.737176651,3.685883257,258.011828
258,252,252,C11:1,./20221031_DCor_RNAi/RNAi2_1112022_17.mzXML,5.125124088,5.165065693,468816,463031.34,RNAi,2,17,RNAi 2,0.00623992,0.031199601,2.183972042
300,354,354,C11,./20221031_DCor_RNAi/RNAi2_1112022_17.mzXML,5.170058394,5.264919708,137419561,137402068.3,RNAi,2,17,RNAi 2,1.829048249,9.145241243,640.166887
342,456,456,dimeBQ,./20221031_DCor_RNAi/RNAi2_1112022_17.mzXML,5.299868613,5.374759124,22544287,22522164.52,RNAi,2,17,RNAi 2,1,5,350
384,558,558,memeOBQ,./20221031_DCor_RNAi/RNAi2_1112022_17.mzXML,5.709270073,5.799138686,6959786,6949306.095,RNAi,2,17,RNAi 2,0.308716173,1.543580864,108.0506605
426,660,660,ethyl decanoate,./20221031_DCor_RNAi/RNAi2_1112022_17.mzXML,6.78270073,6.862583942,9850917,9840846.525,RNAi,2,17,RNAi 2,0.131115267,0.655576337,45.89034359
468,762,762,isopropyl decanoate,./20221031_DCor_RNAi/RNAi2_1112022_17.mzXML,6.937474453,7.017357664,521617,512251.225,RNAi,2,17,RNAi 2,0.006942699,0.034713495,2.429944679
510,864,864,ethyl dodecanoate,./20221031_DCor_RNAi/RNAi2_1112022_17.mzXML,7.711343066,7.816189781,5156290,5147368.55,RNAi,2,17,RNAi 2,0.068629991,0.343149954,24.02049675
552,966,966,isopropyl dodecanoate,./20221031_DCor_RNAi/RNAi2_1112022_17.mzXML,7.841153285,7.931021898,329664,322770.5425,RNAi,2,17,RNAi 2,0.004387813,0.021939066,1.535734615
594,1068,1068,C18,./20221031_DCor_RNAi/RNAi2_1112022_17.mzXML,8.575080292,8.654963504,75131731,75100761.32,RNAi,2,17,RNAi 2,1,5,350
175,54,54,pBQ,./20221031_DCor_RNAi/RNAi2_1112022_26.mzXML,4.047812905,4.087791463,11956064,11934092.1,RNAi,2,26,RNAi 2,0.51476692,2.573834601,180.1684221
217,156,156,meBQ,./20221031_DCor_RNAi/RNAi2_1112022_26.mzXML,4.687469837,4.752434995,66365365,66347984.83,RNAi,2,26,RNAi 2,2.857352934,14.28676467,1000.073527
259,258,258,C11:1,./20221031_DCor_RNAi/RNAi2_1112022_26.mzXML,5.122236659,5.162215217,1316451,1305822.9,RNAi,2,26,RNAi 2,0.016889557,0.084447787,5.911345113
301,360,360,C11,./20221031_DCor_RNAi/RNAi2_1112022_26.mzXML,5.167212537,5.262161613,416234841,416206956.1,RNAi,2,26,RNAi 2,5.340132118,26.70066059,1869.046241
343,462,462,dimeBQ,./20221031_DCor_RNAi/RNAi2_1112022_26.mzXML,5.297142851,5.372102648,23226170,23204397.52,RNAi,2,26,RNAi 2,1,5,350
385,564,564,memeOBQ,./20221031_DCor_RNAi/RNAi2_1112022_26.mzXML,5.706923074,5.79687483,23938930,23925099.23,RNAi,2,26,RNAi 2,1.030687797,5.153438987,360.7407291
427,666,666,ethyl decanoate,./20221031_DCor_RNAi/RNAi2_1112022_26.mzXML,6.781346828,6.861303944,31094828,31081956.91,RNAi,2,26,RNAi 2,0.398934624,1.994673119,139.6271183
469,768,768,isopropyl decanoate,./20221031_DCor_RNAi/RNAi2_1112022_26.mzXML,6.936263741,7.016220858,1733658,1715812.313,RNAi,2,26,RNAi 2,0.022242162,0.11121081,7.784756703
511,870,870,ethyl dodecanoate,./20221031_DCor_RNAi/RNAi2_1112022_26.mzXML,7.710848308,7.815792024,35589302,35577013.9,RNAi,2,26,RNAi 2,0.456596988,2.282984939,159.8089458
553,972,972,isopropyl dodecanoate,./20221031_DCor_RNAi/RNAi2_1112022_26.mzXML,7.840778623,7.930730379,1068859,1059419.24,RNAi,2,26,RNAi 2,0.013713048,0.068565239,4.799566734
595,1074,1074,C18,./20221031_DCor_RNAi/RNAi2_1112022_26.mzXML,8.575384631,8.655341748,77944671,77929093.76,RNAi,2,26,RNAi 2,1,5,350
176,57,57,pBQ,./20221031_DCor_RNAi/RNAi2_1112022_45.mzXML,4.046208107,4.086154331,11654974,11625694.79,RNAi,2,45,RNAi 2,0.490960494,2.454802468,171.8361728
218,159,159,meBQ,./20221031_DCor_RNAi/RNAi2_1112022_45.mzXML,4.685347691,4.750260305,59564372,59547502.46,RNAi,2,45,RNAi 2,2.509122155,12.54561077,878.1927542
260,261,261,C11:1,./20221031_DCor_RNAi/RNAi2_1112022_45.mzXML,5.119762878,5.159709102,2085411,2069597.948,RNAi,2,45,RNAi 2,0.026879281,0.134396405,9.407748317
302,363,363,C11,./20221031_DCor_RNAi/RNAi2_1112022_45.mzXML,5.16470238,5.259574662,627948687,627905294.8,RNAi,2,45,RNAi 2,8.093756652,40.46878326,2832.814828
344,465,465,dimeBQ,./20221031_DCor_RNAi/RNAi2_1112022_45.mzXML,5.294527608,5.369426778,23739128,23715987.72,RNAi,2,45,RNAi 2,1,5,350
386,567,567,memeOBQ,./20221031_DCor_RNAi/RNAi2_1112022_45.mzXML,5.703976404,5.793855408,22787165,22772506.75,RNAi,2,45,RNAi 2,0.95989899,4.799494952,335.9646466
428,669,669,ethyl decanoate,./20221031_DCor_RNAi/RNAi2_1112022_45.mzXML,6.777531175,6.857423623,146243893,146219518.5,RNAi,2,45,RNAi 2,1.884966887,9.424834435,659.7384104
470,771,771,isopropyl decanoate,./20221031_DCor_RNAi/RNAi2_1112022_45.mzXML,6.932322793,7.012215241,2930540,2902408.925,RNAi,2,45,RNAi 2,0.037772318,0.188861591,13.22031137
512,873,873,ethyl dodecanoate,./20221031_DCor_RNAi/RNAi2_1112022_45.mzXML,7.706280884,7.811139722,24949164,24936227.2,RNAi,2,45,RNAi 2,0.321574782,1.60787391,112.5511737
554,975,975,isopropyl dodecanoate,./20221031_DCor_RNAi/RNAi2_1112022_45.mzXML,7.836106112,7.925985116,743210,733606.3175,RNAi,2,45,RNAi 2,0.009579383,0.047896914,3.352783996
596,1077,1077,C18,./20221031_DCor_RNAi/RNAi2_1112022_45.mzXML,8.570117979,8.650010427,77584330,77566214.46,RNAi,2,45,RNAi 2,1,5,350
177,59,59,pBQ,./20221031_DCor_RNAi/RNAi2_1112022_19.mzXML,4.051693431,4.091635036,1315446,1302582.275,RNAi,2,19,RNAi 2,0.055067348,0.27533674,19.27357179
219,161,161,meBQ,./20221031_DCor_RNAi/RNAi2_1112022_19.mzXML,4.690759124,4.755664234,7164669,7153835.07,RNAi,2,19,RNAi 2,0.299928177,1.499640886,104.974862
261,263,263,C11:1,./20221031_DCor_RNAi/RNAi2_1112022_19.mzXML,5.125124088,5.165065693,165525,161069.3075,RNAi,2,19,RNAi 2,0.002056254,0.010281272,0.719689058
303,365,365,C11,./20221031_DCor_RNAi/RNAi2_1112022_19.mzXML,5.170058394,5.264919708,44556933,44542522.19,RNAi,2,19,RNAi 2,0.553513921,2.767569606,193.7298724
345,467,467,dimeBQ,./20221031_DCor_RNAi/RNAi2_1112022_19.mzXML,5.299868613,5.374759124,23887949,23864400.9,RNAi,2,19,RNAi 2,1,5,350
387,569,569,memeOBQ,./20221031_DCor_RNAi/RNAi2_1112022_19.mzXML,5.709270073,5.799138686,5717307,5707287.965,RNAi,2,19,RNAi 2,0.239338547,1.196692734,83.76849138
429,671,671,ethyl decanoate,./20221031_DCor_RNAi/RNAi2_1112022_19.mzXML,6.78270073,6.862583942,4345733,4336645.438,RNAi,2,19,RNAi 2,0.053985397,0.269926985,18.89488892
471,773,773,isopropyl decanoate,./20221031_DCor_RNAi/RNAi2_1112022_19.mzXML,6.937474453,7.017357664,639452,630769.85,RNAi,2,19,RNAi 2,0.00794367,0.039718351,2.780284594
513,875,875,ethyl dodecanoate,./20221031_DCor_RNAi/RNAi2_1112022_19.mzXML,7.711343066,7.816189781,3631492,3622430.05,RNAi,2,19,RNAi 2,0.045112651,0.225563256,15.78942792
555,977,977,isopropyl dodecanoate,./20221031_DCor_RNAi/RNAi2_1112022_19.mzXML,7.841153285,7.931021898,573498,566358.3825,RNAi,2,19,RNAi 2,0.007124349,0.035621743,2.493522038
597,1079,1079,C18,./20221031_DCor_RNAi/RNAi2_1112022_19.mzXML,8.575080292,8.654963504,80498306,80457337,RNAi,2,19,RNAi 2,1,5,350
178,61,61,pBQ,./20221031_DCor_RNAi/RNAi2_1112022_24.mzXML,4.045,4.085,11439208,11416904.65,RNAi,2,24,RNAi 2,0.509803341,2.549016707,178.4311695
220,163,163,meBQ,./20221031_DCor_RNAi/RNAi2_1112022_24.mzXML,4.685,4.75,69922742,69903668.47,RNAi,2,24,RNAi 2,3.116198911,15.58099455,1090.669619
262,265,265,C11:1,./20221031_DCor_RNAi/RNAi2_1112022_24.mzXML,5.12,5.16,512423,506112.155,RNAi,2,24,RNAi 2,0.006911823,0.034559113,2.419137902
304,367,367,C11,./20221031_DCor_RNAi/RNAi2_1112022_24.mzXML,5.165,5.26,263509110,263487442.6,RNAi,2,24,RNAi 2,3.554345172,17.77172586,1244.02081
346,469,469,dimeBQ,./20221031_DCor_RNAi/RNAi2_1112022_24.mzXML,5.295,5.37,22438472,22417949.06,RNAi,2,24,RNAi 2,1,5,350
388,571,571,memeOBQ,./20221031_DCor_RNAi/RNAi2_1112022_24.mzXML,5.705,5.795,23432364,23418569.36,RNAi,2,24,RNAi 2,1.044294103,5.221470517,365.5029362
430,673,673,ethyl decanoate,./20221031_DCor_RNAi/RNAi2_1112022_24.mzXML,6.78,6.86,13241584,13228473.6,RNAi,2,24,RNAi 2,0.178609233,0.893046167,62.51323172
472,775,775,isopropyl decanoate,./20221031_DCor_RNAi/RNAi2_1112022_24.mzXML,6.935,7.015,1592321,1579505.435,RNAi,2,24,RNAi 2,0.021478037,0.107390186,7.517313008
514,877,877,ethyl dodecanoate,./20221031_DCor_RNAi/RNAi2_1112022_24.mzXML,7.71,7.815,19612389,19601464.76,RNAi,2,24,RNAi 2,0.264541898,1.322709491,92.58966436
556,979,979,isopropyl dodecanoate,./20221031_DCor_RNAi/RNAi2_1112022_24.mzXML,7.84,7.93,1433751,1423974.56,RNAi,2,24,RNAi 2,0.019339164,0.096695821,6.768707467
598,1081,1081,C18,./20221031_DCor_RNAi/RNAi2_1112022_24.mzXML,8.575,8.655,74137175,74112410.65,RNAi,2,24,RNAi 2,1,5,350
179,63,63,pBQ,./20221031_DCor_RNAi/RNAi2_1112022_20.mzXML,4.045,4.085,7169919,7152713.265,RNAi,2,20,RNAi 2,0.321122853,1.605614267,112.3929987
221,165,165,meBQ,./20221031_DCor_RNAi/RNAi2_1112022_20.mzXML,4.685,4.75,48802604,48785373.96,RNAi,2,20,RNAi 2,2.18574735,10.92873675,765.0115724
263,267,267,C11:1,./20221031_DCor_RNAi/RNAi2_1112022_20.mzXML,5.12,5.16,377869,372361.465,RNAi,2,20,RNAi 2,0.005078341,0.025391705,1.777419378
305,369,369,C11,./20221031_DCor_RNAi/RNAi2_1112022_20.mzXML,5.165,5.26,215764932,215743616.7,RNAi,2,20,RNAi 2,2.899756048,14.49878024,1014.914617
347,471,471,dimeBQ,./20221031_DCor_RNAi/RNAi2_1112022_20.mzXML,5.295,5.37,22327651,22306919.71,RNAi,2,20,RNAi 2,1,5,350
389,573,573,memeOBQ,./20221031_DCor_RNAi/RNAi2_1112022_20.mzXML,5.705,5.795,23039399,23026103.24,RNAi,2,20,RNAi 2,1.031877424,5.15938712,361.1570984
431,675,675,ethyl decanoate,./20221031_DCor_RNAi/RNAi2_1112022_20.mzXML,6.78,6.86,13674561,13660950.59,RNAi,2,20,RNAi 2,0.183778201,0.918891003,64.32237021
473,777,777,isopropyl decanoate,./20221031_DCor_RNAi/RNAi2_1112022_20.mzXML,6.935,7.015,2282190,2270605.63,RNAi,2,20,RNAi 2,0.030671315,0.153356576,10.73496035
515,879,879,ethyl dodecanoate,./20221031_DCor_RNAi/RNAi2_1112022_20.mzXML,7.71,7.815,22314563,22303361.08,RNAi,2,20,RNAi 2,0.299894837,1.499474183,104.9631928
557,981,981,isopropyl dodecanoate,./20221031_DCor_RNAi/RNAi2_1112022_20.mzXML,7.84,7.93,1810275,1800230,RNAi,2,20,RNAi 2,0.02432905,0.121645251,8.515167598
599,1083,1083,C18,./20221031_DCor_RNAi/RNAi2_1112022_20.mzXML,8.575,8.655,74407960,74382269.23,RNAi,2,20,RNAi 2,1,5,350
180,66,66,pBQ,./20221031_DCor_RNAi/RNAi2_1112022_41.mzXML,4.046208107,4.086154331,2336105,2322289.713,RNAi,2,41,RNAi 2,0.103659007,0.518295037,36.28065258
222,168,168,meBQ,./20221031_DCor_RNAi/RNAi2_1112022_41.mzXML,4.685347691,4.750260305,10532186,10520360.78,RNAi,2,41,RNAi 2,0.467340272,2.33670136,163.5690952
264,270,270,C11:1,./20221031_DCor_RNAi/RNAi2_1112022_41.mzXML,5.119762878,5.159709102,37294,33062.605,RNAi,2,41,RNAi 2,0.000464617,0.002323084,0.162615901
306,372,372,C11,./20221031_DCor_RNAi/RNAi2_1112022_41.mzXML,5.16470238,5.259574662,14070340,14053829.28,RNAi,2,41,RNAi 2,0.175291393,0.876456964,61.35198747
348,474,474,dimeBQ,./20221031_DCor_RNAi/RNAi2_1112022_41.mzXML,5.294527608,5.369426778,22536440,22514047.88,RNAi,2,41,RNAi 2,1,5,350
390,576,576,memeOBQ,./20221031_DCor_RNAi/RNAi2_1112022_41.mzXML,5.703976404,5.793855408,3171665,3161123.173,RNAi,2,41,RNAi 2,0.140734961,0.703674804,49.25723628
432,678,678,ethyl decanoate,./20221031_DCor_RNAi/RNAi2_1112022_41.mzXML,6.777531175,6.857423623,2382463,2371061.5,RNAi,2,41,RNAi 2,0.029681248,0.148406242,10.38843696
474,780,780,isopropyl decanoate,./20221031_DCor_RNAi/RNAi2_1112022_41.mzXML,6.932322793,7.012215241,82290,72923.8875,RNAi,2,41,RNAi 2,0.001025187,0.005125935,0.358815427
516,882,882,ethyl dodecanoate,./20221031_DCor_RNAi/RNAi2_1112022_41.mzXML,7.706280884,7.811139722,1582340,1572206.05,RNAi,2,41,RNAi 2,0.01971314,0.0985657,6.899599005
558,984,984,isopropyl dodecanoate,./20221031_DCor_RNAi/RNAi2_1112022_41.mzXML,7.836106112,7.925985116,353377,345798.9525,RNAi,2,41,RNAi 2,0.004402448,0.022012242,1.540856957
600,1086,1086,C18,./20221031_DCor_RNAi/RNAi2_1112022_41.mzXML,8.570117979,8.650010427,80268288,80250102.94,RNAi,2,41,RNAi 2,1,5,350
181,67,67,pBQ,./20221031_DCor_RNAi/RNAi2_1112022_04.mzXML,4.045,4.085,962239,951559.255,RNAi,2,4,RNAi 2,0.04137311,0.206865551,14.48058858
223,169,169,meBQ,./20221031_DCor_RNAi/RNAi2_1112022_04.mzXML,4.685,4.75,7090140,7079961.068,RNAi,2,4,RNAi 2,0.304852686,1.52426343,106.6984401
265,271,271,C11:1,./20221031_DCor_RNAi/RNAi2_1112022_04.mzXML,5.12,5.16,24533,21693.485,RNAi,2,4,RNAi 2,0.000306705,0.001533524,0.107346679
307,373,373,C11,./20221031_DCor_RNAi/RNAi2_1112022_04.mzXML,5.165,5.26,6568960,6557305.48,RNAi,2,4,RNAi 2,0.082123326,0.410616629,28.74316404
349,475,475,dimeBQ,./20221031_DCor_RNAi/RNAi2_1112022_04.mzXML,5.295,5.37,23257594,23237006.84,RNAi,2,4,RNAi 2,1,5,350
391,577,577,memeOBQ,./20221031_DCor_RNAi/RNAi2_1112022_04.mzXML,5.705,5.795,2865677,2857947.88,RNAi,2,4,RNAi 2,0.12321468,0.6160734,43.12513797
433,679,679,ethyl decanoate,./20221031_DCor_RNAi/RNAi2_1112022_04.mzXML,6.78,6.86,2272035,2263644.345,RNAi,2,4,RNAi 2,0.028404355,0.142021774,9.941524185
475,781,781,isopropyl decanoate,./20221031_DCor_RNAi/RNAi2_1112022_04.mzXML,6.935,7.015,55166,49483.47,RNAi,2,4,RNAi 2,0.00068967,0.003448351,0.24138454
517,883,883,ethyl dodecanoate,./20221031_DCor_RNAi/RNAi2_1112022_04.mzXML,7.71,7.815,1425097,1418870.89,RNAi,2,4,RNAi 2,0.01781617,0.089080848,6.23565935
559,985,985,isopropyl dodecanoate,./20221031_DCor_RNAi/RNAi2_1112022_04.mzXML,7.84,7.93,201797,196878,RNAi,2,4,RNAi 2,0.00252281,0.012614052,0.882983649
601,1087,1087,C18,./20221031_DCor_RNAi/RNAi2_1112022_04.mzXML,8.575,8.655,79988967,79951174.84,RNAi,2,4,RNAi 2,1,5,350
182,69,69,pBQ,./20221031_DCor_RNAi/RNAi2_1112022_39.mzXML,4.046208107,4.086154331,1549695,1536749.9,RNAi,2,39,RNAi 2,0.068543413,0.342717063,23.99019442
224,171,171,meBQ,./20221031_DCor_RNAi/RNAi2_1112022_39.mzXML,4.685347691,4.750260305,12876999,12864945.84,RNAi,2,39,RNAi 2,0.569553013,2.847765063,199.3435544
266,273,273,C11:1,./20221031_DCor_RNAi/RNAi2_1112022_39.mzXML,5.119762878,5.159709102,246265,240860.72,RNAi,2,39,RNAi 2,0.003135829,0.015679145,1.097540183
308,375,375,C11,./20221031_DCor_RNAi/RNAi2_1112022_39.mzXML,5.16470238,5.259574662,123173452,123153425.3,RNAi,2,39,RNAi 2,1.568436011,7.842180056,548.9526039
350,477,477,dimeBQ,./20221031_DCor_RNAi/RNAi2_1112022_39.mzXML,5.294527608,5.369426778,22608956,22586960.01,RNAi,2,39,RNAi 2,1,5,350
392,579,579,memeOBQ,./20221031_DCor_RNAi/RNAi2_1112022_39.mzXML,5.703976404,5.793855408,9556565,9544911.585,RNAi,2,39,RNAi 2,0.422689354,2.113446769,147.9412738
434,681,681,ethyl decanoate,./20221031_DCor_RNAi/RNAi2_1112022_39.mzXML,6.777531175,6.857423623,6552007,6540429.775,RNAi,2,39,RNAi 2,0.083430346,0.41715173,29.20062112
476,783,783,isopropyl decanoate,./20221031_DCor_RNAi/RNAi2_1112022_39.mzXML,6.932322793,7.012215241,1077704,1066992.313,RNAi,2,39,RNAi 2,0.013723004,0.06861502,4.803051367
518,885,885,ethyl dodecanoate,./20221031_DCor_RNAi/RNAi2_1112022_39.mzXML,7.706280884,7.811139722,10163945,10153716.05,RNAi,2,39,RNAi 2,0.12942316,0.647115799,45.29810591
560,987,987,isopropyl dodecanoate,./20221031_DCor_RNAi/RNAi2_1112022_39.mzXML,7.836106112,7.925985116,824671,816416.3525,RNAi,2,39,RNAi 2,0.010500994,0.052504971,3.675347938
602,1089,1089,C18,./20221031_DCor_RNAi/RNAi2_1112022_39.mzXML,8.570117979,8.650010427,78532660,78515992.56,RNAi,2,39,RNAi 2,1,5,350
183,71,71,pBQ,./20221031_DCor_RNAi/RNAi2_1112022_43.mzXML,4.046693431,4.086635036,11602886,11575155.1,RNAi,2,43,RNAi 2,0.487912104,2.439560519,170.7692363
225,173,173,meBQ,./20221031_DCor_RNAi/RNAi2_1112022_43.mzXML,4.685759124,4.750664234,61873707,61856285.97,RNAi,2,43,RNAi 2,2.601846692,13.00923346,910.6463421
267,275,275,C11:1,./20221031_DCor_RNAi/RNAi2_1112022_43.mzXML,5.120124088,5.160065693,587410,580740.715,RNAi,2,43,RNAi 2,0.00710022,0.035501101,2.4850771
309,377,377,C11,./20221031_DCor_RNAi/RNAi2_1112022_43.mzXML,5.165058394,5.259919708,207440379,207420836.4,RNAi,2,43,RNAi 2,2.507400941,12.53700471,877.5903294
351,479,479,dimeBQ,./20221031_DCor_RNAi/RNAi2_1112022_43.mzXML,5.294868613,5.369759124,23780689,23758722.23,RNAi,2,43,RNAi 2,1,5,350
393,581,581,memeOBQ,./20221031_DCor_RNAi/RNAi2_1112022_43.mzXML,5.704270073,5.794138686,28053064,28038802.32,RNAi,2,43,RNAi 2,1.179657326,5.898286631,412.8800642
435,683,683,ethyl decanoate,./20221031_DCor_RNAi/RNAi2_1112022_43.mzXML,6.77770073,6.857583942,13265932,13252998.44,RNAi,2,43,RNAi 2,0.160349738,0.801748689,56.12240823
477,785,785,isopropyl decanoate,./20221031_DCor_RNAi/RNAi2_1112022_43.mzXML,6.932474453,7.012357664,783421,770283.1,RNAi,2,43,RNAi 2,0.009469471,0.047347353,3.31431468
519,887,887,ethyl dodecanoate,./20221031_DCor_RNAi/RNAi2_1112022_43.mzXML,7.706343066,7.811189781,19978996,19966486.2,RNAi,2,43,RNAi 2,0.241492778,1.207463889,84.52247226
561,989,989,isopropyl dodecanoate,./20221031_DCor_RNAi/RNAi2_1112022_43.mzXML,7.836153285,7.926021898,898090,888273.6475,RNAi,2,43,RNAi 2,0.010855513,0.054277565,3.799429517
603,1091,1091,C18,./20221031_DCor_RNAi/RNAi2_1112022_43.mzXML,8.570080292,8.649963504,82731236,82694417.75,RNAi,2,43,RNAi 2,1,5,350
184,72,72,pBQ,./20221031_DCor_RNAi/RNAi2_1112022_06.mzXML,4.053386861,4.093270073,589861,578807.6675,RNAi,2,6,RNAi 2,0.02657164,0.132858202,9.300074107
226,174,174,meBQ,./20221031_DCor_RNAi/RNAi2_1112022_06.mzXML,4.691518248,4.756328467,3772116,3761911.2,RNAi,2,6,RNAi 2,0.169923608,0.849618042,59.47326292
268,276,276,C11:1,./20221031_DCor_RNAi/RNAi2_1112022_06.mzXML,5.125248175,5.165131387,64401,60585.545,RNAi,2,6,RNAi 2,0.000817937,0.004089686,0.286278
310,378,378,C11,./20221031_DCor_RNAi/RNAi2_1112022_06.mzXML,5.170116788,5.264839416,4086421,4074416.96,RNAi,2,6,RNAi 2,0.051900367,0.259501834,18.16512838
352,480,480,dimeBQ,./20221031_DCor_RNAi/RNAi2_1112022_06.mzXML,5.299737226,5.374518248,22198893,22178015.68,RNAi,2,6,RNAi 2,1,5,350
394,582,582,memeOBQ,./20221031_DCor_RNAi/RNAi2_1112022_06.mzXML,5.708540146,5.798277372,2913658,2904783.49,RNAi,2,6,RNAi 2,0.131252401,0.656262004,45.93834026
436,684,684,ethyl decanoate,./20221031_DCor_RNAi/RNAi2_1112022_06.mzXML,6.78040146,6.860167883,2274210,2265917.025,RNAi,2,6,RNAi 2,0.028884036,0.144420182,10.10941276
478,786,786,isopropyl decanoate,./20221031_DCor_RNAi/RNAi2_1112022_06.mzXML,6.934948905,7.014715328,62904,55506.4125,RNAi,2,6,RNAi 2,0.000798924,0.003994621,0.279623474
520,888,888,ethyl dodecanoate,./20221031_DCor_RNAi/RNAi2_1112022_06.mzXML,7.707686131,7.812379562,1440034,1431337.7,RNAi,2,6,RNAi 2,0.018289426,0.091447128,6.401298955
562,990,990,isopropyl dodecanoate,./20221031_DCor_RNAi/RNAi2_1112022_06.mzXML,7.837306569,7.927043796,241683,235034.7675,RNAi,2,6,RNAi 2,0.003069541,0.015347704,1.074339311
604,1092,1092,C18,./20221031_DCor_RNAi/RNAi2_1112022_06.mzXML,8.570160584,8.649927007,78735879,78676515.43,RNAi,2,6,RNAi 2,1,5,350
185,74,74,pBQ,./20221031_DCor_RNAi/RNAi2_1112022_22.mzXML,4.045,4.085,134272,125131.66,RNAi,2,22,RNAi 2,0.006517007,0.032585037,2.280952557
227,176,176,meBQ,./20221031_DCor_RNAi/RNAi2_1112022_22.mzXML,4.685,4.75,14711851,14699689.57,RNAi,2,22,RNAi 2,0.714052375,3.570261873,249.9183311
269,278,278,C11:1,./20221031_DCor_RNAi/RNAi2_1112022_22.mzXML,5.12,5.16,20479,17399.905,RNAi,2,22,RNAi 2,0.000295865,0.001479324,0.103552678
311,380,380,C11,./20221031_DCor_RNAi/RNAi2_1112022_22.mzXML,5.165,5.26,10269745,10255617.96,RNAi,2,22,RNAi 2,0.148369353,0.741846764,51.92927351
353,482,482,dimeBQ,./20221031_DCor_RNAi/RNAi2_1112022_22.mzXML,5.295,5.37,20603322,20582441.24,RNAi,2,22,RNAi 2,1,5,350
395,584,584,memeOBQ,./20221031_DCor_RNAi/RNAi2_1112022_22.mzXML,5.705,5.795,6545390,6535434.36,RNAi,2,22,RNAi 2,0.317686148,1.588430739,111.1901518
437,686,686,ethyl decanoate,./20221031_DCor_RNAi/RNAi2_1112022_22.mzXML,6.78,6.86,2505042,2495825.905,RNAi,2,22,RNAi 2,0.036190914,0.180954571,12.66681998
479,788,788,isopropyl decanoate,./20221031_DCor_RNAi/RNAi2_1112022_22.mzXML,6.935,7.015,119492,112995.685,RNAi,2,22,RNAi 2,0.001726328,0.008631641,0.604214881
521,890,890,ethyl dodecanoate,./20221031_DCor_RNAi/RNAi2_1112022_22.mzXML,7.71,7.815,1777661,1769991.27,RNAi,2,22,RNAi 2,0.025682275,0.128411374,8.988796145
563,992,992,isopropyl dodecanoate,./20221031_DCor_RNAi/RNAi2_1112022_22.mzXML,7.84,7.93,222982,217212.16,RNAi,2,22,RNAi 2,0.003221472,0.01610736,1.127515169
605,1094,1094,C18,./20221031_DCor_RNAi/RNAi2_1112022_22.mzXML,8.575,8.655,69217428,69190010.47,RNAi,2,22,RNAi 2,1,5,350
186,77,77,pBQ,./20221031_DCor_RNAi/RNAi2_1112022_44.mzXML,4.046208107,4.086154331,1150927,1138139.61,RNAi,2,44,RNAi 2,0.050474152,0.252370758,17.66595307
228,179,179,meBQ,./20221031_DCor_RNAi/RNAi2_1112022_44.mzXML,4.685347691,4.750260305,5274326,5263403.99,RNAi,2,44,RNAi 2,0.231306703,1.156533517,80.9573462
270,281,281,C11:1,./20221031_DCor_RNAi/RNAi2_1112022_44.mzXML,5.119762878,5.159709102,27450,23320.105,RNAi,2,44,RNAi 2,0.000345415,0.001727074,0.120895153
312,383,383,C11,./20221031_DCor_RNAi/RNAi2_1112022_44.mzXML,5.16470238,5.259574662,13337873,13322954.87,RNAi,2,44,RNAi 2,0.167835983,0.839179913,58.74259389
354,485,485,dimeBQ,./20221031_DCor_RNAi/RNAi2_1112022_44.mzXML,5.294527608,5.369426778,22802305,22778838.27,RNAi,2,44,RNAi 2,1,5,350
396,587,587,memeOBQ,./20221031_DCor_RNAi/RNAi2_1112022_44.mzXML,5.703976404,5.793855408,4120672,4108974.045,RNAi,2,44,RNAi 2,0.180712959,0.903564793,63.24953552
438,689,689,ethyl decanoate,./20221031_DCor_RNAi/RNAi2_1112022_44.mzXML,6.777531175,6.857423623,2551158,2540524.2,RNAi,2,44,RNAi 2,0.032102278,0.160511391,11.23579737
480,791,791,isopropyl decanoate,./20221031_DCor_RNAi/RNAi2_1112022_44.mzXML,6.932322793,7.012215241,101942,92647.5125,RNAi,2,44,RNAi 2,0.001282778,0.006413892,0.448972449
522,893,893,ethyl dodecanoate,./20221031_DCor_RNAi/RNAi2_1112022_44.mzXML,7.706280884,7.811139722,1864760,1854549.65,RNAi,2,44,RNAi 2,0.023465048,0.117325239,8.212766712
564,995,995,isopropyl dodecanoate,./20221031_DCor_RNAi/RNAi2_1112022_44.mzXML,7.836106112,7.925985116,315666,308089.9075,RNAi,2,44,RNAi 2,0.003972156,0.01986078,1.390254626
606,1097,1097,C18,./20221031_DCor_RNAi/RNAi2_1112022_44.mzXML,8.570117979,8.650010427,79469687,79452104.53,RNAi,2,44,RNAi 2,1,5,350
187,79,79,pBQ,./20221031_DCor_RNAi/RNAi2_1112022_25.mzXML,4.049598254,4.089512238,421143,409005.245,RNAi,2,25,RNAi 2,0.018013636,0.090068181,6.304772694
229,181,181,meBQ,./20221031_DCor_RNAi/RNAi2_1112022_25.mzXML,4.688222003,4.753082228,2814964,2804416.09,RNAi,2,25,RNAi 2,0.120405035,0.602025174,42.14176221
271,283,283,C11:1,./20221031_DCor_RNAi/RNAi2_1112022_25.mzXML,5.122286583,5.162200567,124994,120270.75,RNAi,2,25,RNAi 2,0.001510163,0.007550817,0.528557164
313,385,385,C11,./20221031_DCor_RNAi/RNAi2_1112022_25.mzXML,5.167189815,5.261985528,49870186,49854720.04,RNAi,2,25,RNAi 2,0.602525929,3.012629643,210.884075
355,487,487,dimeBQ,./20221031_DCor_RNAi/RNAi2_1112022_25.mzXML,5.296910265,5.371748985,23379122,23355238.98,RNAi,2,25,RNAi 2,1,5,350
397,589,589,memeOBQ,./20221031_DCor_RNAi/RNAi2_1112022_25.mzXML,5.706028604,5.795835069,3542643,3532510.235,RNAi,2,25,RNAi 2,0.151530199,0.757650993,53.03556951
439,691,691,ethyl decanoate,./20221031_DCor_RNAi/RNAi2_1112022_25.mzXML,6.778716933,6.858544902,7762277,7748897.563,RNAi,2,25,RNAi 2,0.09378295,0.46891475,32.82403248
481,793,793,isopropyl decanoate,./20221031_DCor_RNAi/RNAi2_1112022_25.mzXML,6.933383622,7.013211591,266881,256833.7375,RNAi,2,25,RNAi 2,0.003224426,0.01612213,1.128549086
523,895,895,ethyl dodecanoate,./20221031_DCor_RNAi/RNAi2_1112022_25.mzXML,7.706717069,7.811491278,4992500,4982262.6,RNAi,2,25,RNAi 2,0.060318819,0.301594093,21.11158648
565,997,997,isopropyl dodecanoate,./20221031_DCor_RNAi/RNAi2_1112022_25.mzXML,7.836437518,7.926243983,357399,349760.9425,RNAi,2,25,RNAi 2,0.004318054,0.021590271,1.511318958
607,1099,1099,C18,./20221031_DCor_RNAi/RNAi2_1112022_25.mzXML,8.56985698,8.649684949,82768531,82707491.35,RNAi,2,25,RNAi 2,1,5,350
188,81,81,pBQ,./20221031_DCor_RNAi/RNAi2_1112022_18.mzXML,4.045,4.085,274527,265334.5475,RNAi,2,18,RNAi 2,0.013303017,0.066515087,4.656056086
230,183,183,meBQ,./20221031_DCor_RNAi/RNAi2_1112022_18.mzXML,4.685,4.75,338842,330160.39,RNAi,2,18,RNAi 2,0.016419591,0.082097954,5.746856799
272,285,285,C11:1,./20221031_DCor_RNAi/RNAi2_1112022_18.mzXML,5.12,5.16,25889,22496.975,RNAi,2,18,RNAi 2,0.000330509,0.001652545,0.11567818
314,387,387,C11,./20221031_DCor_RNAi/RNAi2_1112022_18.mzXML,5.165,5.26,3624372,3611603.115,RNAi,2,18,RNAi 2,0.046270148,0.231350742,16.19455193
356,489,489,dimeBQ,./20221031_DCor_RNAi/RNAi2_1112022_18.mzXML,5.295,5.37,20636446,20614687.83,RNAi,2,18,RNAi 2,1,5,350
398,591,591,memeOBQ,./20221031_DCor_RNAi/RNAi2_1112022_18.mzXML,5.705,5.795,2637353,2628168.113,RNAi,2,18,RNAi 2,0.127800737,0.639003683,44.73025782
440,693,693,ethyl decanoate,./20221031_DCor_RNAi/RNAi2_1112022_18.mzXML,6.78,6.86,2148192,2138220.57,RNAi,2,18,RNAi 2,0.027424658,0.13712329,9.598630299
482,795,795,isopropyl decanoate,./20221031_DCor_RNAi/RNAi2_1112022_18.mzXML,6.935,7.015,71117,64547.045,RNAi,2,18,RNAi 2,0.000907907,0.004539537,0.317767588
524,897,897,ethyl dodecanoate,./20221031_DCor_RNAi/RNAi2_1112022_18.mzXML,7.71,7.815,1420526,1413040.618,RNAi,2,18,RNAi 2,0.01813499,0.090674948,6.347246384
566,999,999,isopropyl dodecanoate,./20221031_DCor_RNAi/RNAi2_1112022_18.mzXML,7.84,7.93,213070,207522.84,RNAi,2,18,RNAi 2,0.002720135,0.013600674,0.95204719
608,1101,1101,C18,./20221031_DCor_RNAi/RNAi2_1112022_18.mzXML,8.575,8.655,78330676,78314806.3,RNAi,2,18,RNAi 2,1,5,350
189,84,84,pBQ,./20221031_DCor_RNAi/RNAi2_1112022_27.mzXML,4.045,4.085,330046,319984.13,RNAi,2,27,RNAi 2,0.016433602,0.082168009,5.751760627
231,186,186,meBQ,./20221031_DCor_RNAi/RNAi2_1112022_27.mzXML,4.685,4.75,1679814,1670063.64,RNAi,2,27,RNAi 2,0.083641051,0.418205256,29.2743679
273,288,288,C11:1,./20221031_DCor_RNAi/RNAi2_1112022_27.mzXML,5.12,5.16,23055,19404.36,RNAi,2,27,RNAi 2,0.000326997,0.001634983,0.114448776
315,390,390,C11,./20221031_DCor_RNAi/RNAi2_1112022_27.mzXML,5.165,5.26,8110036,8096877.505,RNAi,2,27,RNAi 2,0.115027257,0.575136286,40.25954005
357,492,492,dimeBQ,./20221031_DCor_RNAi/RNAi2_1112022_27.mzXML,5.295,5.37,20083607,20062509.91,RNAi,2,27,RNAi 2,1,5,350
399,594,594,memeOBQ,./20221031_DCor_RNAi/RNAi2_1112022_27.mzXML,5.705,5.795,3088790,3079056.183,RNAi,2,27,RNAi 2,0.153796576,0.768982882,53.82880177
441,696,696,ethyl decanoate,./20221031_DCor_RNAi/RNAi2_1112022_27.mzXML,6.78,6.86,2274468,2265207.595,RNAi,2,27,RNAi 2,0.032259514,0.161297568,11.29082973
483,798,798,isopropyl decanoate,./20221031_DCor_RNAi/RNAi2_1112022_27.mzXML,6.935,7.015,85372,78222.55,RNAi,2,27,RNAi 2,0.001210859,0.006054293,0.423800517
525,900,900,ethyl dodecanoate,./20221031_DCor_RNAi/RNAi2_1112022_27.mzXML,7.71,7.815,1453771,1445906.52,RNAi,2,27,RNAi 2,0.020619303,0.103096516,7.216756104
567,1002,1002,isopropyl dodecanoate,./20221031_DCor_RNAi/RNAi2_1112022_27.mzXML,7.84,7.93,231839,225955.88,RNAi,2,27,RNAi 2,0.003288247,0.016441237,1.150886569
609,1104,1104,C18,./20221031_DCor_RNAi/RNAi2_1112022_27.mzXML,8.575,8.655,70505341,70488881.8,RNAi,2,27,RNAi 2,1,5,350
190,87,87,pBQ,./20221031_DCor_RNAi/RNAi2_1112022_07.mzXML,4.049598254,4.089512238,359905,347936.6975,RNAi,2,7,RNAi 2,0.016105436,0.080527179,5.636902514
232,189,189,meBQ,./20221031_DCor_RNAi/RNAi2_1112022_07.mzXML,4.688222003,4.753082228,2189287,2178779.62,RNAi,2,7,RNAi 2,0.097968689,0.489843447,34.28904126
274,291,291,C11:1,./20221031_DCor_RNAi/RNAi2_1112022_07.mzXML,5.122286583,5.162200567,29451,25410.1975,RNAi,2,7,RNAi 2,0.000373251,0.001866255,0.130637849
316,393,393,C11,./20221031_DCor_RNAi/RNAi2_1112022_07.mzXML,5.167189815,5.261985528,4699280,4685889.08,RNAi,2,7,RNAi 2,0.059556923,0.297784616,20.8449231
358,495,495,dimeBQ,./20221031_DCor_RNAi/RNAi2_1112022_07.mzXML,5.296910265,5.371748985,22346803,22324682.97,RNAi,2,7,RNAi 2,1,5,350
400,597,597,memeOBQ,./20221031_DCor_RNAi/RNAi2_1112022_07.mzXML,5.706028604,5.795835069,2731043,2721310.925,RNAi,2,7,RNAi 2,0.122211799,0.611058996,42.7741297
442,699,699,ethyl decanoate,./20221031_DCor_RNAi/RNAi2_1112022_07.mzXML,6.778716933,6.858544902,2217684,2205555.825,RNAi,2,7,RNAi 2,0.0281061,0.140530502,9.837135145
484,801,801,isopropyl decanoate,./20221031_DCor_RNAi/RNAi2_1112022_07.mzXML,6.933383622,7.013211591,67580,59287.775,RNAi,2,7,RNAi 2,0.000856484,0.004282419,0.299769306
526,903,903,ethyl dodecanoate,./20221031_DCor_RNAi/RNAi2_1112022_07.mzXML,7.706717069,7.811491278,1431128,1421924.45,RNAi,2,7,RNAi 2,0.018137583,0.090687914,6.348153996
568,1005,1005,isopropyl dodecanoate,./20221031_DCor_RNAi/RNAi2_1112022_07.mzXML,7.836437518,7.926243983,222481,215430.8875,RNAi,2,7,RNAi 2,0.002819641,0.014098206,0.986874444
610,1107,1107,C18,./20221031_DCor_RNAi/RNAi2_1112022_07.mzXML,8.56985698,8.649684949,78904009,78833005.9,RNAi,2,7,RNAi 2,1,5,350
191,88,88,pBQ,./20221031_DCor_RNAi/RNAi2_1112022_42.mzXML,4.046208107,4.086154331,12291965,12263595.68,RNAi,2,42,RNAi 2,0.528686394,2.643431969,185.0402378
233,190,190,meBQ,./20221031_DCor_RNAi/RNAi2_1112022_42.mzXML,4.685347691,4.750260305,109444060,109423563.9,RNAi,2,42,RNAi 2,4.707268968,23.53634484,1647.544139
275,292,292,C11:1,./20221031_DCor_RNAi/RNAi2_1112022_42.mzXML,5.119762878,5.159709102,719342,710933.3725,RNAi,2,42,RNAi 2,0.00943323,0.047166151,3.301630587
317,394,394,C11,./20221031_DCor_RNAi/RNAi2_1112022_42.mzXML,5.16470238,5.259574662,311759718,311733635,RNAi,2,42,RNAi 2,4.088321274,20.44160637,1430.912446
359,496,496,dimeBQ,./20221031_DCor_RNAi/RNAi2_1112022_42.mzXML,5.294527608,5.369426778,23250012,23228573.38,RNAi,2,42,RNAi 2,1,5,350
401,598,598,memeOBQ,./20221031_DCor_RNAi/RNAi2_1112022_42.mzXML,5.703976404,5.793855408,35292266,35277971.3,RNAi,2,42,RNAi 2,1.517946141,7.589730706,531.2811494
443,700,700,ethyl decanoate,./20221031_DCor_RNAi/RNAi2_1112022_42.mzXML,6.777531175,6.857423623,24876052,24862537.19,RNAi,2,42,RNAi 2,0.326216912,1.631084562,114.1759193
485,802,802,isopropyl decanoate,./20221031_DCor_RNAi/RNAi2_1112022_42.mzXML,6.932322793,7.012215241,866044,851755.675,RNAi,2,42,RNAi 2,0.011357035,0.056785176,3.97496234
527,904,904,ethyl dodecanoate,./20221031_DCor_RNAi/RNAi2_1112022_42.mzXML,7.706280884,7.811139722,42310870,42297589.55,RNAi,2,42,RNAi 2,0.554851766,2.774258828,194.1981179
569,1006,1006,isopropyl dodecanoate,./20221031_DCor_RNAi/RNAi2_1112022_42.mzXML,7.836106112,7.925985116,779132,769421.345,RNAi,2,42,RNAi 2,0.010217298,0.05108649,3.576054286
611,1108,1108,C18,./20221031_DCor_RNAi/RNAi2_1112022_42.mzXML,8.570117979,8.650010427,76256169,76238691.68,RNAi,2,42,RNAi 2,1,5,350
192,93,93,pBQ,./20221031_DCor_RNAi/RNAi2_1112022_23.mzXML,4.045,4.085,190940,180707.4525,RNAi,2,23,RNAi 2,0.009023252,0.045116258,3.158138086
234,195,195,meBQ,./20221031_DCor_RNAi/RNAi2_1112022_23.mzXML,4.685,4.75,1057188,1047284.43,RNAi,2,23,RNAi 2,0.049959534,0.249797669,17.48583684
276,297,297,C11:1,./20221031_DCor_RNAi/RNAi2_1112022_23.mzXML,5.12,5.16,16479,12646.745,RNAi,2,23,RNAi 2,0.000214691,0.001073455,0.075141827
318,399,399,C11,./20221031_DCor_RNAi/RNAi2_1112022_23.mzXML,5.165,5.26,15127060,15112864.8,RNAi,2,23,RNAi 2,0.197077652,0.985388262,68.97717834
360,501,501,dimeBQ,./20221031_DCor_RNAi/RNAi2_1112022_23.mzXML,5.295,5.37,21160886,21139018.6,RNAi,2,23,RNAi 2,1,5,350
402,603,603,memeOBQ,./20221031_DCor_RNAi/RNAi2_1112022_23.mzXML,5.705,5.795,3476591,3466304.853,RNAi,2,23,RNAi 2,0.164293263,0.821466313,57.5026419
444,705,705,ethyl decanoate,./20221031_DCor_RNAi/RNAi2_1112022_23.mzXML,6.78,6.86,3252761,3242359.63,RNAi,2,23,RNAi 2,0.042377468,0.21188734,14.83211381
486,807,807,isopropyl decanoate,./20221031_DCor_RNAi/RNAi2_1112022_23.mzXML,6.935,7.015,621933,613641.745,RNAi,2,23,RNAi 2,0.008102638,0.040513191,2.835923402
528,909,909,ethyl dodecanoate,./20221031_DCor_RNAi/RNAi2_1112022_23.mzXML,7.71,7.815,4913636,4904457.053,RNAi,2,23,RNAi 2,0.064015602,0.320078008,22.40546059
570,1011,1011,isopropyl dodecanoate,./20221031_DCor_RNAi/RNAi2_1112022_23.mzXML,7.84,7.93,1444633,1436532.72,RNAi,2,23,RNAi 2,0.0188209,0.094104499,6.587314923
612,1113,1113,C18,./20221031_DCor_RNAi/RNAi2_1112022_23.mzXML,8.575,8.655,76756851,76739986.69,RNAi,2,23,RNAi 2,1,5,350
193,95,95,pBQ,./20221031_DCor_RNAi/RNAi2_1112022_21.mzXML,4.047812905,4.087791463,4322686,4308184.17,RNAi,2,21,RNAi 2,0.196629088,0.983145439,68.82018071
235,197,197,meBQ,./20221031_DCor_RNAi/RNAi2_1112022_21.mzXML,4.687469837,4.752434995,40757597,40742248.85,RNAi,2,21,RNAi 2,1.853969758,9.26984879,648.8894153
277,299,299,C11:1,./20221031_DCor_RNAi/RNAi2_1112022_21.mzXML,5.122236659,5.162215217,1507511,1496209.868,RNAi,2,21,RNAi 2,0.021560303,0.107801515,7.546106032
319,401,401,C11,./20221031_DCor_RNAi/RNAi2_1112022_21.mzXML,5.167212537,5.262161613,450937563,450907544.7,RNAi,2,21,RNAi 2,6.449273318,32.24636659,2257.245661
361,503,503,dimeBQ,./20221031_DCor_RNAi/RNAi2_1112022_21.mzXML,5.297142851,5.372102648,21983960,21961996.91,RNAi,2,21,RNAi 2,1,5,350
403,605,605,memeOBQ,./20221031_DCor_RNAi/RNAi2_1112022_21.mzXML,5.706923074,5.79687483,11376995,11364831.67,RNAi,2,21,RNAi 2,0.517513451,2.587567254,181.1297078
445,707,707,ethyl decanoate,./20221031_DCor_RNAi/RNAi2_1112022_21.mzXML,6.781346828,6.861303944,41152047,41138652.79,RNAi,2,21,RNAi 2,0.588553318,2.942766588,205.9936611
487,809,809,isopropyl decanoate,./20221031_DCor_RNAi/RNAi2_1112022_21.mzXML,6.936263741,7.016220858,2030130,2012171.55,RNAi,2,21,RNAi 2,0.029034759,0.145173793,10.16216548
529,911,911,ethyl dodecanoate,./20221031_DCor_RNAi/RNAi2_1112022_21.mzXML,7.710848308,7.815792024,18722228,18710749.4,RNAi,2,21,RNAi 2,0.267763822,1.338819112,93.71733781
571,1013,1013,isopropyl dodecanoate,./20221031_DCor_RNAi/RNAi2_1112022_21.mzXML,7.840778623,7.930730379,670643,661879.84,RNAi,2,21,RNAi 2,0.009591483,0.047957415,3.357019078
613,1115,1115,C18,./20221031_DCor_RNAi/RNAi2_1112022_21.mzXML,8.575384631,8.655341748,69920678,69904792.29,RNAi,2,21,RNAi 2,1,5,350
194,99,99,pBQ,./20221031_DCor_RNAi/RNAi2_1112022_38.mzXML,4.046208107,4.086154331,833789,822150.065,RNAi,2,38,RNAi 2,0.03850636,0.192531801,13.47722608
236,201,201,meBQ,./20221031_DCor_RNAi/RNAi2_1112022_38.mzXML,4.685347691,4.750260305,8998801,8987602.24,RNAi,2,38,RNAi 2,0.415586045,2.077930226,145.4551158
278,303,303,C11:1,./20221031_DCor_RNAi/RNAi2_1112022_38.mzXML,5.119762878,5.159709102,169850,165166.335,RNAi,2,38,RNAi 2,0.00220316,0.011015801,0.771106097
320,405,405,C11,./20221031_DCor_RNAi/RNAi2_1112022_38.mzXML,5.16470238,5.259574662,80245526,80228769.67,RNAi,2,38,RNAi 2,1.040881692,5.204408458,364.3085921
362,507,507,dimeBQ,./20221031_DCor_RNAi/RNAi2_1112022_38.mzXML,5.294527608,5.369426778,21653280,21631938.61,RNAi,2,38,RNAi 2,1,5,350
404,609,609,memeOBQ,./20221031_DCor_RNAi/RNAi2_1112022_38.mzXML,5.703976404,5.793855408,5827533,5816689.89,RNAi,2,38,RNAi 2,0.269129342,1.34564671,94.19526972
446,711,711,ethyl decanoate,./20221031_DCor_RNAi/RNAi2_1112022_38.mzXML,6.777531175,6.857423623,5271754,5261889.7,RNAi,2,38,RNAi 2,0.068381036,0.341905181,23.93336268
488,813,813,isopropyl decanoate,./20221031_DCor_RNAi/RNAi2_1112022_38.mzXML,6.932322793,7.012215241,1184961,1175402.138,RNAi,2,38,RNAi 2,0.01537038,0.076851899,5.379632923
530,915,915,ethyl dodecanoate,./20221031_DCor_RNAi/RNAi2_1112022_38.mzXML,7.706280884,7.811139722,5251842,5243262.75,RNAi,2,38,RNAi 2,0.068122753,0.340613767,23.84296372
572,1017,1017,isopropyl dodecanoate,./20221031_DCor_RNAi/RNAi2_1112022_38.mzXML,7.836106112,7.925985116,1142038,1134338.105,RNAi,2,38,RNAi 2,0.014813616,0.074068082,5.184765763
614,1119,1119,C18,./20221031_DCor_RNAi/RNAi2_1112022_38.mzXML,8.570117979,8.650010427,77093801,77076758.68,RNAi,2,38,RNAi 2,1,5,350
195,100,100,pBQ,./20221031_DCor_RNAi/RNAi2_1112022_05.mzXML,4.05241611,4.09230856,667425,657200.6775,RNAi,2,5,RNAi 2,0.030983076,0.15491538,10.84407662
237,202,202,meBQ,./20221031_DCor_RNAi/RNAi2_1112022_05.mzXML,4.69069531,4.755520541,3075325,3065934.43,RNAi,2,5,RNAi 2,0.142762151,0.713810753,49.9667527
279,304,304,C11:1,./20221031_DCor_RNAi/RNAi2_1112022_05.mzXML,5.124525704,5.164418154,38322,34801.4725,RNAi,2,5,RNAi 2,0.000477891,0.002389454,0.167261773
321,406,406,C11,./20221031_DCor_RNAi/RNAi2_1112022_05.mzXML,5.16940471,5.264149279,18790197,18778386.39,RNAi,2,5,RNAi 2,0.234321327,1.171606636,82.01246452
363,508,508,dimeBQ,./20221031_DCor_RNAi/RNAi2_1112022_05.mzXML,5.299055173,5.373853516,21541599,21523420.14,RNAi,2,5,RNAi 2,1,5,350
405,610,610,memeOBQ,./20221031_DCor_RNAi/RNAi2_1112022_05.mzXML,5.707952785,5.797710798,4044085,4035722.743,RNAi,2,5,RNAi 2,0.187733743,0.938668713,65.70680988
447,712,712,ethyl decanoate,./20221031_DCor_RNAi/RNAi2_1112022_05.mzXML,6.780062379,6.859847279,3203294,3193444.895,RNAi,2,5,RNAi 2,0.039946367,0.199731834,13.98122838
489,814,814,isopropyl decanoate,./20221031_DCor_RNAi/RNAi2_1112022_05.mzXML,6.934645623,7.014430523,534472,527094.625,RNAi,2,5,RNAi 2,0.006665081,0.033325406,2.332778413
531,916,916,ethyl dodecanoate,./20221031_DCor_RNAi/RNAi2_1112022_05.mzXML,7.707561842,7.812279523,1927750,1920442.9,RNAi,2,5,RNAi 2,0.024039819,0.120199096,8.413936718
573,1018,1018,isopropyl dodecanoate,./20221031_DCor_RNAi/RNAi2_1112022_05.mzXML,7.837212305,7.926970317,274561,268531.7375,RNAi,2,5,RNAi 2,0.003423886,0.017119431,1.198360202
615,1120,1120,C18,./20221031_DCor_RNAi/RNAi2_1112022_05.mzXML,8.570236074,8.650020974,80189871,80164876.65,RNAi,2,5,RNAi 2,1,5,350
196,101,101,pBQ,./20221031_DCor_RNAi/RNAi2_1112022_40.mzXML,4.046208107,4.086154331,428394,416507.1075,RNAi,2,40,RNAi 2,0.019420256,0.097101282,6.797089749
238,203,203,meBQ,./20221031_DCor_RNAi/RNAi2_1112022_40.mzXML,4.685347691,4.750260305,4682897,4671882.32,RNAi,2,40,RNAi 2,0.212288362,1.06144181,74.30092671
280,305,305,C11:1,./20221031_DCor_RNAi/RNAi2_1112022_40.mzXML,5.119762878,5.159709102,34639,30389.195,RNAi,2,40,RNAi 2,0.000453569,0.002267845,0.158749133
322,407,407,C11,./20221031_DCor_RNAi/RNAi2_1112022_40.mzXML,5.16470238,5.259574662,18723647,18707291.35,RNAi,2,40,RNAi 2,0.245170615,1.225853074,85.80971518
364,509,509,dimeBQ,./20221031_DCor_RNAi/RNAi2_1112022_40.mzXML,5.294527608,5.369426778,22059132,22036366.08,RNAi,2,40,RNAi 2,1,5,350
406,611,611,memeOBQ,./20221031_DCor_RNAi/RNAi2_1112022_40.mzXML,5.703976404,5.793855408,3956334,3945748.738,RNAi,2,40,RNAi 2,0.1793513,0.8967565,62.77295498
448,713,713,ethyl decanoate,./20221031_DCor_RNAi/RNAi2_1112022_40.mzXML,6.777531175,6.857423623,2937506,2927232.425,RNAi,2,40,RNAi 2,0.038464203,0.192321013,13.46247092
490,815,815,isopropyl decanoate,./20221031_DCor_RNAi/RNAi2_1112022_40.mzXML,6.932322793,7.012215241,527707,518818.9375,RNAi,2,40,RNAi 2,0.006909885,0.034549426,2.418459789
532,917,917,ethyl dodecanoate,./20221031_DCor_RNAi/RNAi2_1112022_40.mzXML,7.706280884,7.811139722,2048464,2039161.1,RNAi,2,40,RNAi 2,0.026822936,0.134114678,9.388027471
574,1019,1019,isopropyl dodecanoate,./20221031_DCor_RNAi/RNAi2_1112022_40.mzXML,7.836106112,7.925985116,468018,460639.0225,RNAi,2,40,RNAi 2,0.006128307,0.030641536,2.144907522
616,1121,1121,C18,./20221031_DCor_RNAi/RNAi2_1112022_40.mzXML,8.570117979,8.650010427,76369866,76354132.95,RNAi,2,40,RNAi 2,1,5,350