Unnamed..0,compound,data,start,stop,area,area_linkpoint,RNAi,Gene,Vial,Total,ratio,ng_uL,ng
17,pBQ,GFP3_12132022_103.mzXML,4.045,4.085,2666981,2645135.03,GFP,3,103,GFP,0.168532097,0.842660485,58.98623398
115,meBQ,GFP3_12132022_103.mzXML,4.685,4.75,44773201,44755062.19,GFP,3,103,GFP,2.829312042,14.14656021,990.2592146
213,C11:1,GFP3_12132022_103.mzXML,5.12,5.16,2305681,2293628.83,GFP,3,103,GFP,0.027352852,0.136764261,9.57349829
311,C11,GFP3_12132022_103.mzXML,5.165,5.26,575184112,575110571.4,GFP,3,103,GFP,6.82354846,34.1177423,2388.241961
409,dimeBQ,GFP3_12132022_103.mzXML,5.295,5.37,15824766,15791214.76,GFP,3,103,GFP,1,5,350
507,memeOBQ,GFP3_12132022_103.mzXML,5.705,5.795,25011458,24983115.36,GFP,3,103,GFP,1.580526246,7.90263123,553.1841861
605,ethyl decanoate,GFP3_12132022_103.mzXML,6.78,6.86,11646382,11631292.94,GFP,3,103,GFP,0.138163851,0.690819255,48.35734786
703,isopropyl decanoate,GFP3_12132022_103.mzXML,6.935,7.015,38902222,38864920.96,GFP,3,103,GFP,0.461506484,2.307532419,161.5272693
801,ethyl dodecanoate,GFP3_12132022_103.mzXML,7.71,7.815,2095950,2083818.5,GFP,3,103,GFP,0.024864763,0.124323813,8.702666909
899,isopropyl dodecanoate,GFP3_12132022_103.mzXML,7.84,7.93,1180654,1170919.8,GFP,3,103,GFP,0.014006384,0.070031922,4.902234546
997,C18,GFP3_12132022_103.mzXML,8.575,8.655,84293988,84246650.99,GFP,3,103,GFP,1,5,350
22,pBQ,GFP3_12132022_101.mzXML,4.045,4.085,5018967,4988460.06,GFP,3,101,GFP,0.314256638,1.571283191,109.9898234
120,meBQ,GFP3_12132022_101.mzXML,4.685,4.75,57683428,57663437.4,GFP,3,101,GFP,3.61177911,18.05889555,1264.122689
218,C11:1,GFP3_12132022_101.mzXML,5.12,5.16,2638685,2624905.88,GFP,3,101,GFP,0.031122739,0.155613693,10.89295852
316,C11,GFP3_12132022_101.mzXML,5.165,5.26,611040057,610952766.8,GFP,3,101,GFP,7.207089889,36.03544945,2522.481461
414,dimeBQ,GFP3_12132022_101.mzXML,5.295,5.37,15970918,15937515.83,GFP,3,101,GFP,1,5,350
512,memeOBQ,GFP3_12132022_101.mzXML,5.705,5.795,38350507,38305224.2,GFP,3,101,GFP,2.401271298,12.00635649,840.4449544
610,ethyl decanoate,GFP3_12132022_101.mzXML,6.78,6.86,304172928,304020605,GFP,3,101,GFP,3.587656175,17.93828088,1255.679661
708,isopropyl decanoate,GFP3_12132022_101.mzXML,6.935,7.015,3779271,3747934.38,GFP,3,101,GFP,0.044575712,0.222878562,15.60149932
806,ethyl dodecanoate,GFP3_12132022_101.mzXML,7.71,7.815,22694109,22678551.94,GFP,3,101,GFP,0.267672277,1.338361386,93.68529702
904,isopropyl dodecanoate,GFP3_12132022_101.mzXML,7.84,7.93,598359,588072.44,GFP,3,101,GFP,0.007057519,0.035287597,2.470131814
1002,C18,GFP3_12132022_101.mzXML,8.575,8.655,84783188,84736599.05,GFP,3,101,GFP,1,5,350
37,pBQ,GFP3_12132022_104.mzXML,4.051688596,4.091630117,4423241,4387828.823,GFP,3,104,GFP,0.27301899,1.365094952,95.55664663
135,meBQ,GFP3_12132022_104.mzXML,4.690752924,4.755657895,51498338,51452161.46,GFP,3,104,GFP,3.178670176,15.89335088,1112.534561
233,C11:1,GFP3_12132022_104.mzXML,5.125116959,5.16505848,4042926,4025849.535,GFP,3,104,GFP,0.045410327,0.227051635,15.89361443
331,C11,GFP3_12132022_104.mzXML,5.17005117,5.264912281,708334441,707915388,GFP,3,104,GFP,7.956044346,39.78022173,2784.615521
429,dimeBQ,GFP3_12132022_104.mzXML,5.299861111,5.374751462,16201221,16165175.8,GFP,3,104,GFP,1,5,350
527,memeOBQ,GFP3_12132022_104.mzXML,5.709261696,5.799130117,23326890,23298425.71,GFP,3,104,GFP,1.439822961,7.199114807,503.9380365
625,ethyl decanoate,GFP3_12132022_104.mzXML,6.782690058,6.862573099,278738548,278611765,GFP,3,104,GFP,3.130803926,15.65401963,1095.781374
723,isopropyl decanoate,GFP3_12132022_104.mzXML,6.93746345,7.017346491,5119510,5068616.2,GFP,3,104,GFP,0.057502567,0.287512835,20.12589842
821,ethyl dodecanoate,GFP3_12132022_104.mzXML,7.711330409,7.816176901,21162188,21147068.25,GFP,3,104,GFP,0.237694649,1.188473244,83.19312708
919,isopropyl dodecanoate,GFP3_12132022_104.mzXML,7.841140351,7.931008772,637467,626609.3125,GFP,3,104,GFP,0.007160058,0.03580029,2.50602032
1017,C18,GFP3_12132022_104.mzXML,8.575065789,8.65494883,89030982,88982630.97,GFP,3,104,GFP,1,5,350
40,pBQ,GFP3_12132022_100.mzXML,4.046688596,4.086630117,6326996,6291231.775,GFP,3,100,GFP,0.373543801,1.867719006,130.7403304
138,meBQ,GFP3_12132022_100.mzXML,4.685752924,4.750657895,41572210,41555129.65,GFP,3,100,GFP,2.454409857,12.27204928,859.0434498
236,C11:1,GFP3_12132022_100.mzXML,5.120116959,5.16005848,2758389,2746340.723,GFP,3,100,GFP,0.030820304,0.154101521,10.78710649
334,C11,GFP3_12132022_100.mzXML,5.16505117,5.259912281,582616769,582541861.6,GFP,3,100,GFP,6.509751195,32.54875597,2278.412918
432,dimeBQ,GFP3_12132022_100.mzXML,5.294861111,5.369751462,16937762,16900476.36,GFP,3,100,GFP,1,5,350
530,memeOBQ,GFP3_12132022_100.mzXML,5.704261696,5.794130117,26716643,26696010.14,GFP,3,100,GFP,1.577341977,7.886709885,552.069692
628,ethyl decanoate,GFP3_12132022_100.mzXML,6.777690058,6.857573099,5934297,5923179.788,GFP,3,100,GFP,0.066305673,0.331528365,23.20698556
726,isopropyl decanoate,GFP3_12132022_100.mzXML,6.93246345,7.012346491,50465163,50431332.49,GFP,3,100,GFP,0.563862341,2.819311704,197.3518193
824,ethyl dodecanoate,GFP3_12132022_100.mzXML,7.706330409,7.811176901,2142121,2129643.3,GFP,3,100,GFP,0.023934558,0.119672789,8.377095234
922,isopropyl dodecanoate,GFP3_12132022_100.mzXML,7.836140351,7.926008772,1334000,1323312.398,GFP,3,100,GFP,0.01490518,0.074525902,5.216813169
1020,C18,GFP3_12132022_100.mzXML,8.570065789,8.64994883,89499084,89470531.67,GFP,3,100,GFP,1,5,350
63,pBQ,GFP3_12132022_99.mzXML,4.045,4.085,5983544,5948873.69,GFP,3,99,GFP,0.376833195,1.884165974,131.8916182
161,meBQ,GFP3_12132022_99.mzXML,4.685,4.75,46234708,46214813.54,GFP,3,99,GFP,2.911781501,14.5589075,1019.123525
259,C11:1,GFP3_12132022_99.mzXML,5.12,5.16,2546945,2534083.82,GFP,3,99,GFP,0.029160602,0.14580301,10.20621067
357,C11,GFP3_12132022_99.mzXML,5.165,5.26,603604265,603516022.7,GFP,3,99,GFP,6.910814203,34.55407101,2418.784971
455,dimeBQ,GFP3_12132022_99.mzXML,5.295,5.37,15878495,15844406.69,GFP,3,99,GFP,1,5,350
553,memeOBQ,GFP3_12132022_99.mzXML,5.705,5.795,35501661,35458093.68,GFP,3,99,GFP,2.235832867,11.17916434,782.5415035
651,ethyl decanoate,GFP3_12132022_99.mzXML,6.78,6.86,258646017,258506229.1,GFP,3,99,GFP,2.961302084,14.80651042,1036.455729
749,isopropyl decanoate,GFP3_12132022_99.mzXML,6.935,7.015,24236593,24197696.7,GFP,3,99,GFP,0.277490735,1.387453675,97.12175724
847,ethyl dodecanoate,GFP3_12132022_99.mzXML,7.71,7.815,16262393,16247486.55,GFP,3,99,GFP,0.186192151,0.930960756,65.16725289
945,isopropyl dodecanoate,GFP3_12132022_99.mzXML,7.84,7.93,1878997,1867812.72,GFP,3,99,GFP,0.0215131,0.107565502,7.52958514
1043,C18,GFP3_12132022_99.mzXML,8.575,8.655,87341990,87295456.21,GFP,3,99,GFP,1,5,350
67,pBQ,GFP1_12132022_67.mzXML,4.045,4.085,1916697,1899160.965,GFP,1,67,GFP,0.142841195,0.714205973,49.9944181
165,meBQ,GFP1_12132022_67.mzXML,4.685,4.75,11243739,11232875.51,GFP,1,67,GFP,0.83793584,4.189679199,293.2775439
263,C11:1,GFP1_12132022_67.mzXML,5.12,5.16,488241,483258.315,GFP,1,67,GFP,0.006636811,0.033184057,2.322883961
361,C11,GFP1_12132022_67.mzXML,5.165,5.26,158120100,158093359,GFP,1,67,GFP,2.149375553,10.74687776,752.2814434
459,dimeBQ,GFP1_12132022_67.mzXML,5.295,5.37,13418377,13392001.2,GFP,1,67,GFP,1,5,350
557,memeOBQ,GFP1_12132022_67.mzXML,5.705,5.795,6275948,6262254.16,GFP,1,67,GFP,0.467712899,2.338564493,163.6995145
655,ethyl decanoate,GFP1_12132022_67.mzXML,6.78,6.86,27300626,27279965.26,GFP,1,67,GFP,0.371105875,1.855529376,129.8870563
753,isopropyl decanoate,GFP1_12132022_67.mzXML,6.935,7.015,364437,353292.545,GFP,1,67,GFP,0.004953905,0.024769526,1.733866804
851,ethyl dodecanoate,GFP1_12132022_67.mzXML,7.71,7.815,3916915,3907012.343,GFP,1,67,GFP,0.05324384,0.266219201,18.63534408
949,isopropyl dodecanoate,GFP1_12132022_67.mzXML,7.84,7.93,367637,360114.16,GFP,1,67,GFP,0.004997404,0.024987019,1.749091311
1047,C18,GFP1_12132022_67.mzXML,8.575,8.655,73565599,73521498.02,GFP,1,67,GFP,1,5,350
71,pBQ,GFP1_12132022_65.mzXML,4.046688596,4.086630117,1202361,1189751.655,GFP,1,65,GFP,0.091853266,0.459266331,32.14864318
169,meBQ,GFP1_12132022_65.mzXML,4.685752924,4.750657895,8484162,8474031.09,GFP,1,65,GFP,0.648139777,3.240698887,226.8489221
267,C11:1,GFP1_12132022_65.mzXML,5.120116959,5.16005848,514754,509755.2475,GFP,1,65,GFP,0.007347206,0.036736032,2.571522232
365,C11,GFP1_12132022_65.mzXML,5.16505117,5.259912281,152881585,152855141.2,GFP,1,65,GFP,2.182115256,10.91057628,763.7403396
463,dimeBQ,GFP1_12132022_65.mzXML,5.294861111,5.369751462,13090019,13062964.53,GFP,1,65,GFP,1,5,350
561,memeOBQ,GFP1_12132022_65.mzXML,5.704261696,5.794130117,8046257,8035463.573,GFP,1,65,GFP,0.614686426,3.073432132,215.1402492
659,ethyl decanoate,GFP1_12132022_65.mzXML,6.777690058,6.857573099,58491992,58470663.09,GFP,1,65,GFP,0.834870126,4.174350629,292.204544
757,isopropyl decanoate,GFP1_12132022_65.mzXML,6.93246345,7.012346491,11362145,11346390.95,GFP,1,65,GFP,0.1621746,0.810873002,56.76111011
855,ethyl dodecanoate,GFP1_12132022_65.mzXML,7.706330409,7.811176901,5916981,5906702.45,GFP,1,65,GFP,0.084454478,0.422272392,29.55906742
953,isopropyl dodecanoate,GFP1_12132022_65.mzXML,7.836140351,7.926008772,1136872,1128913.153,GFP,1,65,GFP,0.016226845,0.081134223,5.67939564
1051,C18,GFP1_12132022_65.mzXML,8.570065789,8.64994883,70061187,70036667.47,GFP,1,65,GFP,1,5,350
77,pBQ,GFP1_12132022_62.mzXML,4.045,4.085,7079563,7042540.84,GFP,1,62,GFP,0.538124114,2.690620571,188.34344
175,meBQ,GFP1_12132022_62.mzXML,4.685,4.75,38418289,38399520.11,GFP,1,62,GFP,2.920209586,14.60104793,1022.073355
273,C11:1,GFP1_12132022_62.mzXML,5.12,5.16,2694965,2681796.62,GFP,1,62,GFP,0.03798558,0.1899279,13.29495302
371,C11,GFP1_12132022_62.mzXML,5.165,5.26,621566978,621468002.9,GFP,1,62,GFP,8.760997715,43.80498858,3066.3492
469,dimeBQ,GFP1_12132022_62.mzXML,5.295,5.37,13156004,13127608.3,GFP,1,62,GFP,1,5,350
567,memeOBQ,GFP1_12132022_62.mzXML,5.705,5.795,18355981,18328941.16,GFP,1,62,GFP,1.395255049,6.976275243,488.339267
665,ethyl decanoate,GFP1_12132022_62.mzXML,6.78,6.86,225829559,225685112.5,GFP,1,62,GFP,3.183071689,15.91535844,1114.075091
763,isopropyl decanoate,GFP1_12132022_62.mzXML,6.935,7.015,3432813,3403386.085,GFP,1,62,GFP,0.048385561,0.241927804,16.93494631
861,ethyl dodecanoate,GFP1_12132022_62.mzXML,7.71,7.815,18293310,18280360.98,GFP,1,62,GFP,0.257844533,1.289222665,90.24558652
959,isopropyl dodecanoate,GFP1_12132022_62.mzXML,7.84,7.93,487901,479096.56,GFP,1,62,GFP,0.006876973,0.034384867,2.406940674
1057,C18,GFP1_12132022_62.mzXML,8.575,8.655,70947054,70904707.26,GFP,1,62,GFP,1,5,350
86,pBQ,GFP1_12132022_64.mzXML,4.046688596,4.086630117,13073624,13007387.06,GFP,1,64,GFP,0.907729118,4.538645592,317.7051915
184,meBQ,GFP1_12132022_64.mzXML,4.685752924,4.750657895,89770546,89745450.37,GFP,1,64,GFP,6.23295718,31.1647859,2181.535013
282,C11:1,GFP1_12132022_64.mzXML,5.120116959,5.16005848,4887716,4869536.073,GFP,1,64,GFP,0.062082173,0.310410864,21.72876051
380,C11,GFP1_12132022_64.mzXML,5.16505117,5.259912281,763649936,763534225.8,GFP,1,64,GFP,9.699632171,48.49816085,3394.87126
478,dimeBQ,GFP1_12132022_64.mzXML,5.294861111,5.369751462,14402561,14374804.18,GFP,1,64,GFP,1,5,350
576,memeOBQ,GFP1_12132022_64.mzXML,5.704261696,5.794130117,28078541,28058614.83,GFP,1,64,GFP,1.949551958,9.747759791,682.3431854
674,ethyl decanoate,GFP1_12132022_64.mzXML,6.777690058,6.857573099,344570863,344501835.3,GFP,1,64,GFP,4.376626606,21.88313303,1531.819312
772,isopropyl decanoate,GFP1_12132022_64.mzXML,6.93246345,7.012346491,6120701,6071347.963,GFP,1,64,GFP,0.077743146,0.388715729,27.21010104
870,ethyl dodecanoate,GFP1_12132022_64.mzXML,7.706330409,7.811176901,16500937,16487825.5,GFP,1,64,GFP,0.209589515,1.047947573,73.35633009
968,isopropyl dodecanoate,GFP1_12132022_64.mzXML,7.836140351,7.926008772,557666,547162.89,GFP,1,64,GFP,0.007083291,0.035416457,2.479152013
1066,C18,GFP1_12132022_64.mzXML,8.570065789,8.64994883,78729783,78703717.56,GFP,1,64,GFP,1,5,350
5,pBQ,RNAi3_12132022_70.mzXML,4.045,4.085,2198679,2180695.965,RNAi,3,70,RNAi 3,0.163509885,0.817549425,57.22845978
103,meBQ,RNAi3_12132022_70.mzXML,4.685,4.75,19006890,18994953.74,RNAi,3,70,RNAi 3,1.413491647,7.067458233,494.7220763
201,C11:1,RNAi3_12132022_70.mzXML,5.12,5.16,1184613,1176488.325,RNAi,3,70,RNAi 3,0.018814069,0.094070347,6.584924302
299,C11,RNAi3_12132022_70.mzXML,5.165,5.26,380646835,380611821.2,RNAi,3,70,RNAi 3,6.04544774,30.2272387,2115.906709
397,dimeBQ,RNAi3_12132022_70.mzXML,5.295,5.37,13446765,13419329.25,RNAi,3,70,RNAi 3,1,5,350
495,memeOBQ,RNAi3_12132022_70.mzXML,5.705,5.795,30717252,30689273.04,RNAi,3,70,RNAi 3,2.284359993,11.42179996,799.5259975
593,ethyl decanoate,RNAi3_12132022_70.mzXML,6.78,6.86,109474827,109419650.7,RNAi,3,70,RNAi 3,1.738683432,8.69341716,608.5392012
691,isopropyl decanoate,RNAi3_12132022_70.mzXML,6.935,7.015,19225553,19203181.84,RNAi,3,70,RNAi 3,0.305340976,1.526704878,106.8693414
789,ethyl dodecanoate,RNAi3_12132022_70.mzXML,7.71,7.815,5021791,5011168.765,RNAi,3,70,RNAi 3,0.079756279,0.398781393,27.91469754
887,isopropyl dodecanoate,RNAi3_12132022_70.mzXML,7.84,7.93,1001147,992651.24,RNAi,3,70,RNAi 3,0.015900255,0.079501277,5.565089367
985,C18,RNAi3_12132022_70.mzXML,8.575,8.655,62964209,62926166.8,RNAi,3,70,RNAi 3,1,5,350
7,pBQ,RNAi3_12132022_72.mzXML,4.045,4.085,1031000,1009508.075,RNAi,3,72,RNAi 3,0.065746924,0.32873462,23.01142338
105,meBQ,RNAi3_12132022_72.mzXML,4.685,4.75,10916283,10904726.98,RNAi,3,72,RNAi 3,0.696131938,3.480659691,243.6461784
203,C11:1,RNAi3_12132022_72.mzXML,5.12,5.16,1409231,1399798.64,RNAi,3,72,RNAi 3,0.020814587,0.104072933,7.285105309
301,C11,RNAi3_12132022_72.mzXML,5.165,5.26,407137014,407095693.5,RNAi,3,72,RNAi 3,6.013484401,30.067422,2104.71954
399,dimeBQ,RNAi3_12132022_72.mzXML,5.295,5.37,15681342,15640647.35,RNAi,3,72,RNAi 3,1,5,350
497,memeOBQ,RNAi3_12132022_72.mzXML,5.705,5.795,16433080,16410624.48,RNAi,3,72,RNAi 3,1.047938372,5.239691858,366.7784301
595,ethyl decanoate,RNAi3_12132022_72.mzXML,6.78,6.86,80986078,80942099.31,RNAi,3,72,RNAi 3,1.196178436,5.980892181,418.6624527
693,isopropyl decanoate,RNAi3_12132022_72.mzXML,6.935,7.015,3994727,3975805.58,RNAi,3,72,RNAi 3,0.059002812,0.295014058,20.65098403
791,ethyl dodecanoate,RNAi3_12132022_72.mzXML,7.71,7.815,4285391,4273156.188,RNAi,3,72,RNAi 3,0.063295969,0.316479846,22.15358925
889,isopropyl dodecanoate,RNAi3_12132022_72.mzXML,7.84,7.93,581864,572888.28,RNAi,3,72,RNAi 3,0.008594232,0.042971162,3.007981314
987,C18,RNAi3_12132022_72.mzXML,8.575,8.655,67704011,67671076.11,RNAi,3,72,RNAi 3,1,5,350
13,pBQ,RNAi3_12132022_92.mzXML,4.046688596,4.086630117,1900117,1881850.5,RNAi,3,92,RNAi 3,0.11144293,0.55721465,39.00502547
111,meBQ,RNAi3_12132022_92.mzXML,4.685752924,4.750657895,13153173,13140533.04,RNAi,3,92,RNAi 3,0.771440989,3.857204943,270.004346
209,C11:1,RNAi3_12132022_92.mzXML,5.120116959,5.16005848,652519,646175.3375,RNAi,3,92,RNAi 3,0.008114472,0.040572359,2.840065158
307,C11,RNAi3_12132022_92.mzXML,5.16505117,5.259912281,181922465,181896003.4,RNAi,3,92,RNAi 3,2.262316847,11.31158423,791.8108964
405,dimeBQ,RNAi3_12132022_92.mzXML,5.294861111,5.369751462,17050135,17005598.17,RNAi,3,92,RNAi 3,1,5,350
503,memeOBQ,RNAi3_12132022_92.mzXML,5.704261696,5.794130117,10695070,10680450.38,RNAi,3,92,RNAi 3,0.627271866,3.136359331,219.5451532
601,ethyl decanoate,RNAi3_12132022_92.mzXML,6.777690058,6.857573099,32836123,32821159.83,RNAi,3,92,RNAi 3,0.408337224,2.041686118,142.9180282
699,isopropyl decanoate,RNAi3_12132022_92.mzXML,6.93246345,7.012346491,4473589,4459349.275,RNAi,3,92,RNAi 3,0.055631809,0.278159043,19.47113303
797,ethyl dodecanoate,RNAi3_12132022_92.mzXML,7.706330409,7.811176901,3636680,3624072.9,RNAi,3,92,RNAi 3,0.045224335,0.226121673,15.82851711
895,isopropyl dodecanoate,RNAi3_12132022_92.mzXML,7.836140351,7.926008772,595557,586195.78,RNAi,3,92,RNAi 3,0.007406115,0.037030573,2.59214013
993,C18,RNAi3_12132022_92.mzXML,8.570065789,8.64994883,80414229,80387124.69,RNAi,3,92,RNAi 3,1,5,350
18,pBQ,RNAi3_12132022_76.mzXML,4.045,4.085,934051,917260.645,RNAi,3,76,RNAi 3,0.062951105,0.314755526,22.03288685
116,meBQ,RNAi3_12132022_76.mzXML,4.685,4.75,6668025,6657838.725,RNAi,3,76,RNAi 3,0.449396814,2.246984072,157.288885
214,C11:1,RNAi3_12132022_76.mzXML,5.12,5.16,588874,583032.505,RNAi,3,76,RNAi 3,0.009355774,0.04677887,3.274520904
312,C11,RNAi3_12132022_76.mzXML,5.165,5.26,212590773,212567294.1,RNAi,3,76,RNAi 3,3.377549746,16.88774873,1182.142411
410,dimeBQ,RNAi3_12132022_76.mzXML,5.295,5.37,14837722,14795495.4,RNAi,3,76,RNAi 3,1,5,350
508,memeOBQ,RNAi3_12132022_76.mzXML,5.705,5.795,6040853,6029238.4,RNAi,3,76,RNAi 3,0.407128062,2.035640309,142.4948216
606,ethyl decanoate,RNAi3_12132022_76.mzXML,6.78,6.86,38984871,38961278.8,RNAi,3,76,RNAi 3,0.619374676,3.09687338,216.7811366
704,isopropyl decanoate,RNAi3_12132022_76.mzXML,6.935,7.015,2513443,2499696.365,RNAi,3,76,RNAi 3,0.039932489,0.199662446,13.97637125
802,ethyl dodecanoate,RNAi3_12132022_76.mzXML,7.71,7.815,4599490,4587600.085,RNAi,3,76,RNAi 3,0.073074697,0.365373484,25.57614388
900,isopropyl dodecanoate,RNAi3_12132022_76.mzXML,7.84,7.93,548232,540099.84,RNAi,3,76,RNAi 3,0.008710072,0.043550358,3.048525056
998,C18,RNAi3_12132022_76.mzXML,8.575,8.655,62942307,62905792.31,RNAi,3,76,RNAi 3,1,5,350
21,pBQ,RNAi3_12132022_74.mzXML,4.045,4.085,901537,886890.82,RNAi,3,74,RNAi 3,0.060278343,0.301391714,21.09741998
119,meBQ,RNAi3_12132022_74.mzXML,4.685,4.75,1249848,1240619.853,RNAi,3,74,RNAi 3,0.083567026,0.417835131,29.2484592
217,C11:1,RNAi3_12132022_74.mzXML,5.12,5.16,396016,390697.84,RNAi,3,74,RNAi 3,0.006215647,0.031078236,2.175476549
315,C11,RNAi3_12132022_74.mzXML,5.165,5.26,128878903,128859074.2,RNAi,3,74,RNAi 3,2.022811712,10.11405856,707.9840994
413,dimeBQ,RNAi3_12132022_74.mzXML,5.295,5.37,14956234,14913535.18,RNAi,3,74,RNAi 3,1,5,350
511,memeOBQ,RNAi3_12132022_74.mzXML,5.705,5.795,4081452,4070595.76,RNAi,3,74,RNAi 3,0.272893029,1.364465145,95.51256018
609,ethyl decanoate,RNAi3_12132022_74.mzXML,6.78,6.86,12945332,12932112.4,RNAi,3,74,RNAi 3,0.203182744,1.015913721,71.1139605
707,isopropyl decanoate,RNAi3_12132022_74.mzXML,6.935,7.015,4290684,4277804.455,RNAi,3,74,RNAi 3,0.067344194,0.33672097,23.57046791
805,ethyl dodecanoate,RNAi3_12132022_74.mzXML,7.71,7.815,2189414,2177466.325,RNAi,3,74,RNAi 3,0.034363827,0.171819133,12.02733933
903,isopropyl dodecanoate,RNAi3_12132022_74.mzXML,7.84,7.93,547159,539012.6,RNAi,3,74,RNAi 3,0.008587904,0.04293952,3.005766365
1001,C18,RNAi3_12132022_74.mzXML,8.575,8.655,63712753,63678690.2,RNAi,3,74,RNAi 3,1,5,350
23,pBQ,RNAi3_12132022_89.mzXML,4.046688596,4.086630117,1744179,1726903.35,RNAi,3,89,RNAi 3,0.1082012,0.541006,37.87042003
121,meBQ,RNAi3_12132022_89.mzXML,4.685752924,4.750657895,9266829,9255825.69,RNAi,3,89,RNAi 3,0.574873347,2.874366733,201.2056713
219,C11:1,RNAi3_12132022_89.mzXML,5.120116959,5.16005848,1291865,1283889.218,RNAi,3,89,RNAi 3,0.017511995,0.087559974,6.129198157
317,C11,RNAi3_12132022_89.mzXML,5.16505117,5.259912281,348953341,348912184.8,RNAi,3,89,RNAi 3,4.730269084,23.65134542,1655.594179
415,dimeBQ,RNAi3_12132022_89.mzXML,5.294861111,5.369751462,16119775,16076631.27,RNAi,3,89,RNAi 3,1,5,350
513,memeOBQ,RNAi3_12132022_89.mzXML,5.704261696,5.794130117,12791367,12776241.17,RNAi,3,89,RNAi 3,0.793520195,3.967600975,277.7320682
611,ethyl decanoate,RNAi3_12132022_89.mzXML,6.777690058,6.857573099,73452965,73431728.75,RNAi,3,89,RNAi 3,0.995698418,4.978492088,348.4944462
709,isopropyl decanoate,RNAi3_12132022_89.mzXML,6.93246345,7.012346491,4351563,4333636.95,RNAi,3,89,RNAi 3,0.058988012,0.294940061,20.64580426
807,ethyl dodecanoate,RNAi3_12132022_89.mzXML,7.706330409,7.811176901,4215587,4203514.85,RNAi,3,89,RNAi 3,0.057144777,0.285723885,20.00067195
905,isopropyl dodecanoate,RNAi3_12132022_89.mzXML,7.836140351,7.926008772,529453,520796.345,RNAi,3,89,RNAi 3,0.007177049,0.035885244,2.51196708
1003,C18,RNAi3_12132022_89.mzXML,8.570065789,8.64994883,73770294,73745099.25,RNAi,3,89,RNAi 3,1,5,350
29,pBQ,RNAi3_12132022_73.mzXML,4.045,4.085,3696475,3666815.755,RNAi,3,73,RNAi 3,0.235601655,1.178008277,82.4605794
127,meBQ,RNAi3_12132022_73.mzXML,4.685,4.75,65597310,65578925.56,RNAi,3,73,RNAi 3,4.180965603,20.90482802,1463.337961
225,C11:1,RNAi3_12132022_73.mzXML,5.12,5.16,2450041,2435539.645,RNAi,3,73,RNAi 3,0.038310976,0.191554882,13.40884175
323,C11,RNAi3_12132022_73.mzXML,5.165,5.26,607949668,607894000.1,RNAi,3,73,RNAi 3,9.506430875,47.53215437,3327.250806
421,dimeBQ,RNAi3_12132022_73.mzXML,5.295,5.37,15689512,15646251.87,RNAi,3,73,RNAi 3,1,5,350
519,memeOBQ,RNAi3_12132022_73.mzXML,5.705,5.795,30380605,30349340.64,RNAi,3,73,RNAi 3,1.936363923,9.681819613,677.7273729
617,ethyl decanoate,RNAi3_12132022_73.mzXML,6.78,6.86,183179087,183116913.7,RNAi,3,73,RNAi 3,2.864347856,14.32173928,1002.52175
715,isopropyl decanoate,RNAi3_12132022_73.mzXML,6.935,7.015,2336121,2300272.635,RNAi,3,73,RNAi 3,0.036529624,0.18264812,12.78536841
813,ethyl dodecanoate,RNAi3_12132022_73.mzXML,7.71,7.815,14535424,14520362.46,RNAi,3,73,RNAi 3,0.227288558,1.136442791,79.55099536
911,isopropyl dodecanoate,RNAi3_12132022_73.mzXML,7.84,7.93,687806,676818.52,RNAi,3,73,RNAi 3,0.010755134,0.05377567,3.764296928
1009,C18,RNAi3_12132022_73.mzXML,8.575,8.655,63951411,63918945,RNAi,3,73,RNAi 3,1,5,350
36,pBQ,RNAi3_12132022_71.mzXML,4.045,4.085,4357674,4320390.81,RNAi,3,71,RNAi 3,0.286990891,1.434954457,100.446812
134,meBQ,RNAi3_12132022_71.mzXML,4.685,4.75,40226291,40208456.34,RNAi,3,71,RNAi 3,2.649252586,13.24626293,927.238405
232,C11:1,RNAi3_12132022_71.mzXML,5.12,5.16,2113986,2100780,RNAi,3,71,RNAi 3,0.03240725,0.162036252,11.34253765
330,C11,RNAi3_12132022_71.mzXML,5.165,5.26,557331447,557260947.3,RNAi,3,71,RNAi 3,8.543850228,42.71925114,2990.34758
428,dimeBQ,RNAi3_12132022_71.mzXML,5.295,5.37,15184015,15155969.61,RNAi,3,71,RNAi 3,1,5,350
526,memeOBQ,RNAi3_12132022_71.mzXML,5.705,5.795,21860351,21835331.08,RNAi,3,71,RNAi 3,1.439695035,7.198475173,503.8932621
624,ethyl decanoate,RNAi3_12132022_71.mzXML,6.78,6.86,163128915,163047745.3,RNAi,3,71,RNAi 3,2.500754309,12.50377155,875.2640082
722,isopropyl decanoate,RNAi3_12132022_71.mzXML,6.935,7.015,2188280,2148341.185,RNAi,3,71,RNAi 3,0.033546172,0.16773086,11.7411602
820,ethyl dodecanoate,RNAi3_12132022_71.mzXML,7.71,7.815,9278768,9264746.048,RNAi,3,71,RNAi 3,0.142242833,0.711214166,49.78499165
918,isopropyl dodecanoate,RNAi3_12132022_71.mzXML,7.84,7.93,843000,833148.24,RNAi,3,71,RNAi 3,0.012923128,0.064615641,4.523094872
1016,C18,RNAi3_12132022_71.mzXML,8.575,8.655,65231884,65192670.18,RNAi,3,71,RNAi 3,1,5,350
39,pBQ,RNAi3_12132022_75.mzXML,4.045,4.085,1791073,1767309.58,RNAi,3,75,RNAi 3,0.111315073,0.556575367,38.96027569
137,meBQ,RNAi3_12132022_75.mzXML,4.685,4.75,22210171,22197022.73,RNAi,3,75,RNAi 3,1.380360719,6.901803597,483.1262518
235,C11:1,RNAi3_12132022_75.mzXML,5.12,5.16,1409324,1400466.935,RNAi,3,75,RNAi 3,0.020837252,0.104186259,7.293038109
333,C11,RNAi3_12132022_75.mzXML,5.165,5.26,454221910,454183619.8,RNAi,3,75,RNAi 3,6.715798698,33.57899349,2350.529544
431,dimeBQ,RNAi3_12132022_75.mzXML,5.295,5.37,16090121,16046862.88,RNAi,3,75,RNAi 3,1,5,350
529,memeOBQ,RNAi3_12132022_75.mzXML,5.705,5.795,28058423,28031221.36,RNAi,3,75,RNAi 3,1.74382921,8.719146052,610.3402237
627,ethyl decanoate,RNAi3_12132022_75.mzXML,6.78,6.86,3894674,3884974.31,RNAi,3,75,RNAi 3,0.057583851,0.287919253,20.15434769
725,isopropyl decanoate,RNAi3_12132022_75.mzXML,6.935,7.015,35716352,35690925.34,RNAi,3,75,RNAi 3,0.52807631,2.640381551,184.8267086
823,ethyl dodecanoate,RNAi3_12132022_75.mzXML,7.71,7.815,1654362,1642271.92,RNAi,3,75,RNAi 3,0.024460207,0.122301037,8.561072622
921,isopropyl dodecanoate,RNAi3_12132022_75.mzXML,7.84,7.93,1156899,1147655.12,RNAi,3,75,RNAi 3,0.017105077,0.085525386,5.986776991
1019,C18,RNAi3_12132022_75.mzXML,8.575,8.655,67634831,67601550.03,RNAi,3,75,RNAi 3,1,5,350
43,pBQ,RNAi3_12132022_91.mzXML,4.046688596,4.086630117,2427134,2406727.583,RNAi,3,91,RNAi 3,0.14079936,0.703996799,49.27977591
141,meBQ,RNAi3_12132022_91.mzXML,4.685752924,4.750657895,11691688,11679511.27,RNAi,3,91,RNAi 3,0.678241162,3.391205811,237.3844067
239,C11:1,RNAi3_12132022_91.mzXML,5.120116959,5.16005848,1556196,1547508.3,RNAi,3,91,RNAi 3,0.018140296,0.090701481,6.349103658
337,C11,RNAi3_12132022_91.mzXML,5.16505117,5.259912281,395462143,395409596,RNAi,3,91,RNAi 3,4.609830893,23.04915447,1613.440813
435,dimeBQ,RNAi3_12132022_91.mzXML,5.294861111,5.369751462,17238246,17193615.75,RNAi,3,91,RNAi 3,1,5,350
533,memeOBQ,RNAi3_12132022_91.mzXML,5.704261696,5.794130117,11885038,11863066.39,RNAi,3,91,RNAi 3,0.6894575,3.447287502,241.3101252
631,ethyl decanoate,RNAi3_12132022_91.mzXML,6.777690058,6.857573099,83749323,83722319.74,RNAi,3,91,RNAi 3,0.976250757,4.881253785,341.6877649
729,isopropyl decanoate,RNAi3_12132022_91.mzXML,6.93246345,7.012346491,1373807,1351817.938,RNAi,3,91,RNAi 3,0.01601422,0.080071102,5.604977168
827,ethyl dodecanoate,RNAi3_12132022_91.mzXML,7.706330409,7.811176901,3856766,3844502,RNAi,3,91,RNAi 3,0.044957626,0.224788129,15.73516904
925,isopropyl dodecanoate,RNAi3_12132022_91.mzXML,7.836140351,7.926008772,447810,438069.2125,RNAi,3,91,RNAi 3,0.00522004,0.026100202,1.827014148
1023,C18,RNAi3_12132022_91.mzXML,8.570065789,8.64994883,85786692,85756608.52,RNAi,3,91,RNAi 3,1,5,350
47,pBQ,RNAi3_12132022_93.mzXML,4.045,4.085,716621,702915.305,RNAi,3,93,RNAi 3,0.044316413,0.221582067,15.51074468
145,meBQ,RNAi3_12132022_93.mzXML,4.685,4.75,2141110,2131490.94,RNAi,3,93,RNAi 3,0.132407948,0.662039738,46.34278168
243,C11:1,RNAi3_12132022_93.mzXML,5.12,5.16,327378,322302.45,RNAi,3,93,RNAi 3,0.003805802,0.019029012,1.332030826
341,C11,RNAi3_12132022_93.mzXML,5.165,5.26,108541446,108520840.2,RNAi,3,93,RNAi 3,1.261805287,6.309026436,441.6318506
439,dimeBQ,RNAi3_12132022_93.mzXML,5.295,5.37,16170555,16131641.84,RNAi,3,93,RNAi 3,1,5,350
537,memeOBQ,RNAi3_12132022_93.mzXML,5.705,5.795,6643051,6630149.36,RNAi,3,93,RNAi 3,0.410811565,2.054057823,143.7840476
635,ethyl decanoate,RNAi3_12132022_93.mzXML,6.78,6.86,14583325,14568118.59,RNAi,3,93,RNAi 3,0.169532628,0.84766314,59.33641981
733,isopropyl decanoate,RNAi3_12132022_93.mzXML,6.935,7.015,411765,400052.215,RNAi,3,93,RNAi 3,0.00478681,0.023934049,1.675383419
831,ethyl dodecanoate,RNAi3_12132022_93.mzXML,7.71,7.815,2284779,2272709.915,RNAi,3,93,RNAi 3,0.026560787,0.132803935,9.296275433
929,isopropyl dodecanoate,RNAi3_12132022_93.mzXML,7.84,7.93,420534,412206.92,RNAi,3,93,RNAi 3,0.00488875,0.024443751,1.711062599
1027,C18,RNAi3_12132022_93.mzXML,8.575,8.655,86020757,85976266.93,RNAi,3,93,RNAi 3,1,5,350
53,pBQ,RNAi3_12132022_86.mzXML,4.045,4.085,2962051,2938802.83,RNAi,3,86,RNAi 3,0.1876798,0.938399,65.68792998
151,meBQ,RNAi3_12132022_86.mzXML,4.685,4.75,28523809,28508706.41,RNAi,3,86,RNAi 3,1.807309451,9.036547255,632.5583079
249,C11:1,RNAi3_12132022_86.mzXML,5.12,5.16,1277252,1268179.445,RNAi,3,86,RNAi 3,0.016432251,0.082161253,5.751287686
347,C11,RNAi3_12132022_86.mzXML,5.165,5.26,382612988,382564444.7,RNAi,3,86,RNAi 3,4.922436979,24.61218489,1722.852942
445,dimeBQ,RNAi3_12132022_86.mzXML,5.295,5.37,15782471,15743673.57,RNAi,3,86,RNAi 3,1,5,350
543,memeOBQ,RNAi3_12132022_86.mzXML,5.705,5.795,16484348,16461476.48,RNAi,3,86,RNAi 3,1.044471933,5.222359667,365.5651767
641,ethyl decanoate,RNAi3_12132022_86.mzXML,6.78,6.86,86396458,86341681.88,RNAi,3,86,RNAi 3,1.111517729,5.557588647,389.0312053
739,isopropyl decanoate,RNAi3_12132022_86.mzXML,6.935,7.015,1770556,1750955.475,RNAi,3,86,RNAi 3,0.022778762,0.113893812,7.972566824
837,ethyl dodecanoate,RNAi3_12132022_86.mzXML,7.71,7.815,6311588,6297046.873,RNAi,3,86,RNAi 3,0.081200574,0.406002869,28.42020083
935,isopropyl dodecanoate,RNAi3_12132022_86.mzXML,7.84,7.93,452914,442528.96,RNAi,3,86,RNAi 3,0.005826882,0.029134409,2.039408598
1033,C18,RNAi3_12132022_86.mzXML,8.575,8.655,77728367,77680981.9,RNAi,3,86,RNAi 3,1,5,350
60,pBQ,RNAi3_12132022_79.mzXML,4.045,4.085,760815,744776.67,RNAi,3,79,RNAi 3,0.05095961,0.254798049,17.83586346
158,meBQ,RNAi3_12132022_79.mzXML,4.685,4.75,7189086,7178159.535,RNAi,3,79,RNAi 3,0.48152707,2.407635351,168.5344746
256,C11:1,RNAi3_12132022_79.mzXML,5.12,5.16,475867,470266.18,RNAi,3,79,RNAi 3,0.006701618,0.033508088,2.345566152
354,C11,RNAi3_12132022_79.mzXML,5.165,5.26,163286233,163264978.8,RNAi,3,79,RNAi 3,2.299554055,11.49777027,804.8439191
452,dimeBQ,RNAi3_12132022_79.mzXML,5.295,5.37,14929765,14888121.42,RNAi,3,79,RNAi 3,1,5,350
550,memeOBQ,RNAi3_12132022_79.mzXML,5.705,5.795,7074871,7060242.8,RNAi,3,79,RNAi 3,0.473876916,2.369384582,165.8569207
648,ethyl decanoate,RNAi3_12132022_79.mzXML,6.78,6.86,32253625,32232165.94,RNAi,3,79,RNAi 3,0.454226623,2.271133113,158.9793179
746,isopropyl decanoate,RNAi3_12132022_79.mzXML,6.935,7.015,3276137,3261979.465,RNAi,3,79,RNAi 3,0.046137718,0.230688588,16.14820119
844,ethyl dodecanoate,RNAi3_12132022_79.mzXML,7.71,7.815,3786470,3773402.133,RNAi,3,79,RNAi 3,0.053324719,0.266623593,18.66365154
942,isopropyl dodecanoate,RNAi3_12132022_79.mzXML,7.84,7.93,497551,488321.4,RNAi,3,79,RNAi 3,0.007006993,0.035034963,2.452447395
1040,C18,RNAi3_12132022_79.mzXML,8.575,8.655,71007782,70971197.9,RNAi,3,79,RNAi 3,1,5,350
61,pBQ,RNAi3_12132022_84.mzXML,4.045,4.085,2524321,2499338.905,RNAi,3,84,RNAi 3,0.162216008,0.811080039,56.77560276
159,meBQ,RNAi3_12132022_84.mzXML,4.685,4.75,7951474,7940822.59,RNAi,3,84,RNAi 3,0.510971611,2.554858057,178.840064
257,C11:1,RNAi3_12132022_84.mzXML,5.12,5.16,1863956,1853575.58,RNAi,3,84,RNAi 3,0.025069243,0.125346215,8.774235042
355,C11,RNAi3_12132022_84.mzXML,5.165,5.26,528222929,528167723,RNAi,3,84,RNAi 3,7.104324863,35.52162431,2486.513702
453,dimeBQ,RNAi3_12132022_84.mzXML,5.295,5.37,15561479,15521807.32,RNAi,3,84,RNAi 3,1,5,350
551,memeOBQ,RNAi3_12132022_84.mzXML,5.705,5.795,33562768,33525128,RNAi,3,84,RNAi 3,2.156785226,10.78392613,754.8748291
649,ethyl decanoate,RNAi3_12132022_84.mzXML,6.78,6.86,187014529,186928693.4,RNAi,3,84,RNAi 3,2.515248572,12.57624286,880.3370003
747,isopropyl decanoate,RNAi3_12132022_84.mzXML,6.935,7.015,10121131,10095164.15,RNAi,3,84,RNAi 3,0.136123971,0.680619854,47.6433898
845,ethyl dodecanoate,RNAi3_12132022_84.mzXML,7.71,7.815,14154504,14141517.64,RNAi,3,84,RNAi 3,0.190370749,0.951853745,66.62976218
943,isopropyl dodecanoate,RNAi3_12132022_84.mzXML,7.84,7.93,966983,958061.56,RNAi,3,84,RNAi 3,0.013005421,0.065027103,4.551897214
1041,C18,RNAi3_12132022_84.mzXML,8.575,8.655,74352305,74315230.41,RNAi,3,84,RNAi 3,1,5,350
64,pBQ,RNAi3_12132022_80.mzXML,4.051688596,4.091630117,6016500,5970200.215,RNAi,3,80,RNAi 3,0.375279823,1.876399113,131.3479379
162,meBQ,RNAi3_12132022_80.mzXML,4.690752924,4.755657895,33256894,33226730.62,RNAi,3,80,RNAi 3,2.074402273,10.37201137,726.0407957
260,C11:1,RNAi3_12132022_80.mzXML,5.125116959,5.16505848,3150121,3136827.545,RNAi,3,80,RNAi 3,0.043289304,0.216446519,15.15125636
358,C11,RNAi3_12132022_80.mzXML,5.17005117,5.264912281,660318123,660015883.9,RNAi,3,80,RNAi 3,9.074163149,45.37081574,3175.957102
456,dimeBQ,RNAi3_12132022_80.mzXML,5.299861111,5.374751462,16032037,15987224.4,RNAi,3,80,RNAi 3,1,5,350
554,memeOBQ,RNAi3_12132022_80.mzXML,5.709261696,5.799130117,39830798,39786456.43,RNAi,3,80,RNAi 3,2.484450229,12.42225115,869.5575802
652,ethyl decanoate,RNAi3_12132022_80.mzXML,6.782690058,6.862573099,244741827,244635676.7,RNAi,3,80,RNAi 3,3.363268689,16.81634344,1177.144041
750,isopropyl decanoate,RNAi3_12132022_80.mzXML,6.93746345,7.017346491,31636034,31587367.4,RNAi,3,80,RNAi 3,0.434745805,2.173729025,152.1610317
848,ethyl dodecanoate,RNAi3_12132022_80.mzXML,7.711330409,7.816176901,14105584,14090508.6,RNAi,3,80,RNAi 3,0.193840463,0.969202314,67.84416196
946,isopropyl dodecanoate,RNAi3_12132022_80.mzXML,7.841140351,7.931008772,1222243,1211547.323,RNAi,3,80,RNAi 3,0.016796196,0.083980978,5.87866848
1044,C18,RNAi3_12132022_80.mzXML,8.575065789,8.65494883,72769038,72735036.8,RNAi,3,80,RNAi 3,1,5,350
72,pBQ,RNAi3_12132022_82.mzXML,4.045,4.085,3080884,3058026.34,RNAi,3,82,RNAi 3,0.196642489,0.983212444,68.82487105
170,meBQ,RNAi3_12132022_82.mzXML,4.685,4.75,18766094,18753248.56,RNAi,3,82,RNAi 3,1.197776816,5.988884079,419.2218855
268,C11:1,RNAi3_12132022_82.mzXML,5.12,5.16,1729528,1719237.745,RNAi,3,82,RNAi 3,0.025009042,0.125045211,8.753164778
366,C11,RNAi3_12132022_82.mzXML,5.165,5.26,489075611,489034567.3,RNAi,3,82,RNAi 3,7.072052379,35.36026189,2475.218332
464,dimeBQ,RNAi3_12132022_82.mzXML,5.295,5.37,15667438,15624150.57,RNAi,3,82,RNAi 3,1,5,350
562,memeOBQ,RNAi3_12132022_82.mzXML,5.705,5.795,25443592,25418081.36,RNAi,3,82,RNAi 3,1.623979109,8.119895544,568.3926881
660,ethyl decanoate,RNAi3_12132022_82.mzXML,6.78,6.86,146775085,146707668.2,RNAi,3,82,RNAi 3,2.122373444,10.61186722,742.8307055
758,isopropyl decanoate,RNAi3_12132022_82.mzXML,6.935,7.015,2971062,2945996.295,RNAi,3,82,RNAi 3,0.042961672,0.214808361,15.03658527
856,ethyl dodecanoate,RNAi3_12132022_82.mzXML,7.71,7.815,6527922,6513751.99,RNAi,3,82,RNAi 3,0.094394006,0.471970032,33.03790221
954,isopropyl dodecanoate,RNAi3_12132022_82.mzXML,7.84,7.93,518886,508215.2,RNAi,3,82,RNAi 3,0.007503112,0.037515559,2.626089117
1052,C18,RNAi3_12132022_82.mzXML,8.575,8.655,69156107,69122041.96,RNAi,3,82,RNAi 3,1,5,350
78,pBQ,RNAi3_12132022_78.mzXML,4.045,4.085,1114437,1095507.15,RNAi,3,78,RNAi 3,0.068239031,0.341195155,23.88366085
176,meBQ,RNAi3_12132022_78.mzXML,4.685,4.75,17946445,17933527.95,RNAi,3,78,RNAi 3,1.098893896,5.494469479,384.6128635
274,C11:1,RNAi3_12132022_78.mzXML,5.12,5.16,716494,710030.71,RNAi,3,78,RNAi 3,0.009633447,0.048167236,3.371706505
372,C11,RNAi3_12132022_78.mzXML,5.165,5.26,255744777,255715232.3,RNAi,3,78,RNAi 3,3.438554677,17.19277339,1203.494137
470,dimeBQ,RNAi3_12132022_78.mzXML,5.295,5.37,16331372,16289056.68,RNAi,3,78,RNAi 3,1,5,350
568,memeOBQ,RNAi3_12132022_78.mzXML,5.705,5.795,11425232,11409151.76,RNAi,3,78,RNAi 3,0.699588008,3.497940038,244.8558027
666,ethyl decanoate,RNAi3_12132022_78.mzXML,6.78,6.86,70569293,70529140.48,RNAi,3,78,RNAi 3,0.948822398,4.744111988,332.0878392
764,isopropyl decanoate,RNAi3_12132022_78.mzXML,6.935,7.015,3036125,3019577.385,RNAi,3,78,RNAi 3,0.040821486,0.20410743,14.28752008
862,ethyl dodecanoate,RNAi3_12132022_78.mzXML,7.71,7.815,5723746,5711506.295,RNAi,3,78,RNAi 3,0.076957245,0.384786227,26.93503591
960,isopropyl dodecanoate,RNAi3_12132022_78.mzXML,7.84,7.93,523362,514613.76,RNAi,3,78,RNAi 3,0.007036737,0.035183687,2.462858112
1058,C18,RNAi3_12132022_78.mzXML,8.575,8.655,74375661,74336695.99,RNAi,3,78,RNAi 3,1,5,350
79,pBQ,RNAi3_12132022_85.mzXML,4.045,4.085,3012583,2989292.98,RNAi,3,85,RNAi 3,0.197051356,0.985256778,68.96797449
177,meBQ,RNAi3_12132022_85.mzXML,4.685,4.75,11322419,11311442.87,RNAi,3,85,RNAi 3,0.740593044,3.702965219,259.2075653
275,C11:1,RNAi3_12132022_85.mzXML,5.12,5.16,1735024,1724910.655,RNAi,3,85,RNAi 3,0.023561298,0.117806489,8.24645423
373,C11,RNAi3_12132022_85.mzXML,5.165,5.26,492904727,492846654.9,RNAi,3,85,RNAi 3,6.693552977,33.46776488,2342.743542
471,dimeBQ,RNAi3_12132022_85.mzXML,5.295,5.37,15288314,15250211.94,RNAi,3,85,RNAi 3,1,5,350
569,memeOBQ,RNAi3_12132022_85.mzXML,5.705,5.795,15384906,15363215.52,RNAi,3,85,RNAi 3,1.006318028,5.031590141,352.2113099
667,ethyl decanoate,RNAi3_12132022_85.mzXML,6.78,6.86,75922653,75870384.67,RNAi,3,85,RNAi 3,1.03101527,5.155076348,360.8553444
765,isopropyl decanoate,RNAi3_12132022_85.mzXML,6.935,7.015,36159091,36124208.29,RNAi,3,85,RNAi 3,0.491033618,2.455168088,171.8617661
863,ethyl dodecanoate,RNAi3_12132022_85.mzXML,7.71,7.815,3396967,3384837.495,RNAi,3,85,RNAi 3,0.046130169,0.230650847,16.1455593
961,isopropyl dodecanoate,RNAi3_12132022_85.mzXML,7.84,7.93,1777325,1768299.96,RNAi,3,85,RNAi 3,0.024135737,0.120678687,8.447508083
1059,C18,RNAi3_12132022_85.mzXML,8.575,8.655,73638728,73599857.28,RNAi,3,85,RNAi 3,1,5,350
82,pBQ,RNAi3_12132022_87.mzXML,4.045,4.085,616910,605206.985,RNAi,3,87,RNAi 3,0.042266561,0.211332804,14.7932963
180,meBQ,RNAi3_12132022_87.mzXML,4.685,4.75,3374160,3364553.48,RNAi,3,87,RNAi 3,0.231174951,1.155874755,80.91123282
278,C11:1,RNAi3_12132022_87.mzXML,5.12,5.16,299682,294921.66,RNAi,3,87,RNAi 3,0.00404584,0.020229199,1.416043962
376,C11,RNAi3_12132022_87.mzXML,5.165,5.26,96620653,96600882.43,RNAi,3,87,RNAi 3,1.304421661,6.522108306,456.5475814
474,dimeBQ,RNAi3_12132022_87.mzXML,5.295,5.37,14595699,14558708.09,RNAi,3,87,RNAi 3,1,5,350
572,memeOBQ,RNAi3_12132022_87.mzXML,5.705,5.795,6798553,6780764.64,RNAi,3,87,RNAi 3,0.465791532,2.328957661,163.0270363
670,ethyl decanoate,RNAi3_12132022_87.mzXML,6.78,6.86,21032805,21014789.38,RNAi,3,87,RNAi 3,0.283952194,1.419760972,99.38326802
768,isopropyl decanoate,RNAi3_12132022_87.mzXML,6.935,7.015,424763,413382.015,RNAi,3,87,RNAi 3,0.005734489,0.028672444,2.0070711
866,ethyl dodecanoate,RNAi3_12132022_87.mzXML,7.71,7.815,2993876,2982368.175,RNAi,3,87,RNAi 3,0.040418654,0.202093268,14.14652876
964,isopropyl dodecanoate,RNAi3_12132022_87.mzXML,7.84,7.93,306904,298232.36,RNAi,3,87,RNAi 3,0.00414334,0.0207167,1.450169033
1062,C18,RNAi3_12132022_87.mzXML,8.575,8.655,74071641,74031295.21,RNAi,3,87,RNAi 3,1,5,350
94,pBQ,RNAi3_12132022_81.mzXML,4.045,4.085,2841872,2820020.915,RNAi,3,81,RNAi 3,0.19485009,0.97425045,68.19753149
192,meBQ,RNAi3_12132022_81.mzXML,4.685,4.75,18912633,18900220.74,RNAi,3,81,RNAi 3,1.296725624,6.483628119,453.8539683
290,C11:1,RNAi3_12132022_81.mzXML,5.12,5.16,1661099,1651224.11,RNAi,3,81,RNAi 3,0.025357551,0.126787755,8.875142876
388,C11,RNAi3_12132022_81.mzXML,5.165,5.26,489152668,489106922.8,RNAi,3,81,RNAi 3,7.467173095,37.33586548,2613.510583
486,dimeBQ,RNAi3_12132022_81.mzXML,5.295,5.37,14584915,14544425.01,RNAi,3,81,RNAi 3,1,5,350
584,memeOBQ,RNAi3_12132022_81.mzXML,5.705,5.795,19397303,19374539.28,RNAi,3,81,RNAi 3,1.329956534,6.649782669,465.4847868
682,ethyl decanoate,RNAi3_12132022_81.mzXML,6.78,6.86,125947251,125877923.6,RNAi,3,81,RNAi 3,1.922651118,9.613255591,672.9278914
780,isopropyl decanoate,RNAi3_12132022_81.mzXML,6.935,7.015,3281272,3256299.15,RNAi,3,81,RNAi 3,0.050090345,0.250451726,17.53162082
878,ethyl dodecanoate,RNAi3_12132022_81.mzXML,7.71,7.815,8119293,8106182.003,RNAi,3,81,RNAi 3,0.123945284,0.619726419,43.38084932
976,isopropyl dodecanoate,RNAi3_12132022_81.mzXML,7.84,7.93,593917,584864.76,RNAi,3,81,RNAi 3,0.009066456,0.045332279,3.17325953
1074,C18,RNAi3_12132022_81.mzXML,8.575,8.655,65507075,65473161.93,RNAi,3,81,RNAi 3,1,5,350
