Position,Ecitomorpha,Earota,Deinopsis,Dalotia 1,Ecitodaemon,Coproporus,Oxypoda,Drusilla,Geostiba,Liometoxenus,Ecitophya,Myllaena,Atheta,Leptusa,Falagria,Aleochara 2,Lissagria,Holobus,Aleochara 1,Adinopsis,Gymnusa,Cypha,Aleochara 3,Nitidotachinus,Sepedophilus,Oligota,Nicrophorus,Dalotia 2,Agrilus,Photinus,Aethina,Dendroctonus,Leptinotarsa,Anoplophora,Onthophagus
1,0,0,0,5437,0,1,0,0,0,0,1,0,0,0,1,0,0,0,0,0,0,0,0,0,0,0,0,7899,0,0,0,0,0,0,0
2,0,0,0,10441,0,2,0,0,0,0,2,0,0,0,2,0,0,0,0,0,0,0,0,0,0,0,0,11382,0,0,0,0,0,0,0
3,0,0,0,20101,0,13,0,0,0,0,8,0,0,0,3,0,0,0,0,0,0,0,0,0,0,0,0,13221,0,0,0,0,0,0,0
4,0,0,0,26056,0,20,0,0,0,0,11,0,0,0,3,0,0,0,0,0,0,0,0,0,0,0,0,15489,0,0,0,0,0,0,0
5,0,0,0,32054,0,24,0,0,0,0,13,0,0,0,3,0,0,0,0,1,0,0,0,0,0,0,0,21894,0,0,0,0,0,0,0
6,0,0,0,39301,0,26,0,0,0,0,15,0,0,0,4,0,0,0,0,1,0,0,0,0,0,0,0,34031,0,0,0,0,0,0,0
7,0,0,0,45259,0,31,0,0,0,0,17,0,0,0,4,0,0,0,0,1,0,0,0,0,0,0,0,46967,0,0,0,0,0,0,0
8,0,0,0,49013,0,34,0,0,0,0,17,0,0,0,4,0,0,0,0,1,0,0,0,0,0,0,0,52750,0,0,0,0,0,0,0
9,0,0,0,52592,0,37,0,0,0,0,18,0,0,0,4,0,0,0,0,1,0,0,0,0,0,0,0,60356,0,0,0,0,0,0,0
10,0,0,0,56381,0,41,0,0,0,0,19,0,0,0,4,0,0,0,0,1,0,0,0,0,0,0,0,61174,0,0,0,0,0,0,0
11,0,0,0,60259,0,41,0,0,0,0,19,0,0,0,4,0,0,0,0,1,0,0,0,0,0,0,0,65238,0,0,0,0,0,0,0
12,0,0,0,63764,0,44,0,0,0,0,20,0,0,0,4,0,0,0,0,1,0,0,0,0,0,0,0,67069,0,0,0,0,0,0,0
13,0,0,0,66583,0,44,0,0,0,0,20,0,0,0,4,0,0,0,0,1,0,0,0,0,0,0,0,68881,0,0,0,0,0,0,0
14,0,0,0,74737,0,49,0,0,0,0,24,0,0,0,4,0,0,0,0,1,0,0,0,0,0,0,0,74168,0,0,0,0,0,0,0
15,0,0,0,79891,0,52,0,0,0,0,27,0,0,0,4,0,0,0,0,1,0,0,0,0,0,0,0,77340,0,0,0,0,0,0,0
16,0,0,0,107034,0,76,0,0,0,0,30,0,0,0,4,0,0,0,0,2,0,0,0,0,0,0,0,105640,0,0,0,0,0,0,0
17,0,0,0,122325,0,85,0,0,0,0,38,0,0,0,4,0,0,0,0,2,0,0,0,0,0,0,0,139183,0,0,0,0,0,0,0
18,0,0,0,127723,0,86,0,0,0,0,37,0,0,0,3,0,0,0,0,1,0,0,0,0,0,0,0,152206,0,0,0,0,0,0,0
19,0,0,0,147135,0,96,0,0,0,0,47,0,0,0,4,0,0,0,0,3,0,0,0,0,0,0,0,171703,0,0,0,0,0,0,0
20,0,0,0,159925,0,101,0,0,0,0,53,0,0,0,5,0,0,0,0,3,0,0,0,0,0,1,0,199991,0,0,0,0,0,0,0
21,0,0,0,167064,0,105,0,0,0,0,56,0,0,0,6,0,0,0,0,3,0,0,0,0,0,1,0,219800,0,0,0,0,0,0,0
22,0,0,0,176291,0,114,0,0,0,0,60,0,0,0,6,0,0,0,0,3,0,0,0,0,0,1,0,223714,0,0,0,0,0,0,0
23,0,0,0,184361,0,119,0,0,0,0,61,0,0,0,6,0,0,0,0,3,0,0,0,0,0,1,0,231871,0,0,0,0,0,0,0
24,0,0,0,192483,0,123,0,0,0,0,63,0,0,0,6,0,0,0,0,3,0,0,0,0,0,1,0,237533,0,0,0,0,0,0,0
25,0,0,0,200407,0,130,0,0,0,0,68,0,0,0,6,0,0,0,0,3,0,0,0,0,0,1,0,241791,0,0,0,0,0,0,0
26,0,0,0,210710,0,140,0,0,0,0,69,0,0,0,7,0,0,0,0,3,0,0,0,0,0,1,0,249953,0,0,0,0,0,0,0
27,0,0,0,217923,0,144,0,0,0,0,72,0,0,0,5,0,0,0,0,3,0,0,0,0,0,1,0,261526,0,0,0,0,0,0,0
28,0,0,0,226151,0,150,0,0,0,0,75,0,0,0,7,0,0,0,0,6,0,0,0,0,0,1,0,268401,0,0,0,0,0,0,0
29,0,0,0,236931,0,154,0,0,0,0,79,0,0,0,8,0,0,0,0,6,0,0,0,0,0,0,0,283810,0,0,0,0,0,0,0
30,0,0,0,245802,0,159,0,0,0,0,82,0,0,0,8,0,0,0,0,7,0,0,0,0,0,1,0,295800,0,0,0,0,0,0,0
31,0,0,0,279591,0,179,0,0,0,0,92,0,0,0,8,0,0,0,0,6,0,0,0,0,0,0,0,310907,0,0,0,0,0,0,0
32,0,0,0,285375,0,178,0,0,0,0,96,0,0,0,8,0,0,0,0,7,0,0,0,0,0,1,0,317796,0,0,0,0,0,0,0
33,0,0,0,294417,0,181,0,0,0,0,98,0,0,0,8,0,0,0,0,7,0,0,0,0,0,1,0,326138,0,0,0,0,0,0,0
34,0,0,0,303705,0,188,0,0,0,0,98,0,0,0,8,0,0,0,0,7,0,0,0,0,0,1,0,332330,0,0,0,0,0,0,0
35,0,0,0,311945,0,192,0,0,0,0,104,0,0,0,8,0,0,0,0,7,0,0,0,0,0,1,0,339228,0,0,0,0,0,0,0
36,0,0,0,318556,0,191,0,0,0,0,106,0,0,0,8,0,0,0,0,7,0,0,0,0,0,1,0,344369,0,0,0,0,0,0,0
37,0,0,0,328071,0,196,0,0,0,0,113,0,0,0,7,0,0,0,0,8,0,0,0,0,0,1,0,352902,0,0,0,0,0,0,0
38,0,0,0,334524,0,201,0,0,0,0,114,0,0,0,8,0,0,0,0,8,0,0,0,0,0,1,0,360894,0,0,0,0,0,0,0
39,0,0,0,344365,0,205,0,0,0,0,116,0,0,0,7,0,0,0,0,8,0,0,0,0,0,1,0,380059,0,0,0,0,0,0,0
40,0,0,0,379822,0,227,0,0,0,0,125,0,0,0,7,0,0,0,0,8,0,0,0,0,0,1,0,395617,0,0,0,0,0,0,0
41,0,0,0,386318,0,229,0,0,0,0,129,0,0,0,7,0,0,0,0,8,0,0,0,0,0,1,0,412269,0,0,0,0,0,0,0
42,0,0,0,399044,0,233,0,0,0,0,130,0,0,0,7,0,0,0,0,9,0,0,0,0,0,1,0,419046,0,0,0,0,0,0,0
43,0,0,0,407262,0,237,0,0,0,0,129,0,0,0,7,0,0,0,0,10,0,0,0,0,0,1,0,426178,0,0,0,0,0,0,0
44,0,0,0,414524,0,239,0,0,0,0,130,0,0,0,7,0,0,0,0,11,0,0,0,0,0,1,0,435328,0,0,0,0,0,0,0
45,0,0,0,421329,0,246,0,0,0,0,134,0,0,0,7,0,0,0,0,11,0,0,0,0,0,1,0,442072,0,0,0,0,0,0,0
46,0,0,0,426675,0,249,0,0,0,0,133,0,0,0,7,0,0,0,0,11,0,0,0,0,0,1,0,443606,0,0,0,0,0,0,0
47,0,0,0,439060,0,257,0,0,0,0,135,0,0,0,7,0,0,0,0,12,0,0,0,0,0,1,0,455125,0,0,0,0,0,0,0
48,0,0,0,446125,0,263,0,0,0,0,136,0,0,0,7,0,0,0,0,12,0,0,0,0,0,1,0,461632,0,0,0,0,0,0,0
49,0,0,0,454099,0,269,0,0,0,0,139,0,0,0,7,0,0,0,0,12,0,0,0,0,0,1,0,478146,0,0,0,0,0,0,0
50,0,0,0,462568,0,273,0,0,0,0,140,0,0,0,7,0,0,0,0,12,0,0,0,0,0,1,0,484810,0,0,0,0,0,0,0
51,0,0,0,471023,0,283,0,0,0,0,141,0,0,0,7,0,0,0,0,12,0,0,0,0,0,0,0,498518,0,0,0,0,0,0,0
52,0,0,0,474193,0,280,0,0,0,0,142,0,0,0,7,0,0,0,0,12,0,0,0,0,0,0,0,508875,0,0,0,0,0,0,0
53,0,0,0,476863,0,287,0,0,0,0,141,0,0,0,7,0,0,0,0,12,0,0,0,0,0,1,0,511288,0,0,0,0,0,0,0
54,0,0,0,487367,0,289,0,0,0,0,144,0,0,0,7,0,0,0,0,12,0,0,0,0,0,1,0,527085,0,0,0,0,0,0,0
55,0,0,0,498192,0,297,0,0,0,0,146,0,0,0,6,0,0,0,0,12,0,0,0,0,0,1,0,531783,0,0,0,0,0,0,0
56,0,0,0,504259,0,300,0,0,0,0,146,0,0,0,6,0,0,0,0,12,0,0,0,0,0,1,0,543788,0,0,0,0,0,0,0
57,0,0,0,509582,0,301,0,0,0,0,147,0,0,0,6,0,0,0,0,12,0,0,0,0,0,1,0,544408,0,0,0,0,0,0,0
58,0,0,0,516664,0,304,0,0,0,0,150,0,0,0,7,0,0,0,0,11,0,0,0,0,0,1,0,557178,0,0,0,0,0,0,0
59,0,0,0,528522,0,312,0,0,0,0,155,0,0,0,8,0,0,0,0,12,0,0,0,0,0,1,0,580927,0,0,0,0,0,0,0
60,0,0,0,532711,0,308,0,0,0,0,156,0,0,0,9,0,0,0,0,12,0,0,0,0,0,1,0,597623,0,0,0,0,0,0,0
61,0,0,0,563558,0,318,0,0,0,0,164,0,0,0,9,0,0,0,0,12,0,0,0,0,0,1,0,608321,0,0,0,0,0,0,0
62,0,0,0,572049,0,330,0,0,0,0,168,0,0,0,9,0,0,0,0,12,0,0,0,0,0,1,0,627155,0,0,0,0,0,0,0
63,0,0,0,578244,0,327,0,0,0,0,169,0,0,0,9,0,0,0,0,12,0,0,0,0,0,1,0,631731,0,0,0,0,0,0,0
64,0,0,0,584780,0,329,0,0,0,0,170,0,0,0,9,0,0,0,0,12,0,0,0,0,0,1,0,604126,0,0,0,0,0,0,0
65,0,0,0,589924,0,328,0,0,0,0,174,0,0,0,10,0,0,0,0,12,0,0,0,0,0,1,0,621952,0,0,0,0,0,0,0
66,0,0,0,603239,0,338,0,0,0,0,177,0,0,0,10,0,0,0,0,13,0,0,0,0,0,1,0,634553,0,0,0,0,0,0,0
67,0,0,0,632356,0,353,0,0,0,0,187,0,0,0,10,0,0,0,0,15,0,0,0,0,0,1,0,640109,0,0,0,0,0,0,0
68,0,0,0,636637,0,356,0,0,0,0,186,0,0,0,11,0,0,0,0,15,0,0,0,0,0,1,0,657082,0,0,0,0,0,0,0
69,0,0,0,700361,0,395,0,0,0,0,210,0,0,0,11,0,0,0,0,14,0,0,0,0,0,2,0,665448,0,0,0,0,0,0,0
70,0,0,0,709369,0,402,0,0,0,0,212,0,0,0,12,0,0,0,0,14,0,0,0,0,0,1,0,671996,0,0,0,0,0,0,0
71,0,0,0,716008,0,397,0,0,0,0,214,0,0,0,12,0,0,0,0,14,0,0,0,0,0,2,0,695651,0,0,0,0,0,0,0
72,0,0,0,752161,0,422,0,0,0,0,232,0,0,1,14,0,0,0,0,14,0,0,0,0,0,2,0,728443,0,0,0,0,0,0,0
73,0,0,0,751194,0,421,0,0,0,0,228,0,0,1,14,0,0,0,0,14,0,0,0,0,0,2,0,738453,0,0,0,0,0,0,0
74,0,0,0,764730,0,423,0,0,0,0,236,0,0,1,14,0,0,0,0,14,0,0,0,0,0,2,0,743260,0,0,0,0,0,0,0
75,0,0,0,774816,0,426,0,0,0,0,238,0,0,1,14,0,0,0,0,14,0,0,0,0,0,2,0,749808,0,0,0,0,0,0,0
76,0,0,0,783741,0,432,0,0,0,0,238,0,0,1,14,0,0,0,0,14,0,0,0,0,0,2,0,763637,0,0,0,0,0,0,0
77,0,0,0,790532,0,437,0,0,0,0,244,0,0,1,14,0,0,0,0,14,0,0,0,0,0,1,0,780297,0,0,0,0,0,0,0
78,0,0,0,797359,0,442,0,0,0,0,248,0,0,1,14,0,0,0,0,14,0,0,0,0,0,1,0,826478,0,0,0,0,0,0,0
79,0,0,0,804565,0,443,0,0,0,0,244,0,0,1,15,0,0,0,0,14,0,0,0,0,0,2,0,848030,0,0,0,0,0,0,0
80,0,0,0,813485,0,447,0,0,0,0,247,0,0,1,14,0,0,0,0,13,0,0,0,0,0,2,0,849811,0,0,0,0,0,0,0
81,0,0,0,821099,0,450,0,0,0,0,254,0,0,1,15,0,0,0,0,13,0,0,0,0,0,2,0,866890,0,0,0,0,0,0,0
82,0,0,0,827387,0,450,0,0,0,0,257,0,0,1,15,0,0,0,0,13,0,0,0,0,0,2,0,864675,0,0,0,0,0,0,0
83,0,0,0,837221,0,449,0,0,0,0,256,0,0,1,15,0,0,0,0,12,0,0,0,0,0,2,0,876912,0,0,0,0,0,0,0
84,0,0,0,842887,0,452,0,0,0,0,257,0,0,1,15,0,0,0,0,14,0,0,0,0,0,1,0,888464,0,0,0,0,0,0,0
85,0,0,0,851975,0,468,0,0,0,0,264,0,0,1,15,0,0,0,0,14,0,0,0,0,0,2,0,868811,0,0,0,0,0,0,0
86,0,0,0,859212,0,467,0,0,0,0,264,0,0,1,15,0,0,0,0,14,0,0,0,0,0,2,0,901944,0,0,0,0,0,0,0
87,0,0,0,859851,0,462,0,0,0,0,265,0,0,1,16,0,0,0,0,15,0,0,0,0,0,1,0,905715,0,0,0,0,0,0,0
88,0,0,0,873353,0,466,0,0,0,0,269,0,0,1,17,0,0,0,0,16,0,0,0,0,0,1,0,941232,0,0,0,0,0,0,0
89,0,0,0,887510,0,478,0,0,0,0,270,0,0,1,17,0,0,0,0,17,0,0,0,0,0,2,0,972290,0,0,0,0,0,0,0
90,0,0,0,894916,0,483,0,0,0,0,272,0,0,1,16,0,0,0,0,17,0,0,0,0,0,2,0,976986,0,0,0,0,0,0,0
91,0,0,0,901086,0,483,0,0,0,0,279,0,0,1,16,0,0,0,0,17,0,0,0,0,0,1,0,988074,0,0,0,0,0,0,0
92,0,0,0,909152,0,478,0,0,0,0,282,0,0,1,16,0,0,0,0,17,0,0,0,0,0,2,0,998030,0,0,0,0,0,0,0
93,0,0,0,916994,0,482,0,0,0,0,281,0,0,1,16,0,0,0,0,18,0,0,0,0,0,1,0,1001511,0,0,0,0,0,0,0
94,0,0,0,931081,0,491,0,0,0,0,286,0,0,1,17,0,0,0,0,18,0,0,0,0,0,1,0,1012723,0,0,0,0,0,0,0
95,0,0,0,936525,0,494,0,0,0,0,291,0,0,1,18,0,0,0,0,18,0,0,0,0,0,2,0,1030750,0,0,0,0,0,0,0
96,0,0,0,942725,0,500,0,0,0,0,285,0,0,1,16,0,0,0,0,18,0,0,0,0,0,2,0,1027121,0,0,0,0,0,0,0
97,0,0,0,953340,0,505,0,0,0,0,289,0,0,1,18,0,0,0,0,18,0,0,0,0,0,1,0,1034698,0,0,0,0,0,0,0
98,0,0,0,961131,0,514,0,0,0,0,293,0,0,1,18,0,0,0,0,18,0,0,0,0,0,1,0,1043190,0,0,0,0,0,0,0
99,0,0,0,988912,0,522,0,0,0,0,301,0,0,1,18,0,0,0,0,19,0,0,0,0,0,2,0,1067701,0,0,0,0,0,0,0
100,0,0,0,992760,0,520,0,0,0,0,304,0,0,1,18,0,0,0,0,20,0,0,0,0,0,2,0,1072829,0,0,0,0,0,0,0
101,0,0,0,1000219,0,530,0,0,0,0,306,0,0,1,18,0,0,0,0,20,0,0,0,0,0,2,0,1084890,0,0,0,0,0,0,0
102,0,0,0,1009922,0,533,0,0,0,0,305,0,0,1,18,0,0,0,0,21,0,0,0,0,0,1,0,1089213,0,0,0,0,0,0,0
103,0,0,0,1026402,0,544,0,0,0,0,315,0,0,1,18,0,0,0,0,21,0,0,0,0,0,2,0,1093939,0,0,0,0,0,0,0
104,0,0,0,1033428,0,546,0,0,0,0,317,0,0,1,18,0,0,0,0,21,0,0,0,0,0,2,0,1100715,0,0,0,0,0,0,0
105,0,0,0,1042461,0,541,0,0,0,0,322,0,0,1,18,0,0,0,0,21,0,0,0,0,0,1,0,1102889,0,0,0,0,0,0,0
106,0,0,0,1044844,0,551,0,0,0,0,319,0,0,1,16,0,0,0,0,21,0,0,0,0,0,2,0,1089749,0,0,0,0,0,0,0
107,0,0,0,1041294,0,548,0,0,0,0,320,0,0,1,18,0,0,0,0,21,0,0,0,0,0,2,0,1124061,0,0,0,0,0,0,0
108,0,0,0,1099101,0,584,0,0,0,0,343,0,0,1,17,0,0,0,0,22,0,0,0,0,0,1,0,1129515,0,0,0,0,0,0,0
109,0,0,0,1165049,0,615,0,0,0,0,362,0,0,1,18,0,0,0,0,22,0,0,0,0,0,1,0,1154831,0,0,0,0,0,0,0
110,0,0,0,1149913,0,603,0,0,0,0,363,0,0,1,17,0,0,0,0,22,0,0,0,0,0,1,0,1171625,0,0,0,0,0,0,0
111,0,0,0,1166632,0,614,0,0,0,0,368,0,0,1,18,0,0,0,0,22,0,0,0,0,0,1,0,1182426,0,0,0,0,0,0,0
112,0,0,0,1193055,0,634,0,0,0,0,378,0,0,1,19,0,0,0,0,23,0,0,0,0,0,2,0,1190841,0,0,0,0,0,0,0
113,0,0,0,1193649,0,633,0,0,0,0,372,0,0,1,19,0,0,0,0,23,0,0,0,0,0,2,0,1210985,0,0,0,0,0,0,0
114,0,0,0,1197356,0,635,0,0,0,0,379,0,0,1,18,0,0,0,0,23,0,0,0,0,0,2,0,1217105,0,0,0,0,0,0,0
115,0,0,0,1208835,0,643,0,0,0,0,379,0,0,1,19,0,0,0,0,23,0,0,0,0,0,2,0,1213997,0,0,0,0,0,0,0
116,0,0,0,1204238,0,642,0,0,0,0,373,0,0,1,18,0,0,0,0,22,0,0,0,0,0,1,0,1220496,0,0,0,0,0,0,0
117,0,0,0,1233343,0,661,0,0,0,0,389,0,0,1,19,0,0,0,0,23,0,0,0,0,0,1,0,1225856,0,0,0,0,0,0,0
118,0,0,0,1258738,0,677,0,0,0,0,396,0,0,1,19,0,0,0,0,23,0,0,0,0,0,1,0,1238868,0,0,0,0,0,0,0
119,0,0,0,1236970,0,668,0,0,0,0,385,0,0,1,17,0,0,0,0,24,0,0,0,0,0,2,0,1255572,0,0,0,0,0,0,0
120,0,0,0,1258492,0,679,0,0,0,0,400,0,0,1,18,0,0,0,0,21,0,0,0,0,0,2,0,1265298,0,0,0,0,0,0,0
121,0,0,0,1278929,0,686,0,0,0,0,405,0,0,1,17,0,0,0,0,23,0,0,0,0,0,2,0,1263453,0,0,0,0,0,0,0
122,0,0,0,1297414,0,706,0,0,0,0,408,0,0,1,19,0,0,0,0,24,0,0,0,0,0,1,0,1249708,0,0,0,0,0,0,0
123,0,0,0,1306298,0,715,0,0,0,0,414,0,0,1,19,0,0,0,0,24,0,0,0,0,0,2,0,1290055,0,0,0,0,0,0,0
124,0,0,0,1321507,0,710,0,0,0,0,418,0,0,1,18,0,0,0,0,24,0,0,0,0,0,2,0,1256678,0,0,0,0,0,0,0
125,0,0,0,1328825,0,714,0,0,0,0,422,0,0,1,18,0,0,0,0,26,0,0,0,0,0,1,0,1315598,0,0,0,0,0,0,0
126,0,0,0,1348016,0,725,0,0,0,0,429,0,0,1,18,0,0,0,0,28,0,0,0,0,0,1,0,1236394,0,0,0,0,0,0,0
127,0,0,0,1363588,0,734,0,0,0,0,436,0,0,1,19,0,0,0,0,28,0,0,0,0,0,1,0,1314973,0,0,0,0,0,0,0
128,0,0,0,1363565,0,738,0,0,0,0,430,0,0,1,19,0,0,0,0,26,0,0,0,0,0,2,0,1297810,0,0,0,0,0,0,0
129,0,0,0,1361699,0,723,0,0,0,0,427,0,0,1,19,0,0,0,0,25,0,0,0,0,0,2,0,1285628,0,0,0,0,0,0,0
130,0,0,0,1431384,0,766,0,0,0,0,449,0,0,1,19,0,0,0,0,27,0,0,0,0,0,1,0,1345053,0,0,0,0,0,0,0
131,0,0,0,1443661,0,771,0,0,0,0,460,0,0,1,19,0,0,0,0,28,0,0,0,0,0,1,0,1348877,0,0,0,0,0,0,0
132,0,0,0,1455488,0,779,0,0,0,0,461,0,0,1,19,0,0,0,0,30,0,0,0,0,0,2,0,1374467,0,0,0,0,0,0,0
133,0,0,0,1478723,0,792,0,0,0,0,465,0,0,1,19,0,0,0,0,30,0,0,0,0,0,2,0,1376410,0,0,0,0,0,0,0
134,0,0,0,1463071,0,791,0,0,0,0,458,0,0,1,18,0,0,0,0,30,0,0,0,0,0,2,0,1388388,0,0,0,0,0,0,0
135,0,0,0,1518099,0,823,0,0,0,0,481,0,0,1,18,0,0,0,0,32,0,0,0,0,0,2,0,1351826,0,0,0,0,0,0,0
136,0,0,0,1508820,0,796,0,0,0,0,486,0,0,1,17,0,0,0,0,33,0,0,0,0,0,1,0,1392172,0,0,0,0,0,0,0
137,0,0,0,1504574,0,795,0,0,0,0,471,0,0,1,18,0,0,0,0,31,0,0,0,0,0,2,0,1390969,0,0,0,0,0,0,0
138,0,0,0,1567859,0,845,0,0,0,0,495,1,0,1,18,0,0,0,0,34,0,0,0,0,0,1,0,1397585,0,0,0,0,0,0,0
139,0,0,0,1573234,0,849,0,0,0,0,509,1,0,1,17,0,0,0,0,32,0,0,0,0,0,2,0,1433242,0,0,0,0,0,0,0
140,0,0,0,1600925,0,857,0,0,0,0,511,1,0,1,19,0,0,0,0,33,0,0,0,0,0,2,0,1451648,0,0,0,0,0,0,0
141,0,0,0,1582087,0,849,0,0,0,0,513,1,0,1,19,0,0,0,0,34,0,0,0,0,0,2,0,1398534,0,0,0,0,0,0,0
142,0,0,0,1592151,0,852,0,0,0,0,508,1,0,1,19,0,0,0,0,34,0,0,0,0,0,3,0,1460780,0,0,0,0,0,0,0
143,0,0,0,1606594,0,859,0,0,0,0,509,1,0,1,19,0,0,0,0,35,0,0,0,0,0,3,0,1462211,0,0,0,0,0,0,0
144,0,0,0,1612557,0,867,0,0,0,0,517,1,0,1,18,0,0,0,0,36,0,0,0,0,0,3,0,1485072,0,0,0,0,0,0,0
145,0,0,0,1619696,0,864,0,0,0,0,516,1,0,1,19,0,0,0,0,35,0,0,0,0,0,3,0,1484999,0,0,0,0,0,0,0
146,0,0,0,1633679,0,877,0,0,0,0,527,1,0,1,18,0,0,0,0,37,0,0,0,0,0,3,0,1354792,0,0,0,0,0,0,0
147,0,0,0,1687883,0,894,0,0,0,0,552,1,0,1,19,0,0,0,0,36,0,0,0,0,0,2,0,1513672,0,0,0,0,0,0,0
148,0,0,0,1683779,0,885,0,0,0,0,547,1,0,1,19,0,0,0,0,37,0,0,0,0,0,2,0,1487682,0,0,0,0,0,0,0
149,0,0,0,1687823,0,893,0,0,0,0,540,1,0,1,19,0,0,0,0,36,0,0,0,0,0,3,0,1537245,0,0,0,0,0,0,0
150,0,0,0,1700315,0,901,0,0,0,0,541,1,0,1,19,0,0,0,0,36,0,0,0,0,0,3,0,1515237,0,0,0,0,0,0,0
151,0,0,0,1683298,0,874,0,0,0,0,534,1,0,1,19,0,0,0,0,38,0,0,0,0,0,1,0,1531164,0,0,0,0,0,0,0
152,0,0,0,1705799,0,890,0,0,0,0,537,1,0,1,19,0,0,0,0,39,0,0,0,0,0,1,0,1512093,0,0,0,0,0,0,0
153,0,0,0,1708763,0,905,0,0,0,0,541,1,0,1,16,0,0,0,0,39,0,0,0,0,0,3,0,1543877,0,0,0,0,0,0,0
154,0,0,0,1680391,0,880,0,0,0,0,534,1,0,1,18,0,0,0,0,37,0,0,0,0,0,3,0,1554887,0,0,0,0,0,0,0
155,0,0,0,1689688,0,889,0,0,0,0,538,1,0,1,18,0,0,0,0,37,0,0,0,0,0,2,0,1490047,0,0,0,0,0,0,0
156,0,0,0,1695073,0,906,0,0,0,0,549,1,0,1,17,0,0,0,0,36,0,0,0,0,0,2,0,1540278,0,0,0,0,0,0,0
157,0,0,0,1691646,0,899,0,0,0,0,543,1,0,1,18,0,0,0,0,38,0,0,0,0,0,3,0,1471131,0,0,0,0,0,0,0
158,0,0,0,1690517,0,887,0,0,0,0,536,1,0,1,18,0,0,0,0,36,0,0,0,0,0,3,0,1542839,0,0,0,0,0,0,0
159,0,0,0,1686938,0,892,0,0,0,0,536,1,0,1,18,0,0,0,0,36,0,0,0,0,0,3,0,1497571,0,0,0,0,0,0,0
160,0,0,0,1617783,0,844,0,0,0,0,503,1,0,1,16,0,0,0,0,35,0,0,0,0,0,2,0,1450484,0,0,0,0,0,0,0
161,0,0,0,1642845,0,861,0,0,0,0,515,1,0,1,18,0,0,0,0,36,0,0,0,0,0,3,0,1523129,0,0,0,0,0,0,0
162,0,0,0,1655876,0,863,0,0,0,0,532,1,0,1,18,0,0,0,0,35,0,0,0,0,0,3,0,1519605,0,0,0,0,0,0,0
163,0,0,0,1704542,0,885,0,0,0,0,550,1,0,1,18,0,0,0,0,38,0,0,0,0,0,1,0,1543560,0,0,0,0,0,0,0
164,0,0,0,1723814,0,893,0,0,0,0,562,1,0,1,18,0,0,0,0,36,0,0,0,0,0,2,0,1564337,0,0,0,0,0,0,0
165,0,0,0,1695909,0,878,0,0,0,0,539,1,0,1,18,0,0,0,0,36,0,0,0,0,0,2,0,1584684,0,0,0,0,0,0,0
166,0,0,0,1741808,0,924,0,0,0,0,559,1,0,1,19,0,0,0,0,39,0,0,0,0,0,0,0,1607034,0,0,0,0,0,0,0
167,0,0,0,1748000,0,914,0,0,0,0,561,1,0,1,19,0,0,0,0,39,0,0,0,0,0,2,0,1593570,0,0,0,0,0,0,0
168,0,0,0,1711368,0,901,0,0,0,0,525,1,0,1,19,0,0,0,0,38,0,0,0,0,0,2,0,1617770,0,0,0,0,0,0,0
169,0,0,0,1726654,0,899,0,0,0,0,546,1,0,1,19,0,0,0,0,38,0,0,0,0,0,0,0,1591008,0,0,0,0,0,0,0
170,0,0,0,1737992,0,900,0,0,0,0,558,1,0,1,19,0,0,0,0,40,0,0,0,0,0,0,0,1622622,0,0,0,0,0,0,0
171,0,0,0,1751087,0,922,0,0,0,0,565,1,0,1,19,0,0,0,0,40,0,0,0,0,0,1,0,1625169,0,0,0,0,0,0,0
172,0,0,0,1757611,0,924,0,0,0,0,564,1,0,1,18,0,0,0,0,39,0,0,0,0,0,1,0,1615062,0,0,0,0,0,0,0
173,0,0,0,1765070,0,937,0,0,0,0,559,1,0,1,18,0,0,0,0,40,0,0,0,0,0,2,0,1605598,0,0,0,0,0,0,0
174,0,0,0,1774116,0,937,0,0,0,0,568,1,0,1,18,0,0,0,0,41,0,0,0,0,0,2,0,1626457,0,0,0,0,0,0,0
175,0,0,0,1763934,0,926,0,0,0,0,572,1,0,1,19,0,0,0,0,41,0,0,0,0,0,1,0,1592813,0,0,0,0,0,0,0
176,0,0,0,1783590,0,935,0,0,0,0,572,1,0,1,17,0,0,0,0,41,0,0,0,0,0,0,0,1511059,0,0,0,0,0,0,0
177,0,0,0,1771563,0,929,0,0,0,0,567,1,0,1,16,0,0,0,0,38,0,0,0,0,0,0,0,1634643,0,0,0,0,0,0,0
178,0,0,0,1800547,0,936,0,0,0,0,593,1,0,1,16,0,0,0,0,36,0,0,0,0,0,1,0,1622581,0,0,0,0,0,0,0
179,0,0,0,1780914,0,932,0,0,0,0,570,1,0,1,16,0,0,0,0,35,0,0,0,0,0,2,0,1638409,0,0,0,0,0,0,0
180,0,0,0,1782897,0,927,0,0,0,0,572,1,0,1,16,0,0,0,0,35,0,0,0,0,0,1,0,1617468,0,0,0,0,0,0,0
181,0,0,0,1797271,0,950,0,0,0,0,577,1,0,1,16,0,0,0,0,37,0,0,0,0,0,2,0,1642655,0,0,0,0,0,0,0
182,0,0,0,1799659,0,956,0,0,0,0,582,1,0,1,16,0,0,0,0,38,0,0,0,0,0,2,0,1634163,0,0,0,0,0,0,0
183,0,0,0,1799171,0,945,0,0,0,0,585,1,0,1,16,0,0,0,0,37,0,0,0,0,0,2,0,1625272,0,0,0,0,0,0,0
184,0,0,0,1803455,0,959,0,0,0,0,594,1,0,1,17,0,0,0,0,37,0,0,0,0,0,1,0,1605789,0,0,0,0,0,0,0
185,0,0,0,1790637,0,938,0,0,0,0,589,1,0,1,16,0,0,0,0,38,0,0,0,0,0,0,0,1613808,0,0,0,0,0,0,0
186,0,0,0,1799875,0,954,0,0,0,0,591,1,0,1,17,0,0,0,0,37,0,0,0,0,0,1,0,1624930,0,0,0,0,0,0,0
187,0,0,0,1828510,0,967,0,0,0,0,602,1,0,1,18,0,0,0,0,38,0,0,0,0,0,0,0,1643498,0,0,0,0,0,0,0
188,0,0,0,1796168,0,936,0,0,0,0,586,1,0,1,18,0,0,0,0,35,0,0,0,0,0,1,0,1649734,0,0,0,0,0,0,0
189,0,0,0,1824655,0,951,0,0,0,0,602,1,0,1,17,0,0,0,0,36,0,0,0,0,0,0,0,1654128,0,0,0,0,0,0,0
190,0,0,0,1829732,0,965,0,0,0,0,604,1,0,1,18,0,0,0,0,37,0,0,0,0,0,2,0,1638186,0,0,0,0,0,0,0
191,0,0,0,1825248,0,964,0,0,0,0,609,1,0,1,18,0,0,0,0,39,0,0,0,0,0,1,0,1648253,0,0,0,0,0,0,0
192,0,0,0,1833913,0,976,0,0,0,0,613,1,0,1,18,0,0,0,0,39,0,0,0,0,0,1,0,1656093,0,0,0,0,0,0,0
193,0,0,0,1830105,0,972,0,0,0,0,607,1,0,1,18,0,0,0,0,36,0,0,0,0,0,2,0,1632592,0,0,0,0,0,0,0
194,0,0,0,1834593,0,978,0,0,0,0,612,1,0,1,17,0,0,0,0,36,0,0,0,0,0,1,0,1638407,0,0,0,0,0,0,0
195,0,0,0,1831277,0,977,0,0,0,0,607,1,0,1,18,0,0,0,0,38,0,0,0,0,0,1,0,1623974,0,0,0,0,0,0,0
196,0,0,0,1833373,0,971,0,0,0,0,604,1,0,1,17,0,0,0,0,37,0,0,0,0,0,1,0,1636078,0,0,0,0,0,0,0
197,0,0,0,1825292,0,979,0,0,0,0,615,1,0,1,18,0,0,0,0,39,0,0,0,0,0,1,0,1620131,0,0,0,0,0,0,0
198,0,0,0,1841634,0,980,0,0,0,0,613,1,0,1,19,0,0,0,0,37,0,0,0,0,0,2,0,1636231,0,0,0,0,0,0,0
199,0,0,0,1827978,0,982,0,0,0,0,613,1,0,1,19,0,0,0,0,36,0,0,0,0,0,2,0,1651887,0,0,0,0,0,0,0
200,0,0,0,1759359,0,924,0,0,0,0,573,1,0,1,19,0,0,0,0,34,0,0,0,0,0,2,0,1608917,0,0,0,0,0,0,0
201,0,0,0,1776775,0,931,0,0,0,0,580,1,0,1,18,0,0,0,0,35,0,0,0,0,0,1,0,1652250,0,0,0,0,0,0,0
202,0,0,0,1827234,0,973,0,0,0,0,607,1,0,1,16,0,0,0,0,33,0,0,0,0,0,1,0,1637512,0,0,0,0,0,0,0
203,0,0,0,1830873,0,970,0,0,0,0,607,1,0,1,16,0,0,0,0,33,0,0,0,0,0,2,0,1662587,0,0,0,0,0,0,0
204,0,0,0,1829154,0,967,0,0,0,0,611,1,0,1,16,0,0,0,0,32,0,0,0,0,0,2,0,1637420,0,0,0,0,0,0,0
205,0,0,0,1832799,0,969,0,0,0,0,621,1,0,1,18,0,0,0,0,35,0,0,0,0,0,0,0,1630627,0,0,0,0,0,0,0
206,0,0,0,1830973,0,974,0,0,0,0,623,1,0,1,19,0,0,0,0,36,0,0,0,0,0,0,0,1640583,0,0,0,0,0,0,0
207,0,0,0,1794333,0,942,0,0,0,0,595,1,0,1,19,0,0,0,0,35,0,0,0,0,0,1,0,1667418,0,0,0,0,0,0,0
208,0,0,0,1840112,0,981,0,0,0,0,616,1,0,1,18,0,0,0,0,36,0,0,0,0,0,0,0,1665987,0,0,0,0,0,0,0
209,0,0,0,1848493,0,982,0,0,0,0,620,1,0,1,19,0,0,0,0,37,0,0,0,0,0,1,0,1685942,0,0,0,0,0,0,0
210,0,0,0,1841035,0,969,0,0,0,0,611,1,0,1,17,0,0,0,0,36,0,0,0,0,0,2,0,1677311,0,0,0,0,0,0,0
211,0,0,0,1834712,0,980,0,0,0,0,613,1,0,1,18,0,0,0,0,38,0,0,0,0,0,1,0,1580466,0,0,0,0,0,0,0
212,0,0,0,1818322,0,967,0,0,0,0,616,1,0,1,19,0,0,0,0,37,0,0,0,0,0,2,0,1603760,0,0,0,0,0,0,0
213,0,0,0,1845852,0,982,0,0,0,0,627,1,0,1,19,0,0,0,0,37,0,0,0,0,0,1,0,1639951,0,0,0,0,0,0,0
214,0,0,0,1862087,0,1001,0,0,0,0,626,1,0,1,18,0,0,0,0,39,0,0,0,0,0,2,0,1615839,0,0,0,0,0,0,0
215,0,0,0,1826185,0,985,0,0,0,0,611,1,0,1,19,0,0,0,0,37,0,0,0,0,0,1,0,1647461,0,0,0,0,0,0,0
216,0,0,0,1887446,0,1014,0,0,0,0,643,2,0,1,18,0,0,0,0,41,0,0,0,0,0,1,0,1648202,0,0,0,0,0,0,0
217,0,0,0,1877781,0,1010,0,0,0,0,625,2,0,1,18,0,0,0,0,42,0,0,0,0,0,0,0,1593207,0,0,0,0,0,0,0
218,0,0,0,1841204,0,973,0,0,0,0,608,2,0,1,18,0,0,0,0,41,0,0,0,0,0,2,0,1652473,0,0,0,0,0,0,0
219,0,0,0,1891245,0,1014,0,0,0,0,631,2,0,1,17,0,0,0,0,40,0,0,0,0,0,0,0,1674612,0,0,0,0,0,0,0
220,0,0,0,1827819,0,972,0,0,0,0,600,2,0,1,18,0,0,0,0,39,0,0,0,0,0,1,0,1687365,0,0,0,0,0,0,0
221,0,0,0,1838613,0,985,0,0,0,0,618,2,0,1,18,0,0,0,0,40,0,0,0,0,0,1,0,1665337,0,0,0,0,0,0,0
222,0,0,0,1846812,0,1001,0,0,0,0,629,2,0,1,18,0,0,0,0,41,0,0,0,0,0,1,0,1689309,0,0,0,0,0,0,0
223,0,0,0,1844603,0,988,0,0,0,0,621,2,0,1,16,0,0,0,0,39,0,0,0,0,0,1,0,1681666,0,0,0,0,0,0,0
224,0,0,0,1843881,0,999,0,0,0,0,620,2,0,1,17,0,0,0,0,40,0,0,0,0,0,0,0,1657446,0,0,0,0,0,0,0
225,0,0,0,1830559,0,984,0,0,0,0,615,2,0,1,16,0,0,0,0,37,0,0,0,0,0,0,0,1665863,0,0,0,0,0,0,0
226,0,0,0,1821709,0,978,0,0,0,0,612,2,0,1,16,0,0,0,0,40,0,0,0,0,0,1,0,1706112,0,0,0,0,0,0,0
227,0,0,0,1824853,0,983,0,0,0,0,615,2,0,1,19,0,0,0,0,40,0,0,0,0,0,0,0,1665580,0,0,0,0,0,0,0
228,0,0,0,1818020,0,974,0,0,0,0,611,2,0,1,19,0,0,0,0,39,0,0,0,0,0,1,0,1683525,0,0,0,0,0,0,0
229,0,0,0,1813649,0,976,0,0,0,0,604,2,0,1,19,0,0,0,0,41,0,0,0,0,0,0,0,1659231,0,0,0,0,0,0,0
230,0,0,0,1820581,0,971,0,0,0,0,617,2,0,1,19,0,0,0,0,39,0,0,0,0,0,1,0,1657448,0,0,0,0,0,0,0
231,0,0,0,1805075,0,957,0,0,0,0,595,2,0,1,19,0,0,0,0,39,0,0,0,0,0,1,0,1657934,0,0,0,0,0,0,0
232,0,0,0,1822110,0,992,0,0,0,0,615,2,0,1,18,0,0,0,0,39,0,0,0,0,0,1,0,1617599,0,0,0,0,0,0,0
233,0,0,0,1825438,0,992,0,0,0,0,626,2,0,1,18,0,0,0,0,39,0,0,0,0,0,1,0,1640207,0,0,0,0,0,0,0
234,0,0,0,1804129,0,974,0,0,0,0,619,2,0,1,18,0,0,0,0,37,0,0,0,0,0,1,0,1599863,0,0,0,0,0,0,0
235,0,0,0,1821214,0,985,0,0,0,0,624,2,0,1,19,0,0,0,0,40,0,0,0,0,0,1,0,1633679,0,0,0,0,0,0,0
236,0,0,0,1803901,0,968,0,0,0,0,612,2,0,1,19,0,0,0,0,40,0,0,0,0,0,0,0,1682496,0,0,0,0,0,0,0
237,0,0,0,1806336,0,971,0,0,0,0,619,2,0,1,18,0,0,0,0,39,0,0,0,0,0,0,0,1668830,0,0,0,0,0,0,0
238,0,0,0,1798376,0,963,0,0,0,0,613,2,0,1,18,0,0,0,0,39,0,0,0,0,0,0,0,1669250,0,0,0,0,0,0,0
239,0,0,0,1803179,0,968,0,0,0,0,618,2,0,1,17,0,0,0,0,39,0,0,0,0,0,0,0,1663672,0,0,0,0,0,0,0
240,0,0,0,1801502,0,970,0,0,0,0,620,2,0,1,18,0,0,0,0,40,0,0,0,0,0,0,0,1665827,0,0,0,0,0,0,0
241,0,0,0,1819512,0,978,0,0,0,0,620,2,0,1,20,0,0,0,0,43,0,0,0,0,0,1,0,1642831,0,0,0,0,0,0,0
242,0,0,0,1812590,0,984,0,0,0,0,608,2,0,1,21,0,0,0,0,41,0,0,0,0,0,0,0,1670010,0,0,0,0,0,0,0
243,0,0,0,1806291,0,975,0,0,0,0,613,2,0,1,21,0,0,0,0,44,0,0,0,0,0,1,0,1640150,0,0,0,0,0,0,0
244,0,0,0,1815008,0,986,0,0,0,0,622,2,0,1,21,0,0,0,0,39,0,0,0,0,0,1,0,1623427,0,0,0,0,0,0,0
245,0,0,0,1816083,0,979,0,0,0,0,635,2,0,1,21,0,0,0,0,42,0,0,0,0,0,1,0,1613598,0,0,0,0,0,0,0
246,0,0,0,1815303,0,997,0,0,0,0,626,2,0,1,19,0,0,0,0,44,0,0,0,0,0,0,0,1639313,0,0,0,0,0,0,0
247,0,0,0,1800613,0,964,0,0,0,0,620,2,0,1,19,0,0,0,0,44,0,0,0,0,0,0,0,1639933,0,0,0,0,0,0,0
248,0,0,0,1790513,0,975,0,0,0,0,612,2,0,1,19,0,0,0,0,45,0,0,0,0,0,1,0,1639624,0,0,0,0,0,0,0
249,0,0,0,1802852,0,976,0,0,0,0,623,2,0,1,19,0,0,0,0,41,0,0,0,0,0,0,0,1652701,0,0,0,0,0,0,0
250,0,0,0,1814788,0,988,0,0,0,0,623,2,0,1,19,0,0,0,0,43,0,0,0,0,0,1,0,1649650,0,0,0,0,0,0,0
251,0,0,0,1812709,0,985,0,0,0,0,629,2,0,1,20,0,0,0,0,43,0,0,0,0,0,1,0,1636482,0,0,0,0,0,0,0
252,0,0,0,1814809,0,971,0,0,0,0,638,2,0,1,21,0,0,0,0,42,0,0,0,0,0,0,0,1611719,0,0,0,0,0,0,0
253,0,0,0,1784865,0,956,0,0,0,0,617,2,0,1,21,0,0,0,0,39,0,0,0,0,0,1,0,1600307,0,0,0,0,0,0,0
254,0,0,0,1759552,0,946,0,0,0,0,619,2,0,1,21,0,0,0,0,37,0,0,0,0,0,1,0,1642950,0,0,0,0,0,0,0
255,0,0,0,1799024,0,971,0,0,0,0,645,2,0,1,22,0,0,0,0,39,0,0,0,0,0,0,0,1617160,0,0,0,0,0,0,0
256,0,0,0,1847082,0,1006,0,0,0,0,652,2,0,1,22,0,0,0,0,41,0,0,0,0,0,1,0,1632397,0,0,0,0,0,0,0
257,0,0,0,1789047,0,962,0,0,0,0,629,2,0,1,23,0,0,0,0,36,0,0,0,0,0,1,0,1632616,0,0,0,0,0,0,0
258,0,0,0,1798705,0,970,0,0,0,0,644,2,0,1,22,0,0,0,0,39,0,0,0,0,0,1,0,1661180,0,0,0,0,0,0,0
259,0,0,0,1814992,0,984,0,0,0,0,655,2,0,1,22,0,0,0,0,40,0,0,0,0,0,0,0,1638525,0,0,0,0,0,0,0
260,0,0,0,1780897,0,961,0,0,0,0,634,2,0,1,22,0,0,0,0,37,0,0,0,0,0,1,0,1657043,0,0,0,0,0,0,0
261,0,0,0,1770821,0,953,0,0,0,0,636,2,0,1,22,0,0,0,0,37,0,0,0,0,0,1,0,1651119,0,0,0,0,0,0,0
262,0,0,0,1759370,0,945,0,0,0,0,627,2,0,1,21,0,0,0,0,41,0,0,0,0,0,1,0,1643359,0,0,0,0,0,0,0
263,0,0,0,1730055,0,942,0,0,0,0,614,2,0,1,22,0,0,0,0,41,0,0,0,0,0,1,0,1643571,0,0,0,0,0,0,0
264,0,0,0,1772142,0,948,0,0,0,0,634,2,0,1,22,0,0,0,0,39,0,0,0,0,0,1,0,1622246,0,0,0,0,0,0,0
265,0,0,0,1788526,0,964,0,0,0,0,640,2,0,1,22,0,0,0,0,38,0,0,0,0,0,1,0,1626133,0,0,0,0,0,0,0
266,0,0,0,1732848,0,924,0,0,0,0,615,2,0,1,22,0,0,0,0,37,0,0,0,0,0,0,0,1616331,0,0,0,0,0,0,0
267,0,0,0,1744510,0,929,0,0,0,0,622,2,0,1,21,0,0,0,0,40,0,0,0,0,0,1,0,1651417,0,0,0,0,0,0,0
268,0,0,0,1757066,0,937,0,0,0,0,630,2,0,1,22,0,0,0,0,36,0,0,0,0,0,1,0,1609081,0,0,0,0,0,0,0
269,0,0,0,1776149,0,939,0,0,0,0,635,2,0,1,22,0,0,0,0,36,0,0,0,0,0,1,0,1604577,0,0,0,0,0,0,0
270,0,0,0,1774040,0,935,0,0,0,0,627,2,0,1,22,0,0,0,0,36,0,0,0,0,0,1,0,1624433,0,0,0,0,0,0,0
271,0,0,0,1787943,0,957,0,0,0,0,636,2,0,1,22,0,0,0,0,36,0,0,0,0,0,1,0,1597418,0,0,0,0,0,0,0
272,0,0,0,1769101,0,952,0,0,0,0,631,2,0,1,21,0,0,0,0,33,0,0,0,0,0,1,0,1628327,0,0,0,0,0,0,0
273,0,0,0,1772729,0,969,0,0,0,0,620,2,0,1,22,0,0,0,0,39,0,0,0,0,0,1,0,1562145,0,0,0,0,0,0,0
274,0,0,0,1785527,0,955,0,0,0,0,633,2,0,1,22,0,0,0,0,38,0,0,0,0,0,1,0,1605337,0,0,0,0,0,0,0
275,0,0,0,1736044,0,914,0,0,0,0,622,2,0,1,22,0,0,0,0,36,0,0,0,0,0,1,0,1596966,0,0,0,0,0,0,0
276,0,0,0,1663431,0,872,0,0,0,0,578,2,0,1,22,0,0,0,0,30,0,0,0,0,0,1,0,1533327,0,0,0,0,0,0,0
277,0,0,0,1753527,0,925,0,0,0,0,608,2,0,1,22,0,0,0,0,35,0,0,0,0,0,0,0,1576169,0,0,0,0,0,0,0
278,0,0,0,1750442,0,920,0,0,0,0,614,2,0,1,22,0,0,0,0,37,0,0,0,0,0,1,0,1591070,0,0,0,0,0,0,0
279,0,0,0,1755840,0,933,0,0,0,0,607,2,0,1,22,0,0,0,0,37,0,0,0,0,0,1,0,1622117,0,0,0,0,0,0,0
280,0,0,0,1741723,0,938,0,0,0,0,598,2,0,1,22,0,0,0,0,36,0,0,0,0,0,1,0,1616184,0,0,0,0,0,0,0
281,0,0,0,1693226,0,891,0,0,0,0,573,2,0,1,22,0,0,0,0,37,0,0,0,0,0,1,0,1583459,0,0,0,0,0,0,0
282,0,0,0,1734550,0,923,0,0,0,0,598,2,0,1,22,0,0,0,0,36,0,0,0,0,0,1,0,1582869,0,0,0,0,0,0,0
283,0,0,0,1678528,0,868,0,0,0,0,567,2,0,1,22,0,0,0,0,36,0,0,0,0,0,1,0,1573678,0,0,0,0,0,0,0
284,0,0,0,1668076,0,877,0,0,0,0,570,2,0,1,22,0,0,0,0,33,0,0,0,0,0,1,0,1566540,0,0,0,0,0,0,0
285,0,0,0,1742395,0,933,0,0,0,0,595,2,0,1,22,0,0,0,0,33,0,0,0,0,0,1,0,1598250,0,0,0,0,0,0,0
286,0,0,0,1731263,0,931,0,0,0,0,588,2,0,1,21,0,0,0,0,35,0,0,0,0,0,1,0,1619025,0,0,0,0,0,0,0
287,0,0,0,1720102,0,914,0,0,0,0,593,2,0,1,23,0,0,0,0,37,0,0,0,0,0,1,0,1605370,0,0,0,0,0,0,0
288,0,0,0,1715351,0,924,0,0,0,0,599,2,0,1,23,0,0,0,0,35,0,0,0,0,0,1,0,1568332,0,0,0,0,0,0,0
289,0,0,0,1704091,0,923,0,0,0,0,588,2,0,1,23,0,0,0,0,36,0,0,0,0,0,1,0,1601079,0,0,0,0,0,0,0
290,0,0,0,1705262,0,904,0,0,0,0,583,2,0,1,23,0,0,0,0,31,0,0,0,0,0,1,0,1596082,0,0,0,0,0,0,0
291,0,0,0,1698510,0,902,0,0,0,0,575,2,0,1,23,0,0,0,0,35,0,0,0,0,0,1,0,1599333,0,0,0,0,0,0,0
292,0,0,0,1693824,0,912,0,0,0,0,582,2,0,1,23,0,0,0,0,34,0,0,0,0,0,0,0,1590461,0,0,0,0,0,0,0
293,0,0,0,1684069,0,893,0,0,0,0,573,1,0,1,23,0,0,0,0,34,0,0,0,0,0,1,0,1514212,0,0,0,0,0,0,0
294,0,0,0,1759735,0,935,0,0,0,0,601,1,0,1,24,0,0,0,0,35,0,0,0,0,0,0,0,1603218,0,0,0,0,0,0,0
295,0,0,0,1743888,0,928,0,0,0,0,596,1,0,1,24,0,0,0,0,34,0,0,0,0,0,0,0,1575491,0,0,0,0,0,0,0
296,0,0,0,1744879,0,921,0,0,0,0,601,1,0,1,24,0,0,0,0,34,0,0,0,0,0,1,0,1629432,0,0,0,0,0,0,0
297,0,0,0,1752127,0,935,0,0,0,0,592,1,0,1,24,0,0,0,0,31,0,0,0,0,0,0,0,1615338,0,0,0,0,0,0,0
298,0,0,0,1725242,0,926,0,0,0,0,583,0,0,0,23,0,0,0,0,35,0,0,0,0,0,1,0,1558092,0,0,0,0,0,0,0
299,0,0,0,1733614,0,935,0,0,0,0,593,0,0,0,23,0,0,0,0,37,0,0,0,0,0,1,0,1595874,0,0,0,0,0,0,0
300,0,0,0,1738445,0,935,0,0,0,0,595,0,0,0,23,0,0,0,0,36,0,0,0,0,0,1,0,1608774,0,0,0,0,0,0,0
301,0,0,0,1714971,0,918,0,0,0,0,582,0,0,0,23,0,0,0,0,33,0,0,0,0,0,0,0,1594604,0,0,0,0,0,0,0
302,0,0,0,1717684,0,934,0,0,0,0,577,0,0,0,23,0,0,0,0,36,0,0,0,0,0,1,0,1578478,0,0,0,0,0,0,0
303,0,0,0,1711205,0,915,0,0,0,0,580,0,0,0,22,0,0,0,0,35,0,0,0,0,0,0,0,1598365,0,0,0,0,0,0,0
304,0,0,0,1695617,0,908,0,0,0,0,568,0,0,0,22,0,0,0,0,37,0,0,0,0,0,1,0,1559895,0,0,0,0,0,0,0
305,0,0,0,1680071,0,913,0,0,0,0,551,0,0,0,22,0,0,0,0,35,0,0,0,0,0,0,0,1591611,0,0,0,0,0,0,0
306,0,0,0,1667890,0,897,0,0,0,0,558,0,0,0,23,0,0,0,0,36,0,0,0,0,0,1,0,1556460,0,0,0,0,0,0,0
307,0,0,0,1599489,0,838,0,0,0,0,529,0,0,0,23,0,0,0,0,31,0,0,0,0,0,0,0,1471398,0,0,0,0,0,0,0
308,0,0,0,1679193,0,916,0,0,0,0,574,0,0,0,21,0,0,0,0,32,0,0,0,0,0,1,0,1560990,0,0,0,0,0,0,0
309,0,0,0,1702125,0,942,0,0,0,0,572,0,0,0,23,0,0,0,0,35,0,0,0,0,0,0,0,1595221,0,0,0,0,0,0,0
310,0,0,0,1771655,0,978,0,0,0,0,612,0,0,0,23,0,0,0,0,41,0,0,0,0,0,0,0,1605081,0,0,0,0,0,0,0
311,0,0,0,1781591,0,970,0,0,0,0,620,0,0,0,23,0,0,0,0,40,0,0,0,0,0,0,0,1641223,0,0,0,0,0,0,0
312,0,0,0,1750624,0,955,0,0,0,0,604,0,0,0,23,0,0,0,0,39,0,0,0,0,0,0,0,1646098,0,0,0,0,0,0,0
313,0,0,0,1798940,0,983,0,0,0,0,632,0,0,0,24,0,0,0,0,38,0,0,0,0,0,0,0,1632595,0,0,0,0,0,0,0
314,0,0,0,1790764,0,978,0,0,0,0,628,0,0,0,22,0,0,0,0,39,0,0,0,0,0,1,0,1629158,0,0,0,0,0,0,0
315,0,0,0,1766204,0,958,0,0,0,0,613,0,0,0,22,0,0,0,0,41,0,0,0,0,0,2,0,1612687,0,0,0,0,0,0,0
316,0,0,0,1777866,0,979,0,0,0,0,621,0,0,0,21,0,0,0,0,42,0,0,0,0,0,2,0,1658469,0,0,0,0,0,0,0
317,0,0,0,1786258,0,985,0,0,0,0,622,0,0,0,22,0,0,0,0,42,0,0,0,0,0,0,0,1635185,0,0,0,0,0,0,0
318,0,0,0,1824206,0,1002,0,0,0,0,636,0,0,0,22,0,0,0,0,45,0,0,0,0,0,1,0,1698584,0,0,0,0,0,0,0
319,0,0,0,1833470,0,1002,0,0,0,0,648,0,0,0,22,0,0,0,0,44,0,0,0,0,0,1,0,1700176,0,0,0,0,0,0,0
320,0,0,0,1842475,0,1002,0,0,0,0,639,0,0,0,23,0,0,0,0,43,0,0,0,0,0,2,0,1688289,0,0,0,0,0,0,0
321,0,0,0,1847362,0,1011,0,0,0,0,654,0,0,0,23,0,0,0,0,42,0,0,0,0,0,2,0,1695425,0,0,0,0,0,0,0
322,0,0,0,1827089,0,985,0,0,0,0,648,0,0,0,24,0,0,0,0,44,0,0,0,0,0,2,0,1649739,0,0,0,0,0,0,0
323,0,0,0,1834741,0,992,0,0,0,0,656,0,0,0,23,0,0,0,0,41,0,0,0,0,0,0,0,1610391,0,0,0,0,0,0,0
324,0,0,0,1820591,0,981,0,0,0,0,643,0,0,0,23,0,0,0,0,43,0,0,0,0,0,2,0,1665137,0,0,0,0,0,0,0
325,0,0,0,1837784,0,991,0,0,0,0,659,0,0,0,24,0,0,0,0,43,0,0,0,0,0,0,0,1652087,0,0,0,0,0,0,0
326,0,0,0,1821070,0,968,0,0,0,0,636,0,0,0,21,0,0,0,0,44,0,0,0,0,0,1,0,1668783,0,0,0,0,0,0,0
327,0,0,0,1819319,0,980,0,0,0,0,634,0,0,0,20,0,0,0,0,44,0,0,0,0,0,1,0,1555476,0,0,0,0,0,0,0
328,0,0,0,1832199,0,984,0,0,0,0,650,0,0,0,21,0,0,0,0,44,0,0,0,0,0,1,0,1676408,0,0,0,0,0,0,0
329,0,0,0,1840488,0,995,0,0,0,0,658,0,0,0,22,0,0,0,0,42,0,0,0,0,0,2,0,1676010,0,0,0,0,0,0,0
330,0,0,0,1853906,0,1001,0,0,0,0,651,0,0,0,23,0,0,0,0,44,0,0,0,0,0,1,0,1676800,0,0,0,0,0,0,0
331,0,0,0,1868537,0,1014,0,0,0,0,677,0,0,0,23,0,0,0,0,42,0,0,0,0,0,1,0,1671648,0,0,0,0,0,0,0
332,0,0,0,1843841,0,1004,0,0,0,0,658,0,0,0,23,0,0,0,0,44,0,0,0,0,0,1,0,1653511,0,0,0,0,0,0,0
333,0,0,0,1840488,0,992,0,0,0,0,652,0,0,0,22,0,0,0,0,43,0,0,0,0,0,1,0,1655319,0,0,0,0,0,0,0
334,0,0,0,1854247,0,1004,0,0,0,0,656,0,0,0,23,0,0,0,0,45,0,0,0,0,0,2,0,1660469,0,0,0,0,0,0,0
335,0,0,0,1825059,0,970,0,0,0,0,638,0,0,0,24,0,0,0,0,41,0,0,0,0,0,2,0,1653701,0,0,0,0,0,0,0
336,0,0,0,1845956,0,986,0,0,0,0,647,0,0,0,24,0,0,0,0,43,0,0,0,0,0,2,0,1659758,0,0,0,0,0,0,0
337,0,0,0,1858000,0,1000,0,0,0,0,653,0,0,0,24,0,0,0,0,42,0,0,0,0,0,2,0,1675256,0,0,0,0,0,0,0
338,0,0,0,1849082,0,978,0,0,0,0,638,0,0,0,23,0,0,0,0,43,0,0,0,0,0,2,0,1688403,0,0,0,0,0,0,0
339,0,0,0,1837615,0,972,0,0,0,0,640,0,0,0,24,0,0,0,0,42,0,0,0,0,0,2,0,1688402,0,0,0,0,0,0,0
340,0,0,0,1826550,0,967,0,0,0,0,635,0,0,0,24,0,0,0,0,40,0,0,0,0,0,2,0,1679573,0,0,0,0,0,0,0
341,0,0,0,1873282,0,982,0,0,0,0,662,0,0,0,24,0,0,0,0,43,0,0,0,0,0,2,0,1678753,0,0,0,0,0,0,0
342,0,0,0,1878247,0,987,0,0,0,0,658,0,0,0,23,0,0,0,0,41,0,0,0,0,0,2,0,1660981,0,0,0,0,0,0,0
343,0,0,0,1866512,0,991,0,0,0,0,650,0,0,0,23,0,0,0,0,39,0,0,0,0,0,1,0,1668952,0,0,0,0,0,0,0
344,0,0,0,1864244,0,990,0,0,0,0,648,0,0,0,22,0,0,0,0,41,0,0,0,0,0,2,0,1660145,0,0,0,0,0,0,0
345,0,0,0,1873531,0,984,0,0,0,0,663,0,0,0,22,0,0,0,0,41,0,0,0,0,0,2,0,1648018,0,0,0,0,0,0,0
346,0,0,0,1850608,0,977,0,0,0,0,651,0,0,0,21,0,0,0,0,43,0,0,0,0,0,2,0,1664031,0,0,0,0,0,0,0
347,0,0,0,1788347,0,926,0,0,0,0,625,0,0,0,21,0,0,0,0,42,0,0,0,0,0,1,0,1633908,0,0,0,0,0,0,0
348,0,0,0,1835240,0,969,0,0,0,0,637,0,0,0,20,0,0,0,0,44,0,0,0,0,0,2,0,1671801,0,0,0,0,0,0,0
349,0,0,0,1847968,0,980,0,0,0,0,638,0,0,0,20,0,0,0,0,46,0,0,0,0,0,2,0,1678524,0,0,0,0,0,0,0
350,0,0,0,1843110,0,971,0,0,0,0,637,0,0,0,21,0,0,0,0,45,0,0,0,0,0,2,0,1691681,0,0,0,0,0,0,0
351,0,0,0,1842754,0,966,0,0,0,0,643,0,0,0,21,0,0,0,0,45,0,0,0,0,0,2,0,1685718,0,0,0,0,0,0,0
352,0,0,0,1854938,0,982,0,0,0,0,653,0,0,0,21,0,0,0,0,43,0,0,0,0,0,0,0,1657616,0,0,0,0,0,0,0
353,0,0,0,1857312,0,982,0,0,0,0,658,0,0,0,21,0,0,0,0,43,0,0,0,0,0,2,0,1672055,0,0,0,0,0,0,0
354,0,0,0,1824945,0,962,0,0,0,0,635,0,0,0,19,0,0,0,0,41,0,0,0,0,0,2,0,1660961,0,0,0,0,0,0,0
355,0,0,0,1858026,0,978,0,0,0,0,648,0,0,0,23,0,0,0,0,43,0,0,0,0,0,2,0,1660645,0,0,0,0,0,0,0
356,0,0,0,1858085,0,980,0,0,0,0,649,0,0,0,22,0,0,0,0,43,0,0,0,0,0,2,0,1683723,0,0,0,0,0,0,0
357,0,0,0,1851941,0,970,0,0,0,0,646,0,0,0,21,0,0,0,0,42,0,0,0,0,0,2,0,1681305,0,0,0,0,0,0,0
358,0,0,0,1832384,0,953,0,0,0,0,636,0,0,0,21,0,0,0,0,43,0,0,0,0,0,1,0,1633454,0,0,0,0,0,0,0
359,0,0,0,1803074,0,932,0,0,0,0,626,0,0,0,21,0,0,0,0,37,0,0,0,0,0,2,0,1613597,0,0,0,0,0,0,0
360,0,0,0,1880071,0,994,0,0,0,0,678,0,0,0,21,0,0,0,0,42,0,0,0,0,0,1,0,1655687,0,0,0,0,0,0,0
361,0,0,0,1887827,0,1000,0,0,0,0,685,0,0,0,19,0,0,0,0,42,0,0,0,0,0,2,0,1643714,0,0,0,0,0,0,0
362,0,0,0,1858471,0,974,0,0,0,0,671,1,0,0,19,0,0,0,0,44,0,0,0,0,0,2,0,1656896,0,0,0,0,0,0,0
363,0,0,0,1883823,0,992,0,0,0,0,678,1,0,0,18,0,0,0,0,41,0,0,0,0,0,2,0,1642689,0,0,0,0,0,0,0
364,0,0,0,1866498,0,973,0,0,0,0,660,1,0,0,18,0,0,0,0,42,0,0,0,0,0,1,0,1637586,0,0,0,0,0,0,0
365,0,0,0,1849860,0,960,0,0,0,0,667,1,0,0,18,0,0,0,0,42,0,0,0,0,0,2,0,1649971,0,0,0,0,0,0,0
366,0,0,0,1864141,0,972,0,0,0,0,675,1,0,0,19,0,0,0,0,44,0,0,0,0,0,1,0,1646828,0,0,0,0,0,0,0
367,0,0,0,1831702,0,942,0,0,0,0,651,1,0,0,18,0,0,0,0,41,0,0,0,0,0,2,0,1672566,0,0,0,0,0,0,0
368,0,0,0,1836580,0,961,0,0,0,0,647,1,0,0,18,0,0,0,0,39,0,0,0,0,0,0,0,1632070,0,0,0,0,0,0,0
369,0,0,0,1834358,0,962,0,0,0,0,659,1,0,0,18,0,0,0,0,40,0,0,0,0,0,2,0,1698904,0,0,0,0,0,0,0
370,0,0,0,1831078,0,959,0,0,0,0,659,1,0,0,18,0,0,0,0,40,0,0,0,0,0,2,0,1697136,0,0,0,0,0,0,0
371,0,0,0,1838053,0,959,0,0,0,0,657,1,0,0,18,0,0,0,0,43,0,0,0,0,0,2,0,1638506,0,0,0,0,0,0,0
372,0,0,0,1818711,0,959,0,0,0,0,657,1,0,0,17,0,0,0,0,42,0,0,0,0,0,0,0,1668004,0,0,0,0,0,0,0
373,0,0,0,1815876,0,950,0,0,0,0,648,1,0,0,17,0,0,0,0,43,0,0,0,0,0,2,0,1680952,0,0,0,0,0,0,0
374,0,0,0,1849329,0,966,0,0,0,0,659,1,0,0,17,0,0,0,0,44,0,0,0,0,0,1,0,1665909,0,0,0,0,0,0,0
375,0,0,0,1839060,0,967,0,0,0,0,659,1,0,0,17,0,0,0,0,42,0,0,0,0,0,2,0,1678348,0,0,0,0,0,0,0
376,0,0,0,1827993,0,958,0,0,0,0,656,1,0,0,17,0,0,0,0,42,0,0,0,0,0,2,0,1668685,0,0,0,0,0,0,0
377,0,0,0,1825029,0,965,0,0,0,0,645,1,0,0,17,0,0,0,0,43,0,0,0,0,0,1,0,1668478,0,0,0,0,0,0,0
378,0,0,0,1799746,0,952,0,0,0,0,638,1,0,0,16,0,0,0,0,41,0,0,0,0,0,2,0,1647924,0,0,0,0,0,0,0
379,0,0,0,1812671,0,973,0,0,0,0,640,1,0,0,16,0,0,0,0,43,0,0,0,0,0,1,0,1643228,0,0,0,0,0,0,0
380,0,0,0,1803057,0,940,0,0,0,0,637,1,0,0,15,0,0,0,0,42,0,0,0,0,0,2,0,1641500,0,0,0,0,0,0,0
381,0,0,0,1787823,0,924,0,0,0,0,630,1,0,0,14,0,0,0,0,42,0,0,0,0,0,2,0,1558810,0,0,0,0,0,0,0
382,0,0,0,1802053,0,942,0,0,0,0,639,1,0,0,15,0,0,0,0,40,0,0,0,0,0,2,0,1610251,0,0,0,0,0,0,0
383,0,0,0,1769447,0,926,0,0,0,0,627,1,0,0,16,0,0,0,0,41,0,0,0,0,0,3,0,1638729,0,0,0,0,0,0,0
384,0,0,0,1779101,0,935,0,0,0,0,614,1,0,0,15,0,0,0,0,37,0,0,0,0,0,3,0,1637647,0,0,0,0,0,0,0
385,0,0,0,1789834,0,953,0,0,0,0,631,1,0,0,14,0,0,0,0,38,0,0,0,0,0,3,0,1648305,0,0,0,0,0,0,0
386,0,0,0,1798728,0,957,0,0,0,0,638,1,0,0,17,0,0,0,0,38,0,0,0,0,0,1,0,1635087,0,0,0,0,0,0,0
387,0,0,0,1793124,0,949,0,0,0,0,637,1,0,0,14,0,0,0,0,37,0,0,0,0,0,3,0,1661969,0,0,0,0,0,0,0
388,0,0,0,1815163,0,960,0,0,0,0,639,1,0,0,16,0,0,0,0,42,0,0,0,0,0,3,0,1636795,0,0,0,0,0,0,0
389,0,0,0,1810784,0,947,0,0,0,0,633,1,0,0,15,0,0,0,0,41,0,0,0,0,0,3,0,1657398,0,0,0,0,0,0,0
390,0,0,0,1805121,0,954,0,0,0,0,624,1,0,0,16,0,0,0,0,39,0,0,0,0,0,2,0,1640349,0,0,0,0,0,0,0
391,0,0,0,1803251,0,948,0,0,0,0,631,1,0,0,16,0,0,0,0,41,0,0,0,0,0,2,0,1584055,0,0,0,0,0,0,0
392,0,0,0,1798431,0,945,0,0,0,0,622,1,0,0,14,0,0,0,0,39,0,0,0,0,0,1,0,1573724,0,0,0,0,0,0,0
393,0,0,0,1797772,0,956,0,0,0,0,624,1,0,0,15,0,0,0,0,42,0,0,0,0,0,1,0,1603098,0,0,0,0,0,0,0
394,0,0,0,1797579,0,947,0,0,0,0,624,1,0,0,14,0,0,0,0,42,0,0,0,0,0,3,0,1612470,0,0,0,0,0,0,0
395,0,0,0,1792267,0,950,0,0,0,0,623,1,0,0,14,0,0,0,0,41,0,0,0,0,0,3,0,1595127,0,0,0,0,0,0,0
396,0,0,0,1802639,0,949,0,0,0,0,628,1,0,0,15,0,0,0,0,43,0,0,0,0,0,2,0,1627852,0,0,0,0,0,0,0
397,0,0,0,1809729,0,958,0,0,0,0,630,1,0,0,13,0,0,0,0,43,0,0,0,0,0,3,0,1630315,0,0,0,0,0,0,0
398,0,0,0,1826884,0,965,0,0,0,0,647,1,0,0,14,0,0,0,0,42,0,0,0,0,0,2,0,1616080,0,0,0,0,0,0,0
399,0,0,0,1813016,0,955,0,0,0,0,638,1,0,0,15,0,0,0,0,41,0,0,0,0,0,1,0,1574602,0,0,0,0,0,0,0
400,0,0,0,1762200,0,928,0,0,0,0,617,1,0,0,15,0,0,0,0,42,0,0,0,0,0,3,0,1594997,0,0,0,0,0,0,0
401,0,0,0,1757881,0,917,0,0,0,0,618,1,0,0,13,0,0,0,0,41,0,0,0,0,0,2,0,1605490,0,0,0,0,0,0,0
402,0,0,0,1763614,0,933,0,0,0,0,624,1,0,0,13,0,0,0,0,40,0,0,0,0,0,1,0,1561535,0,0,0,0,0,0,0
403,0,0,0,1785077,0,950,0,0,0,0,632,1,0,0,15,0,0,0,0,40,0,0,0,0,0,0,0,1572095,0,0,0,0,0,0,0
404,0,0,0,1753163,0,932,0,0,0,0,606,1,0,0,15,0,0,0,0,38,0,0,0,0,0,3,0,1557625,0,0,0,0,0,0,0
405,0,0,0,1758864,0,928,0,0,0,0,617,1,0,0,14,0,0,0,0,40,0,0,0,0,0,2,0,1622943,0,0,0,0,0,0,0
406,0,0,0,1771140,0,935,0,0,0,0,618,1,0,0,13,0,0,0,0,39,0,0,0,0,0,2,0,1584837,0,0,0,0,0,0,0
407,0,0,0,1763656,0,929,0,0,0,0,616,1,0,0,13,0,0,0,0,40,0,0,0,0,0,2,0,1601451,0,0,0,0,0,0,0
408,0,0,0,1756787,0,913,0,0,0,0,611,1,0,0,13,0,0,0,0,38,0,0,0,0,0,3,0,1604335,0,0,0,0,0,0,0
409,0,0,0,1738207,0,910,0,0,0,0,604,1,0,0,14,0,0,0,0,39,0,0,0,0,0,3,0,1607815,0,0,0,0,0,0,0
410,0,0,0,1723363,0,900,0,0,0,0,598,1,0,0,14,0,0,0,0,37,0,0,0,0,0,3,0,1607942,0,0,0,0,0,0,0
411,0,0,0,1765683,0,916,0,0,0,0,636,1,0,0,14,0,0,0,0,35,0,0,0,0,0,3,0,1564578,0,0,0,0,0,0,0
412,0,0,0,1755096,0,914,0,0,0,0,617,1,0,0,14,0,0,0,0,34,0,0,0,0,0,2,0,1578138,0,0,0,0,0,0,0
413,0,0,0,1735914,0,914,0,0,0,0,616,1,0,0,15,0,0,0,0,34,0,0,0,0,0,3,0,1533929,0,0,0,0,0,0,0
414,0,0,0,1727786,0,899,0,0,0,0,606,1,0,0,15,0,0,0,0,34,0,0,0,0,0,2,0,1611607,0,0,0,0,0,0,0
415,0,0,0,1736802,0,911,0,0,0,0,610,1,0,0,13,0,0,0,0,35,0,0,0,0,0,1,0,1558078,0,0,0,0,0,0,0
416,0,0,0,1749885,0,922,0,0,0,0,614,1,0,0,14,0,0,0,0,36,0,0,0,0,0,2,0,1591641,0,0,0,0,0,0,0
417,0,0,0,1747403,0,916,0,0,0,0,610,1,0,0,14,0,0,0,0,35,0,0,0,0,0,1,0,1587590,0,0,0,0,0,0,0
418,0,0,0,1767165,0,922,0,0,0,0,623,1,0,0,16,0,0,0,0,36,0,0,0,0,0,2,0,1585727,0,0,0,0,0,0,0
419,0,0,0,1750801,0,906,0,0,0,0,611,1,0,0,15,0,0,0,0,35,0,0,0,0,0,1,0,1575357,0,0,0,0,0,0,0
420,0,0,0,1721737,0,883,0,0,0,0,604,1,0,0,14,0,0,0,0,35,0,0,0,0,0,2,0,1566730,0,0,0,0,0,0,0
421,0,0,0,1736319,0,890,0,0,0,0,614,1,0,0,16,0,0,0,0,34,0,0,0,0,0,2,0,1554821,0,0,0,0,0,0,0
422,0,0,0,1637763,0,834,0,0,0,0,560,1,0,0,15,0,0,0,0,34,0,0,0,0,0,1,0,1559992,0,0,0,0,0,0,0
423,0,0,0,1591662,0,821,0,0,0,0,542,1,0,0,14,0,0,0,0,35,0,0,0,0,0,2,0,1474251,0,0,0,0,0,0,0
424,0,0,0,1674952,0,867,0,0,0,0,589,1,0,0,16,0,0,0,0,33,0,0,0,0,0,1,0,1493606,0,0,0,0,0,0,0
425,0,0,0,1670160,0,874,0,0,0,0,583,1,0,0,15,0,0,0,0,34,0,0,0,0,0,0,0,1529882,0,0,0,0,0,0,0
426,0,0,0,1685755,0,876,0,0,0,0,584,1,0,0,16,0,0,0,0,33,0,0,0,0,0,2,0,1562813,0,0,0,0,0,0,0
427,0,0,0,1688928,0,873,0,0,0,0,592,1,0,0,14,0,0,0,0,37,0,0,0,0,0,2,0,1566311,0,0,0,0,0,0,0
428,0,0,0,1671865,0,877,0,0,0,0,588,1,0,0,14,0,0,0,0,34,0,0,0,0,0,2,0,1492539,0,0,0,0,0,0,0
429,0,0,0,1673256,0,879,0,0,0,0,592,1,0,0,15,0,0,0,0,35,0,0,0,0,0,1,0,1556947,0,0,0,0,0,0,0
430,0,0,0,1619779,0,836,0,0,0,0,569,1,0,0,15,0,0,0,0,34,0,0,0,0,0,2,0,1491141,0,0,0,0,0,0,0
431,0,0,0,1637399,0,842,0,0,0,0,572,1,0,0,15,0,0,0,0,33,0,0,0,0,0,2,0,1484220,0,0,0,0,0,0,0
432,0,0,0,1688702,0,880,0,0,0,0,593,1,0,0,14,0,0,0,0,37,0,0,0,0,0,2,0,1553545,0,0,0,0,0,0,0
433,0,0,0,1687084,0,873,0,0,0,0,597,1,0,0,14,0,0,0,0,36,0,0,0,0,0,2,0,1557042,0,0,0,0,0,0,0
434,0,0,0,1656875,0,865,0,0,0,0,593,1,0,0,15,0,0,0,0,36,0,0,0,0,0,2,0,1527277,0,0,0,0,0,0,0
435,0,0,0,1669447,0,861,0,0,0,0,590,1,0,0,15,0,0,0,0,36,0,0,0,0,0,1,0,1523290,0,0,0,0,0,0,0
436,0,0,0,1655546,0,862,0,0,0,0,579,1,0,0,14,0,0,0,0,35,0,0,0,0,0,2,0,1521134,0,0,0,0,0,0,0
437,0,0,0,1654185,0,861,0,0,0,0,585,1,0,0,16,0,0,0,0,35,0,0,0,0,0,2,0,1525530,0,0,0,0,0,0,0
438,0,0,0,1647827,0,853,0,0,0,0,569,1,0,0,15,0,0,0,0,35,0,0,0,0,0,2,0,1526192,0,0,0,0,0,0,0
439,0,0,0,1637933,0,847,0,0,0,0,568,1,0,0,15,0,0,0,0,34,0,0,0,0,0,2,0,1516606,0,0,0,0,0,0,0
440,0,0,0,1610789,0,813,0,0,0,0,555,0,0,0,16,0,0,0,0,35,0,0,0,0,0,2,0,1510337,0,0,0,0,0,0,0
441,0,0,0,1691006,0,879,0,0,0,0,610,0,0,0,16,0,0,0,0,36,0,0,0,0,0,1,0,1529080,0,0,0,0,0,0,0
442,0,0,0,1662578,0,859,0,0,0,0,603,0,0,0,16,0,0,0,0,33,0,0,0,0,0,0,0,1499364,0,0,0,0,0,0,0
443,0,0,0,1659405,0,856,0,0,0,0,589,0,0,0,15,0,0,0,0,32,0,0,0,0,0,1,0,1530430,0,0,0,0,0,0,0
444,0,0,0,1655383,0,856,0,0,0,0,586,0,0,0,14,0,0,0,0,32,0,0,0,0,0,2,0,1527907,0,0,0,0,0,0,0
445,0,0,0,1630810,0,847,0,0,0,0,574,0,0,0,14,0,0,0,0,33,0,0,0,0,0,2,0,1420427,0,0,0,0,0,0,0
446,0,0,0,1607004,0,821,0,0,0,0,560,0,0,0,13,0,0,0,0,29,0,0,0,0,0,2,0,1489298,0,0,0,0,0,0,0
447,0,0,0,1601991,0,815,0,0,0,0,560,0,0,0,13,0,0,0,0,30,0,0,0,0,0,2,0,1482168,0,0,0,0,0,0,0
448,0,0,0,1586396,0,825,0,0,0,0,554,0,0,0,13,0,0,0,0,30,0,0,0,0,0,2,0,1452681,0,0,0,0,0,0,0
449,0,0,0,1566166,0,804,0,0,0,0,543,0,0,0,13,0,0,0,0,30,0,0,0,0,0,1,0,1463795,0,0,0,0,0,0,0
450,0,0,0,1546271,0,792,0,0,0,0,540,0,0,0,14,0,0,0,0,30,0,0,0,0,0,1,0,1453868,0,0,0,0,0,0,0
451,0,0,0,1524373,0,792,0,0,0,0,531,0,0,0,14,0,0,0,0,28,0,0,0,0,0,2,0,1444034,0,0,0,0,0,0,0
452,0,0,0,1496968,0,758,0,0,0,0,512,0,0,0,14,0,0,0,0,28,0,0,0,0,0,1,0,1433136,0,0,0,0,0,0,0
453,0,0,0,1477572,0,755,0,0,0,0,508,0,0,0,13,0,0,0,0,29,0,0,0,0,0,2,0,1411194,0,0,0,0,0,0,0
454,0,0,0,1415822,0,731,0,0,0,0,484,0,0,0,13,0,0,0,0,28,0,0,0,0,0,2,0,1296403,0,0,0,0,0,0,0
455,0,0,0,1496973,0,769,0,0,0,0,523,0,0,0,13,0,0,0,0,27,0,0,0,0,0,2,0,1366119,0,0,0,0,0,0,0
456,0,0,0,1504665,0,783,0,0,0,0,532,0,0,0,13,0,0,0,0,28,0,0,0,0,0,1,0,1397464,0,0,0,0,0,0,0
457,0,0,0,1533438,0,797,0,0,0,0,540,0,0,0,14,0,0,0,0,29,0,0,0,0,0,2,0,1384603,0,0,0,0,0,0,0
458,0,0,0,1524411,0,790,0,0,0,0,544,0,0,0,14,0,0,0,0,28,0,0,0,0,0,0,0,1399629,0,0,0,0,0,0,0
459,0,0,0,1492482,0,776,0,0,0,0,526,0,0,0,14,0,0,0,0,26,0,0,0,0,0,1,0,1369458,0,0,0,0,0,0,0
460,0,0,0,1511671,0,796,0,0,0,0,542,0,0,0,14,0,0,0,0,29,0,0,0,0,0,0,0,1345360,0,0,0,0,0,0,0
461,0,0,0,1485892,0,776,0,0,0,0,524,0,0,0,14,0,0,0,0,29,0,0,0,0,0,0,0,1331728,0,0,0,0,0,0,0
462,0,0,0,1466489,0,752,0,0,0,0,516,0,0,0,10,0,0,0,0,28,0,0,0,0,0,1,0,1280133,0,0,0,0,0,0,0
463,0,0,0,1463488,0,764,0,0,0,0,517,0,0,0,13,0,0,0,0,29,0,0,0,0,0,1,0,1334164,0,0,0,0,0,0,0
464,0,0,0,1454569,0,762,0,0,0,0,513,0,0,0,13,0,0,0,0,27,0,0,0,0,0,1,0,1274286,0,0,0,0,0,0,0
465,0,0,0,1441053,0,765,0,0,0,0,499,0,0,0,13,0,0,0,0,27,0,0,0,0,0,1,0,1320235,0,0,0,0,0,0,0
466,0,0,0,1435319,0,763,0,0,0,0,507,0,0,0,12,0,0,0,0,27,0,0,0,0,0,1,0,1288052,0,0,0,0,0,0,0
467,0,0,0,1433100,0,756,0,0,0,0,511,0,0,0,12,0,0,0,0,27,0,0,0,0,0,0,0,1270892,0,0,0,0,0,0,0
468,0,0,0,1419010,0,751,0,0,0,0,504,0,0,0,12,0,0,0,0,26,0,0,0,0,0,1,0,1248878,0,0,0,0,0,0,0
469,0,0,0,1335328,0,708,0,0,0,0,479,0,0,0,14,0,0,0,0,26,0,0,0,0,0,0,0,1189745,0,0,0,0,0,0,0
470,0,0,0,1326556,0,702,0,0,0,0,481,0,0,0,13,0,0,0,0,24,0,0,0,0,0,0,0,1156268,0,0,0,0,0,0,0
471,0,0,0,1311384,0,688,0,0,0,0,477,0,0,0,13,0,0,0,0,25,0,0,0,0,0,1,0,1146371,0,0,0,0,0,0,0
472,0,0,0,1308170,0,692,0,0,0,0,479,0,0,0,14,0,0,0,0,25,0,0,0,0,0,0,0,1134263,0,0,0,0,0,0,0
473,0,0,0,1290361,0,691,0,0,0,0,472,0,0,0,12,0,0,0,0,24,0,0,0,0,0,1,0,1129028,0,0,0,0,0,0,0
474,0,0,0,1280718,0,680,0,0,0,0,464,0,0,0,13,0,0,0,0,24,0,0,0,0,0,1,0,1016749,0,0,0,0,0,0,0
475,0,0,0,1269312,0,680,0,0,0,0,462,0,0,0,13,0,0,0,0,24,0,0,0,0,0,1,0,1116651,0,0,0,0,0,0,0
476,0,0,0,1263057,0,682,0,0,0,0,460,0,0,0,12,0,0,0,0,24,0,0,0,0,0,1,0,1105080,0,0,0,0,0,0,0
477,0,0,0,1257927,0,672,0,0,0,0,463,0,0,0,11,0,0,0,0,22,0,0,0,0,0,1,0,1091573,0,0,0,0,0,0,0
478,0,0,0,1251364,0,676,0,0,0,0,462,0,0,0,12,0,0,0,0,21,0,0,0,0,0,0,0,1076831,0,0,0,0,0,0,0
479,0,0,0,1210909,0,663,0,0,0,0,448,0,0,0,12,0,0,0,0,21,0,0,0,0,0,1,0,1047269,0,0,0,0,0,0,0
480,0,0,0,1197090,0,650,0,0,0,0,445,0,0,0,12,0,0,0,0,21,0,0,0,0,0,1,0,1033731,0,0,0,0,0,0,0
481,0,0,0,1190445,0,647,0,0,0,0,447,0,0,0,13,0,0,0,0,21,0,0,0,0,0,0,0,1019692,0,0,0,0,0,0,0
482,0,0,0,1169852,0,626,0,0,0,0,431,0,0,0,12,0,0,0,0,21,0,0,0,0,0,1,0,998732,0,0,0,0,0,0,0
483,0,0,0,1165954,0,622,0,0,0,0,432,0,0,0,11,0,0,0,0,21,0,0,0,0,0,1,0,997219,0,0,0,0,0,0,0
484,0,0,0,1155922,0,617,0,0,0,0,427,0,0,0,12,0,0,0,0,21,0,0,0,0,0,0,0,996349,0,0,0,0,0,0,0
485,0,0,0,1141368,0,607,0,0,0,0,420,0,0,0,13,0,0,0,0,21,0,0,0,0,0,1,0,991484,0,0,0,0,0,0,0
486,0,0,0,1126999,0,598,0,0,0,0,416,0,0,0,10,0,0,0,0,20,0,0,0,0,0,0,0,979923,0,0,0,0,0,0,0
487,0,0,0,1109494,0,588,0,0,0,0,409,0,0,0,11,0,0,0,0,20,0,0,0,0,0,0,0,971209,0,0,0,0,0,0,0
488,0,0,0,1125968,0,599,0,0,0,0,417,0,0,0,10,0,0,0,0,22,0,0,0,0,0,0,0,958155,0,0,0,0,0,0,0
489,0,0,0,1100440,0,587,0,0,0,0,408,0,0,0,11,0,0,0,0,19,0,0,0,0,0,0,0,932928,0,0,0,0,0,0,0
490,0,0,0,1088590,0,574,0,0,0,0,407,0,0,0,10,0,0,0,0,20,0,0,0,0,0,1,0,920808,0,0,0,0,0,0,0
491,0,0,0,1074555,0,566,0,0,0,0,397,0,0,0,10,0,0,0,0,20,0,0,0,0,0,0,0,904457,0,0,0,0,0,0,0
492,0,0,0,1069768,0,567,0,0,0,0,394,0,0,0,10,0,0,0,0,19,0,0,0,0,0,0,0,890270,0,0,0,0,0,0,0
493,0,0,0,1015230,0,537,0,0,0,0,372,0,0,0,10,0,0,0,0,19,0,0,0,0,0,1,0,873303,0,0,0,0,0,0,0
494,0,0,0,991827,0,526,0,0,0,0,360,0,0,0,10,0,0,0,0,19,0,0,0,0,0,0,0,858950,0,0,0,0,0,0,0
495,0,0,0,999799,0,524,0,0,0,0,364,0,0,0,10,0,0,0,0,19,0,0,0,0,0,1,0,866582,0,0,0,0,0,0,0
496,0,0,0,988172,0,519,0,0,0,0,357,0,0,0,11,0,0,0,0,19,0,0,0,0,0,1,0,858228,0,0,0,0,0,0,0
497,0,0,0,978660,0,506,0,0,0,0,347,0,0,0,10,0,0,0,0,19,0,0,0,0,0,0,0,854749,0,0,0,0,0,0,0
498,0,0,0,968928,0,500,0,0,0,0,351,0,0,0,11,0,0,0,0,17,0,0,0,0,0,0,0,848742,0,0,0,0,0,0,0
499,0,0,0,962188,0,503,0,0,0,0,353,0,0,0,10,0,0,0,0,17,0,0,0,0,0,0,0,833603,0,0,0,0,0,0,0
500,0,0,0,953886,0,497,0,0,0,0,352,0,0,0,9,0,0,0,0,16,0,0,0,0,0,0,0,804526,0,0,0,0,0,0,0
501,0,0,0,938670,0,488,0,0,0,0,338,0,0,0,10,0,0,0,0,16,0,0,0,0,0,1,0,783060,0,0,0,0,0,0,0
502,0,0,0,933454,0,483,0,0,0,0,341,0,0,0,9,0,0,0,0,17,0,0,0,0,0,1,0,777525,0,0,0,0,0,0,0
503,0,0,0,922111,0,473,0,0,0,0,334,0,0,0,9,0,0,0,0,17,0,0,0,0,0,1,0,772891,0,0,0,0,0,0,0
504,0,0,0,912216,0,464,0,0,0,0,328,0,0,0,9,0,0,0,0,17,0,0,0,0,0,1,0,763314,0,0,0,0,0,0,0
505,0,0,0,897903,0,460,0,0,0,0,325,0,0,0,8,0,0,0,0,17,0,0,0,0,0,0,0,747792,0,0,0,0,0,0,0
506,0,0,0,872653,0,444,0,0,0,0,309,0,0,0,9,0,0,0,0,16,0,0,0,0,0,1,0,729599,0,0,0,0,0,0,0
507,0,0,0,883895,0,457,0,0,0,0,321,0,0,0,8,0,0,0,0,16,0,0,0,0,0,0,0,728639,0,0,0,0,0,0,0
508,0,0,0,869928,0,453,0,0,0,0,319,0,0,0,9,0,0,0,0,16,0,0,0,0,0,0,0,709718,0,0,0,0,0,0,0
509,0,0,0,845522,0,440,0,0,0,0,302,0,0,0,9,0,0,0,0,17,0,0,0,0,0,1,0,702330,0,0,0,0,0,0,0
510,0,0,0,833659,0,431,0,0,0,0,304,0,0,0,8,0,0,0,0,18,0,0,0,0,0,0,0,694747,0,0,0,0,0,0,0
511,0,0,0,814780,0,426,0,0,0,0,294,0,0,0,8,0,0,0,0,17,0,0,0,0,0,0,0,677679,0,0,0,0,0,0,0
512,0,0,0,802172,0,418,0,0,0,0,287,0,0,0,9,0,0,0,0,17,0,0,0,0,0,1,0,662772,0,0,0,0,0,0,0
513,0,0,0,795189,0,415,0,0,0,0,287,0,0,0,9,0,0,0,0,17,0,0,0,0,0,1,0,657968,0,0,0,0,0,0,0
514,0,0,0,780166,0,410,0,0,0,0,279,0,0,0,9,0,0,0,0,17,0,0,0,0,0,1,0,655705,0,0,0,0,0,0,0
515,0,0,0,774113,0,410,0,0,0,0,275,0,0,0,8,0,0,0,0,17,0,0,0,0,0,1,0,629107,0,0,0,0,0,0,0
516,0,0,0,764517,0,405,0,0,0,0,273,0,0,0,9,0,0,0,0,17,0,0,0,0,0,1,0,650245,0,0,0,0,0,0,0
517,0,0,0,754578,0,407,0,0,0,0,268,0,0,0,9,0,0,0,0,17,0,0,0,0,0,1,0,644375,0,0,0,0,0,0,0
518,0,0,0,742046,0,401,0,0,0,0,261,0,0,0,9,0,0,0,0,17,0,0,0,0,0,1,0,622723,0,0,0,0,0,0,0
519,0,0,0,729517,0,390,0,0,0,0,259,0,0,0,8,0,0,0,0,15,0,0,0,0,0,1,0,605461,0,0,0,0,0,0,0
520,0,0,0,722046,0,393,0,0,0,0,258,0,0,0,8,0,0,0,0,16,0,0,0,0,0,1,0,584023,0,0,0,0,0,0,0
521,0,0,0,716891,0,394,0,0,0,0,256,0,0,0,9,0,0,0,0,16,0,0,0,0,0,1,0,570957,0,0,0,0,0,0,0
522,0,0,0,707275,0,382,0,0,0,0,248,0,0,0,9,0,0,0,0,16,0,0,0,0,0,1,0,561741,0,0,0,0,0,0,0
523,0,0,0,698708,0,379,0,0,0,0,240,0,0,0,9,0,0,0,0,15,0,0,0,0,0,1,0,554185,0,0,0,0,0,0,0
524,0,0,0,690418,0,373,0,0,0,0,239,0,0,0,8,0,0,0,0,15,0,0,0,0,0,1,0,547211,0,0,0,0,0,0,0
525,0,0,0,684344,0,366,0,0,0,0,241,0,0,0,9,0,0,0,0,15,0,0,0,0,0,0,0,531503,0,0,0,0,0,0,0
526,0,0,0,672168,0,351,0,0,0,0,241,0,0,0,6,0,0,0,0,15,0,0,0,0,0,1,0,512446,0,0,0,0,0,0,0
527,0,0,0,661974,0,347,0,0,0,0,236,0,0,0,6,0,0,0,0,15,0,0,0,0,0,0,0,497996,0,0,0,0,0,0,0
528,0,0,0,651280,0,345,0,0,0,0,235,0,0,0,6,0,0,0,0,15,0,0,0,0,0,0,0,475339,0,0,0,0,0,0,0
529,0,0,0,644638,0,343,0,0,0,0,232,0,0,0,6,0,0,0,0,14,0,0,0,0,0,0,0,456172,0,0,0,0,0,0,0
530,0,0,0,636687,0,334,0,0,0,0,232,0,0,0,6,0,0,0,0,15,0,0,0,0,0,0,0,448885,0,0,0,0,0,0,0
531,0,0,0,631263,0,332,0,0,0,0,227,0,0,0,6,0,0,0,0,15,0,0,0,0,0,0,0,439787,0,0,0,0,0,0,0
532,0,0,0,623576,0,331,0,0,0,0,225,0,0,0,6,0,0,0,0,15,0,0,0,0,0,0,0,437890,0,0,0,0,0,0,0
533,0,0,0,618190,0,323,0,0,0,0,227,0,0,0,6,0,0,0,0,15,0,0,0,0,0,0,0,433211,0,0,0,0,0,0,0
534,0,0,0,610803,0,322,0,0,0,0,222,0,0,0,6,0,0,0,0,15,0,0,0,0,0,0,0,430705,0,0,0,0,0,0,0
535,0,0,0,602804,0,315,0,0,0,0,223,0,0,0,6,0,0,0,0,15,0,0,0,0,0,0,0,418884,0,0,0,0,0,0,0
536,0,0,0,593513,0,306,0,0,0,0,220,0,0,0,6,0,0,0,0,15,0,0,0,0,0,0,0,408610,0,0,0,0,0,0,0
537,0,0,0,583843,0,303,0,0,0,0,216,0,0,0,6,0,0,0,0,15,0,0,0,0,0,0,0,385828,0,0,0,0,0,0,0
538,0,0,0,578971,0,301,0,0,0,0,218,0,0,0,6,0,0,0,0,15,0,0,0,0,0,0,0,371821,0,0,0,0,0,0,0
539,0,0,0,567897,0,295,0,0,0,0,211,0,0,0,6,0,0,0,0,15,0,0,0,0,0,0,0,338416,0,0,0,0,0,0,0
540,0,0,0,558509,0,293,0,0,0,0,210,0,0,0,5,0,0,0,0,15,0,0,0,0,0,0,0,328230,0,0,0,0,0,0,0
541,0,0,0,550473,0,286,0,0,0,0,205,0,0,0,4,0,0,0,0,15,0,0,0,0,0,0,0,324950,0,0,0,0,0,0,0
542,0,0,0,540353,0,282,0,0,0,0,206,0,0,0,4,0,0,0,0,14,0,0,0,0,0,0,0,314584,0,0,0,0,0,0,0
543,0,0,0,533849,0,282,0,0,0,0,198,0,0,0,4,0,0,0,0,14,0,0,0,0,0,0,0,319736,0,0,0,0,0,0,0
544,0,0,0,526116,0,277,0,0,0,0,194,0,0,0,4,0,0,0,0,14,0,0,0,0,0,0,0,314528,0,0,0,0,0,0,0
545,0,0,0,515769,0,271,0,0,0,0,193,0,0,0,4,0,0,0,0,14,0,0,0,0,0,0,0,304271,0,0,0,0,0,0,0
546,0,0,0,503942,0,259,0,0,0,0,190,0,0,0,4,0,0,0,0,13,0,0,0,0,0,0,0,287647,0,0,0,0,0,0,0
547,0,0,0,447727,0,234,0,0,0,0,169,0,0,0,4,0,0,0,0,12,0,0,0,0,0,0,0,275495,0,0,0,0,0,0,0
548,0,0,0,440827,0,228,0,0,0,0,166,0,0,0,2,0,0,0,0,12,0,0,0,0,0,0,0,270489,0,0,0,0,0,0,0
549,0,0,0,424060,0,221,0,0,0,0,163,0,0,0,2,0,0,0,0,11,0,0,0,0,0,0,0,264043,0,0,0,0,0,0,0
550,0,0,0,413854,0,214,0,0,0,0,158,0,0,0,2,0,0,0,0,11,0,0,0,0,0,0,0,256296,0,0,0,0,0,0,0
551,0,0,0,405337,0,201,0,0,0,0,154,0,0,0,2,0,0,0,0,11,0,0,0,0,0,0,0,249976,0,0,0,0,0,0,0
552,0,0,0,399559,0,201,0,0,0,0,152,0,0,0,2,0,0,0,0,11,0,0,0,0,0,0,0,252192,0,0,0,0,0,0,0
553,0,0,0,392002,0,195,0,0,0,0,151,0,0,0,2,0,0,0,0,9,0,0,0,0,0,0,0,246102,0,0,0,0,0,0,0
554,0,0,0,383058,0,194,0,0,0,0,150,0,0,0,1,0,0,0,0,9,0,0,0,0,0,0,0,226672,0,0,0,0,0,0,0
555,0,0,0,376335,0,188,0,0,0,0,147,0,0,0,1,0,0,0,0,9,0,0,0,0,0,0,0,223503,0,0,0,0,0,0,0
556,0,0,0,367339,0,186,0,0,0,0,141,0,0,0,1,0,0,0,0,9,0,0,0,0,0,0,0,218502,0,0,0,0,0,0,0
557,0,0,0,361455,0,186,0,0,0,0,141,0,0,0,1,0,0,0,0,9,0,0,0,0,0,0,0,210946,0,0,0,0,0,0,0
558,0,0,0,354753,0,188,0,0,0,0,138,0,0,0,1,0,0,0,0,9,0,0,0,0,0,0,0,200842,0,0,0,0,0,0,0
559,0,0,0,343883,0,179,0,0,0,0,130,0,0,0,1,0,0,0,0,9,0,0,0,0,0,0,0,195658,0,0,0,0,0,0,0
560,0,0,0,334864,0,171,0,0,0,0,126,0,0,0,1,0,0,0,0,9,0,0,0,0,0,0,0,180900,0,0,0,0,0,0,0
561,0,0,0,328781,0,172,0,0,0,0,125,0,0,0,1,0,0,0,0,9,0,0,0,0,0,0,0,179789,0,0,0,0,0,0,0
562,0,0,0,320719,0,168,0,0,0,0,119,0,0,0,1,0,0,0,0,8,0,0,0,0,0,0,0,167964,0,0,0,0,0,0,0
563,0,0,0,313227,0,162,0,0,0,0,118,0,0,0,1,0,0,0,0,8,0,0,0,0,0,0,0,155418,0,0,0,0,0,0,0
564,0,0,0,305286,0,157,0,0,0,0,118,0,0,0,1,0,0,0,0,7,0,0,0,0,0,0,0,148239,0,0,0,0,0,0,0
565,0,0,0,296147,0,153,0,0,0,0,114,0,0,0,1,0,0,0,0,7,0,0,0,0,0,0,0,141955,0,0,0,0,0,0,0
566,0,0,0,289832,0,153,0,0,0,0,112,0,0,0,1,0,0,0,0,7,0,0,0,0,0,0,0,137451,0,0,0,0,0,0,0
567,0,0,0,247453,0,127,0,0,0,0,90,0,0,0,1,0,0,0,0,6,0,0,0,0,0,0,0,123551,0,0,0,0,0,0,0
568,0,0,0,236904,0,125,0,0,0,0,86,0,0,0,1,0,0,0,0,6,0,0,0,0,0,0,0,118877,0,0,0,0,0,0,0
569,0,0,0,156935,0,81,0,0,0,0,52,0,0,0,1,0,0,0,0,6,0,0,0,0,0,0,0,111479,0,0,0,0,0,0,0
570,0,0,0,141979,0,74,0,0,0,0,45,0,0,0,1,0,0,0,0,5,0,0,0,0,0,0,0,91717,0,0,0,0,0,0,0
571,0,0,0,131550,0,68,0,0,0,0,44,0,0,0,1,0,0,0,0,5,0,0,0,0,0,0,0,85876,0,0,0,0,0,0,0
572,0,0,0,127373,0,68,0,0,0,0,43,0,0,0,1,0,0,0,0,5,0,0,0,0,0,0,0,82251,0,0,0,0,0,0,0
573,0,0,0,124111,0,65,0,0,0,0,41,0,0,0,1,0,0,0,0,5,0,0,0,0,0,0,0,78772,0,0,0,0,0,0,0
574,0,0,0,115868,0,62,0,0,0,0,39,0,0,0,1,0,0,0,0,5,0,0,0,0,0,0,0,72885,0,0,0,0,0,0,0
575,0,0,0,109508,0,59,0,0,0,0,35,0,0,0,1,0,0,0,0,3,0,0,0,0,0,0,0,69343,0,0,0,0,0,0,0
576,0,0,0,90359,0,48,0,0,0,0,29,0,0,0,1,0,0,0,0,3,0,0,0,0,0,0,0,63407,0,0,0,0,0,0,0
577,0,0,0,81940,0,46,0,0,0,0,22,0,0,0,1,0,0,0,0,3,0,0,0,0,0,0,0,57393,0,0,0,0,0,0,0
578,0,0,0,74250,0,44,0,0,0,0,20,0,0,0,1,0,0,0,0,3,0,0,0,0,0,0,0,55629,0,0,0,0,0,0,0
579,0,0,0,66103,0,39,0,0,0,0,18,0,0,0,1,0,0,0,0,3,0,0,0,0,0,0,0,51704,0,0,0,0,0,0,0
580,0,0,0,58593,0,32,0,0,0,0,17,0,0,0,1,0,0,0,0,3,0,0,0,0,0,0,0,47295,0,0,0,0,0,0,0
581,0,0,0,52605,0,28,0,0,0,0,15,0,0,0,1,0,0,0,0,3,0,0,0,0,0,0,0,42406,0,0,0,0,0,0,0
582,0,0,0,46240,0,25,0,0,0,0,13,0,0,0,1,0,0,0,0,3,0,0,0,0,0,0,0,36832,0,0,0,0,0,0,0
583,0,0,0,39171,0,22,0,0,0,0,10,0,0,0,0,0,0,0,0,3,0,0,0,0,0,0,0,29742,0,0,0,0,0,0,0
584,0,0,0,32446,0,17,0,0,0,0,7,0,0,0,0,0,0,0,0,1,0,0,0,0,0,0,0,28103,0,0,0,0,0,0,0
585,0,0,0,25874,0,12,0,0,0,0,7,0,0,0,0,0,0,0,0,2,0,0,0,0,0,0,0,25093,0,0,0,0,0,0,0
586,0,0,0,20070,0,8,0,0,0,0,7,0,0,0,0,0,0,0,0,2,0,0,0,0,0,0,0,20994,0,0,0,0,0,0,0
587,0,0,0,13289,0,5,0,0,0,0,3,0,0,0,0,0,0,0,0,2,0,0,0,0,0,0,0,15764,0,0,0,0,0,0,0
588,0,0,0,7212,0,2,0,0,0,0,2,0,0,0,0,0,0,0,0,1,0,0,0,0,0,0,0,12126,0,0,0,0,0,0,0
